// SPDX-License-Identifier: MIT
// Copyright (c) 2018-2024, Advanced Micro Devices, Inc. All rights reserved.
#include "fmha_hsaco.hpp"

unsigned char bwd_hd128_fp32_pssk[] = {
0x7F, 0x45, 0x4C, 0x46, 0x02, 0x01, 0x01, 0x40, 0x04, 0x00, 0x00, 0x00, 0x00, 0x00, 0x00, 0x00, 
0x03, 0x00, 0xE0, 0x00, 0x01, 0x00, 0x00, 0x00, 0x00, 0x00, 0x00, 0x00, 0x00, 0x00, 0x00, 0x00, 
0x40, 0x00, 0x00, 0x00, 0x00, 0x00, 0x00, 0x00, 0xE0, 0x41, 0x01, 0x00, 0x00, 0x00, 0x00, 0x00, 
0x4F, 0x05, 0x00, 0x00, 0x40, 0x00, 0x38, 0x00, 0x08, 0x00, 0x40, 0x00, 0x0E, 0x00, 0x0C, 0x00, 
0x06, 0x00, 0x00, 0x00, 0x04, 0x00, 0x00, 0x00, 0x40, 0x00, 0x00, 0x00, 0x00, 0x00, 0x00, 0x00, 
0x40, 0x00, 0x00, 0x00, 0x00, 0x00, 0x00, 0x00, 0x40, 0x00, 0x00, 0x00, 0x00, 0x00, 0x00, 0x00, 
0xC0, 0x01, 0x00, 0x00, 0x00, 0x00, 0x00, 0x00, 0xC0, 0x01, 0x00, 0x00, 0x00, 0x00, 0x00, 0x00, 
0x08, 0x00, 0x00, 0x00, 0x00, 0x00, 0x00, 0x00, 0x01, 0x00, 0x00, 0x00, 0x04, 0x00, 0x00, 0x00, 
0x00, 0x00, 0x00, 0x00, 0x00, 0x00, 0x00, 0x00, 0x00, 0x00, 0x00, 0x00, 0x00, 0x00, 0x00, 0x00, 
0x00, 0x00, 0x00, 0x00, 0x00, 0x00, 0x00, 0x00, 0xC0, 0x14, 0x00, 0x00, 0x00, 0x00, 0x00, 0x00, 
0xC0, 0x14, 0x00, 0x00, 0x00, 0x00, 0x00, 0x00, 0x00, 0x10, 0x00, 0x00, 0x00, 0x00, 0x00, 0x00, 
0x01, 0x00, 0x00, 0x00, 0x05, 0x00, 0x00, 0x00, 0x00, 0x15, 0x00, 0x00, 0x00, 0x00, 0x00, 0x00, 
0x00, 0x25, 0x00, 0x00, 0x00, 0x00, 0x00, 0x00, 0x00, 0x25, 0x00, 0x00, 0x00, 0x00, 0x00, 0x00, 
0x14, 0x2A, 0x01, 0x00, 0x00, 0x00, 0x00, 0x00, 0x14, 0x2A, 0x01, 0x00, 0x00, 0x00, 0x00, 0x00, 
0x00, 0x10, 0x00, 0x00, 0x00, 0x00, 0x00, 0x00, 0x01, 0x00, 0x00, 0x00, 0x06, 0x00, 0x00, 0x00, 
0x18, 0x3F, 0x01, 0x00, 0x00, 0x00, 0x00, 0x00, 0x18, 0x5F, 0x01, 0x00, 0x00, 0x00, 0x00, 0x00, 
0x18, 0x5F, 0x01, 0x00, 0x00, 0x00, 0x00, 0x00, 0x70, 0x00, 0x00, 0x00, 0x00, 0x00, 0x00, 0x00, 
0xE8, 0x00, 0x00, 0x00, 0x00, 0x00, 0x00, 0x00, 0x00, 0x10, 0x00, 0x00, 0x00, 0x00, 0x00, 0x00, 
0x02, 0x00, 0x00, 0x00, 0x06, 0x00, 0x00, 0x00, 0x18, 0x3F, 0x01, 0x00, 0x00, 0x00, 0x00, 0x00, 
0x18, 0x5F, 0x01, 0x00, 0x00, 0x00, 0x00, 0x00, 0x18, 0x5F, 0x01, 0x00, 0x00, 0x00, 0x00, 0x00, 
0x70, 0x00, 0x00, 0x00, 0x00, 0x00, 0x00, 0x00, 0x70, 0x00, 0x00, 0x00, 0x00, 0x00, 0x00, 0x00, 
0x08, 0x00, 0x00, 0x00, 0x00, 0x00, 0x00, 0x00, 0x52, 0xE5, 0x74, 0x64, 0x04, 0x00, 0x00, 0x00, 
0x18, 0x3F, 0x01, 0x00, 0x00, 0x00, 0x00, 0x00, 0x18, 0x5F, 0x01, 0x00, 0x00, 0x00, 0x00, 0x00, 
0x18, 0x5F, 0x01, 0x00, 0x00, 0x00, 0x00, 0x00, 0x70, 0x00, 0x00, 0x00, 0x00, 0x00, 0x00, 0x00, 
0xE8, 0x00, 0x00, 0x00, 0x00, 0x00, 0x00, 0x00, 0x01, 0x00, 0x00, 0x00, 0x00, 0x00, 0x00, 0x00, 
0x51, 0xE5, 0x74, 0x64, 0x06, 0x00, 0x00, 0x00, 0x00, 0x00, 0x00, 0x00, 0x00, 0x00, 0x00, 0x00, 
0x00, 0x00, 0x00, 0x00, 0x00, 0x00, 0x00, 0x00, 0x00, 0x00, 0x00, 0x00, 0x00, 0x00, 0x00, 0x00, 
0x00, 0x00, 0x00, 0x00, 0x00, 0x00, 0x00, 0x00, 0x00, 0x00, 0x00, 0x00, 0x00, 0x00, 0x00, 0x00, 
0x00, 0x00, 0x00, 0x00, 0x00, 0x00, 0x00, 0x00, 0x04, 0x00, 0x00, 0x00, 0x04, 0x00, 0x00, 0x00, 
0x00, 0x02, 0x00, 0x00, 0x00, 0x00, 0x00, 0x00, 0x00, 0x02, 0x00, 0x00, 0x00, 0x00, 0x00, 0x00, 
0x00, 0x02, 0x00, 0x00, 0x00, 0x00, 0x00, 0x00, 0xB0, 0x11, 0x00, 0x00, 0x00, 0x00, 0x00, 0x00, 
0xB0, 0x11, 0x00, 0x00, 0x00, 0x00, 0x00, 0x00, 0x04, 0x00, 0x00, 0x00, 0x00, 0x00, 0x00, 0x00, 
0x07, 0x00, 0x00, 0x00, 0x9A, 0x11, 0x00, 0x00, 0x20, 0x00, 0x00, 0x00, 0x41, 0x4D, 0x44, 0x47, 
0x50, 0x55, 0x00, 0x00, 0x82, 0xAE, 0x61, 0x6D, 0x64, 0x68, 0x73, 0x61, 0x2E, 0x6B, 0x65, 0x72, 
0x6E, 0x65, 0x6C, 0x73, 0x91, 0x8C, 0xA5, 0x2E, 0x61, 0x72, 0x67, 0x73, 0xDC, 0x00, 0x3B, 0x86, 
0xAE, 0x2E, 0x61, 0x63, 0x74, 0x75, 0x61, 0x6C, 0x5F, 0x61, 0x63, 0x63, 0x65, 0x73, 0x73, 0xAA, 
0x72, 0x65, 0x61, 0x64, 0x5F, 0x77, 0x72, 0x69, 0x74, 0x65, 0xAE, 0x2E, 0x61, 0x64, 0x64, 0x72, 
0x65, 0x73, 0x73, 0x5F, 0x73, 0x70, 0x61, 0x63, 0x65, 0xA6, 0x67, 0x6C, 0x6F, 0x62, 0x61, 0x6C, 
0xA5, 0x2E, 0x6E, 0x61, 0x6D, 0x65, 0xA2, 0x64, 0x51, 0xA7, 0x2E, 0x6F, 0x66, 0x66, 0x73, 0x65, 
0x74, 0x00, 0xA5, 0x2E, 0x73, 0x69, 0x7A, 0x65, 0x08, 0xAB, 0x2E, 0x76, 0x61, 0x6C, 0x75, 0x65, 
0x5F, 0x6B, 0x69, 0x6E, 0x64, 0xAD, 0x67, 0x6C, 0x6F, 0x62, 0x61, 0x6C, 0x5F, 0x62, 0x75, 0x66, 
0x66, 0x65, 0x72, 0x86, 0xAE, 0x2E, 0x61, 0x63, 0x74, 0x75, 0x61, 0x6C, 0x5F, 0x61, 0x63, 0x63, 
0x65, 0x73, 0x73, 0xAA, 0x72, 0x65, 0x61, 0x64, 0x5F, 0x77, 0x72, 0x69, 0x74, 0x65, 0xAE, 0x2E, 
0x61, 0x64, 0x64, 0x72, 0x65, 0x73, 0x73, 0x5F, 0x73, 0x70, 0x61, 0x63, 0x65, 0xA6, 0x67, 0x6C, 
0x6F, 0x62, 0x61, 0x6C, 0xA5, 0x2E, 0x6E, 0x61, 0x6D, 0x65, 0xA2, 0x64, 0x4B, 0xA7, 0x2E, 0x6F, 
0x66, 0x66, 0x73, 0x65, 0x74, 0x08, 0xA5, 0x2E, 0x73, 0x69, 0x7A, 0x65, 0x08, 0xAB, 0x2E, 0x76, 
0x61, 0x6C, 0x75, 0x65, 0x5F, 0x6B, 0x69, 0x6E, 0x64, 0xAD, 0x67, 0x6C, 0x6F, 0x62, 0x61, 0x6C, 
0x5F, 0x62, 0x75, 0x66, 0x66, 0x65, 0x72, 0x86, 0xAE, 0x2E, 0x61, 0x63, 0x74, 0x75, 0x61, 0x6C, 
0x5F, 0x61, 0x63, 0x63, 0x65, 0x73, 0x73, 0xAA, 0x72, 0x65, 0x61, 0x64, 0x5F, 0x77, 0x72, 0x69, 
0x74, 0x65, 0xAE, 0x2E, 0x61, 0x64, 0x64, 0x72, 0x65, 0x73, 0x73, 0x5F, 0x73, 0x70, 0x61, 0x63, 
0x65, 0xA6, 0x67, 0x6C, 0x6F, 0x62, 0x61, 0x6C, 0xA5, 0x2E, 0x6E, 0x61, 0x6D, 0x65, 0xA2, 0x64, 
0x56, 0xA7, 0x2E, 0x6F, 0x66, 0x66, 0x73, 0x65, 0x74, 0x10, 0xA5, 0x2E, 0x73, 0x69, 0x7A, 0x65, 
0x08, 0xAB, 0x2E, 0x76, 0x61, 0x6C, 0x75, 0x65, 0x5F, 0x6B, 0x69, 0x6E, 0x64, 0xAD, 0x67, 0x6C, 
0x6F, 0x62, 0x61, 0x6C, 0x5F, 0x62, 0x75, 0x66, 0x66, 0x65, 0x72, 0x86, 0xAE, 0x2E, 0x61, 0x63, 
0x74, 0x75, 0x61, 0x6C, 0x5F, 0x61, 0x63, 0x63, 0x65, 0x73, 0x73, 0xA9, 0x72, 0x65, 0x61, 0x64, 
0x5F, 0x6F, 0x6E, 0x6C, 0x79, 0xAE, 0x2E, 0x61, 0x64, 0x64, 0x72, 0x65, 0x73, 0x73, 0x5F, 0x73, 
0x70, 0x61, 0x63, 0x65, 0xA6, 0x67, 0x6C, 0x6F, 0x62, 0x61, 0x6C, 0xA5, 0x2E, 0x6E, 0x61, 0x6D, 
0x65, 0xA1, 0x51, 0xA7, 0x2E, 0x6F, 0x66, 0x66, 0x73, 0x65, 0x74, 0x18, 0xA5, 0x2E, 0x73, 0x69, 
0x7A, 0x65, 0x08, 0xAB, 0x2E, 0x76, 0x61, 0x6C, 0x75, 0x65, 0x5F, 0x6B, 0x69, 0x6E, 0x64, 0xAD, 
0x67, 0x6C, 0x6F, 0x62, 0x61, 0x6C, 0x5F, 0x62, 0x75, 0x66, 0x66, 0x65, 0x72, 0x86, 0xAE, 0x2E, 
0x61, 0x63, 0x74, 0x75, 0x61, 0x6C, 0x5F, 0x61, 0x63, 0x63, 0x65, 0x73, 0x73, 0xA9, 0x72, 0x65, 
0x61, 0x64, 0x5F, 0x6F, 0x6E, 0x6C, 0x79, 0xAE, 0x2E, 0x61, 0x64, 0x64, 0x72, 0x65, 0x73, 0x73, 
0x5F, 0x73, 0x70, 0x61, 0x63, 0x65, 0xA6, 0x67, 0x6C, 0x6F, 0x62, 0x61, 0x6C, 0xA5, 0x2E, 0x6E, 
0x61, 0x6D, 0x65, 0xA1, 0x4B, 0xA7, 0x2E, 0x6F, 0x66, 0x66, 0x73, 0x65, 0x74, 0x20, 0xA5, 0x2E, 
0x73, 0x69, 0x7A, 0x65, 0x08, 0xAB, 0x2E, 0x76, 0x61, 0x6C, 0x75, 0x65, 0x5F, 0x6B, 0x69, 0x6E, 
0x64, 0xAD, 0x67, 0x6C, 0x6F, 0x62, 0x61, 0x6C, 0x5F, 0x62, 0x75, 0x66, 0x66, 0x65, 0x72, 0x86, 
0xAE, 0x2E, 0x61, 0x63, 0x74, 0x75, 0x61, 0x6C, 0x5F, 0x61, 0x63, 0x63, 0x65, 0x73, 0x73, 0xA9, 
0x72, 0x65, 0x61, 0x64, 0x5F, 0x6F, 0x6E, 0x6C, 0x79, 0xAE, 0x2E, 0x61, 0x64, 0x64, 0x72, 0x65, 
0x73, 0x73, 0x5F, 0x73, 0x70, 0x61, 0x63, 0x65, 0xA6, 0x67, 0x6C, 0x6F, 0x62, 0x61, 0x6C, 0xA5, 
0x2E, 0x6E, 0x61, 0x6D, 0x65, 0xA1, 0x56, 0xA7, 0x2E, 0x6F, 0x66, 0x66, 0x73, 0x65, 0x74, 0x28, 
0xA5, 0x2E, 0x73, 0x69, 0x7A, 0x65, 0x08, 0xAB, 0x2E, 0x76, 0x61, 0x6C, 0x75, 0x65, 0x5F, 0x6B, 
0x69, 0x6E, 0x64, 0xAD, 0x67, 0x6C, 0x6F, 0x62, 0x61, 0x6C, 0x5F, 0x62, 0x75, 0x66, 0x66, 0x65, 
0x72, 0x86, 0xAE, 0x2E, 0x61, 0x63, 0x74, 0x75, 0x61, 0x6C, 0x5F, 0x61, 0x63, 0x63, 0x65, 0x73, 
0x73, 0xA9, 0x72, 0x65, 0x61, 0x64, 0x5F, 0x6F, 0x6E, 0x6C, 0x79, 0xAE, 0x2E, 0x61, 0x64, 0x64, 
0x72, 0x65, 0x73, 0x73, 0x5F, 0x73, 0x70, 0x61, 0x63, 0x65, 0xA6, 0x67, 0x6C, 0x6F, 0x62, 0x61, 
0x6C, 0xA5, 0x2E, 0x6E, 0x61, 0x6D, 0x65, 0xA2, 0x64, 0x4F, 0xA7, 0x2E, 0x6F, 0x66, 0x66, 0x73, 
0x65, 0x74, 0x30, 0xA5, 0x2E, 0x73, 0x69, 0x7A, 0x65, 0x08, 0xAB, 0x2E, 0x76, 0x61, 0x6C, 0x75, 
0x65, 0x5F, 0x6B, 0x69, 0x6E, 0x64, 0xAD, 0x67, 0x6C, 0x6F, 0x62, 0x61, 0x6C, 0x5F, 0x62, 0x75, 
0x66, 0x66, 0x65, 0x72, 0x86, 0xAE, 0x2E, 0x61, 0x63, 0x74, 0x75, 0x61, 0x6C, 0x5F, 0x61, 0x63, 
0x63, 0x65, 0x73, 0x73, 0xA9, 0x72, 0x65, 0x61, 0x64, 0x5F, 0x6F, 0x6E, 0x6C, 0x79, 0xAE, 0x2E, 
0x61, 0x64, 0x64, 0x72, 0x65, 0x73, 0x73, 0x5F, 0x73, 0x70, 0x61, 0x63, 0x65, 0xA6, 0x67, 0x6C, 
0x6F, 0x62, 0x61, 0x6C, 0xA5, 0x2E, 0x6E, 0x61, 0x6D, 0x65, 0xA3, 0x4C, 0x73, 0x65, 0xA7, 0x2E, 
0x6F, 0x66, 0x66, 0x73, 0x65, 0x74, 0x38, 0xA5, 0x2E, 0x73, 0x69, 0x7A, 0x65, 0x08, 0xAB, 0x2E, 
0x76, 0x61, 0x6C, 0x75, 0x65, 0x5F, 0x6B, 0x69, 0x6E, 0x64, 0xAD, 0x67, 0x6C, 0x6F, 0x62, 0x61, 
0x6C, 0x5F, 0x62, 0x75, 0x66, 0x66, 0x65, 0x72, 0x86, 0xAE, 0x2E, 0x61, 0x63, 0x74, 0x75, 0x61, 
0x6C, 0x5F, 0x61, 0x63, 0x63, 0x65, 0x73, 0x73, 0xA9, 0x72, 0x65, 0x61, 0x64, 0x5F, 0x6F, 0x6E, 
0x6C, 0x79, 0xAE, 0x2E, 0x61, 0x64, 0x64, 0x72, 0x65, 0x73, 0x73, 0x5F, 0x73, 0x70, 0x61, 0x63, 
0x65, 0xA6, 0x67, 0x6C, 0x6F, 0x62, 0x61, 0x6C, 0xA5, 0x2E, 0x6E, 0x61, 0x6D, 0x65, 0xA1, 0x4F, 
0xA7, 0x2E, 0x6F, 0x66, 0x66, 0x73, 0x65, 0x74, 0x40, 0xA5, 0x2E, 0x73, 0x69, 0x7A, 0x65, 0x08, 
0xAB, 0x2E, 0x76, 0x61, 0x6C, 0x75, 0x65, 0x5F, 0x6B, 0x69, 0x6E, 0x64, 0xAD, 0x67, 0x6C, 0x6F, 
0x62, 0x61, 0x6C, 0x5F, 0x62, 0x75, 0x66, 0x66, 0x65, 0x72, 0x85, 0xA5, 0x2E, 0x6E, 0x61, 0x6D, 
0x65, 0xA6, 0x73, 0x63, 0x61, 0x6C, 0x61, 0x72, 0xA7, 0x2E, 0x6F, 0x66, 0x66, 0x73, 0x65, 0x74, 
0x48, 0xA5, 0x2E, 0x73, 0x69, 0x7A, 0x65, 0x04, 0xAB, 0x2E, 0x76, 0x61, 0x6C, 0x75, 0x65, 0x5F, 
0x6B, 0x69, 0x6E, 0x64, 0xA8, 0x62, 0x79, 0x5F, 0x76, 0x61, 0x6C, 0x75, 0x65, 0xAB, 0x2E, 0x76, 
0x61, 0x6C, 0x75, 0x65, 0x5F, 0x74, 0x79, 0x70, 0x65, 0xA3, 0x69, 0x33, 0x32, 0x85, 0xA5, 0x2E, 
0x6E, 0x61, 0x6D, 0x65, 0xA3, 0x70, 0x61, 0x64, 0xA7, 0x2E, 0x6F, 0x66, 0x66, 0x73, 0x65, 0x74, 
0x4C, 0xA5, 0x2E, 0x73, 0x69, 0x7A, 0x65, 0x04, 0xAB, 0x2E, 0x76, 0x61, 0x6C, 0x75, 0x65, 0x5F, 
0x6B, 0x69, 0x6E, 0x64, 0xA8, 0x62, 0x79, 0x5F, 0x76, 0x61, 0x6C, 0x75, 0x65, 0xAB, 0x2E, 0x76, 
0x61, 0x6C, 0x75, 0x65, 0x5F, 0x74, 0x79, 0x70, 0x65, 0xA3, 0x69, 0x33, 0x32, 0x85, 0xA5, 0x2E, 
0x6E, 0x61, 0x6D, 0x65, 0xA5, 0x6C, 0x6F, 0x67, 0x32, 0x65, 0xA7, 0x2E, 0x6F, 0x66, 0x66, 0x73, 
0x65, 0x74, 0x50, 0xA5, 0x2E, 0x73, 0x69, 0x7A, 0x65, 0x04, 0xAB, 0x2E, 0x76, 0x61, 0x6C, 0x75, 
0x65, 0x5F, 0x6B, 0x69, 0x6E, 0x64, 0xA8, 0x62, 0x79, 0x5F, 0x76, 0x61, 0x6C, 0x75, 0x65, 0xAB, 
0x2E, 0x76, 0x61, 0x6C, 0x75, 0x65, 0x5F, 0x74, 0x79, 0x70, 0x65, 0xA3, 0x69, 0x33, 0x32, 0x85, 
0xA5, 0x2E, 0x6E, 0x61, 0x6D, 0x65, 0xA3, 0x70, 0x61, 0x64, 0xA7, 0x2E, 0x6F, 0x66, 0x66, 0x73, 
0x65, 0x74, 0x54, 0xA5, 0x2E, 0x73, 0x69, 0x7A, 0x65, 0x04, 0xAB, 0x2E, 0x76, 0x61, 0x6C, 0x75, 
0x65, 0x5F, 0x6B, 0x69, 0x6E, 0x64, 0xA8, 0x62, 0x79, 0x5F, 0x76, 0x61, 0x6C, 0x75, 0x65, 0xAB, 
0x2E, 0x76, 0x61, 0x6C, 0x75, 0x65, 0x5F, 0x74, 0x79, 0x70, 0x65, 0xA3, 0x69, 0x33, 0x32, 0x85, 
0xA5, 0x2E, 0x6E, 0x61, 0x6D, 0x65, 0xA5, 0x72, 0x61, 0x74, 0x69, 0x6F, 0xA7, 0x2E, 0x6F, 0x66, 
0x66, 0x73, 0x65, 0x74, 0x58, 0xA5, 0x2E, 0x73, 0x69, 0x7A, 0x65, 0x04, 0xAB, 0x2E, 0x76, 0x61, 
0x6C, 0x75, 0x65, 0x5F, 0x6B, 0x69, 0x6E, 0x64, 0xA8, 0x62, 0x79, 0x5F, 0x76, 0x61, 0x6C, 0x75, 
0x65, 0xAB, 0x2E, 0x76, 0x61, 0x6C, 0x75, 0x65, 0x5F, 0x74, 0x79, 0x70, 0x65, 0xA3, 0x69, 0x33, 
0x32, 0x85, 0xA5, 0x2E, 0x6E, 0x61, 0x6D, 0x65, 0xA3, 0x70, 0x61, 0x64, 0xA7, 0x2E, 0x6F, 0x66, 
0x66, 0x73, 0x65, 0x74, 0x5C, 0xA5, 0x2E, 0x73, 0x69, 0x7A, 0x65, 0x04, 0xAB, 0x2E, 0x76, 0x61, 
0x6C, 0x75, 0x65, 0x5F, 0x6B, 0x69, 0x6E, 0x64, 0xA8, 0x62, 0x79, 0x5F, 0x76, 0x61, 0x6C, 0x75, 
0x65, 0xAB, 0x2E, 0x76, 0x61, 0x6C, 0x75, 0x65, 0x5F, 0x74, 0x79, 0x70, 0x65, 0xA3, 0x69, 0x33, 
0x32, 0x85, 0xA5, 0x2E, 0x6E, 0x61, 0x6D, 0x65, 0xA8, 0x73, 0x65, 0x71, 0x6C, 0x65, 0x6E, 0x5F, 
0x71, 0xA7, 0x2E, 0x6F, 0x66, 0x66, 0x73, 0x65, 0x74, 0x60, 0xA5, 0x2E, 0x73, 0x69, 0x7A, 0x65, 
0x04, 0xAB, 0x2E, 0x76, 0x61, 0x6C, 0x75, 0x65, 0x5F, 0x6B, 0x69, 0x6E, 0x64, 0xA8, 0x62, 0x79, 
0x5F, 0x76, 0x61, 0x6C, 0x75, 0x65, 0xAB, 0x2E, 0x76, 0x61, 0x6C, 0x75, 0x65, 0x5F, 0x74, 0x79, 
0x70, 0x65, 0xA3, 0x69, 0x33, 0x32, 0x85, 0xA5, 0x2E, 0x6E, 0x61, 0x6D, 0x65, 0xA3, 0x70, 0x61, 
0x64, 0xA7, 0x2E, 0x6F, 0x66, 0x66, 0x73, 0x65, 0x74, 0x64, 0xA5, 0x2E, 0x73, 0x69, 0x7A, 0x65, 
0x04, 0xAB, 0x2E, 0x76, 0x61, 0x6C, 0x75, 0x65, 0x5F, 0x6B, 0x69, 0x6E, 0x64, 0xA8, 0x62, 0x79, 
0x5F, 0x76, 0x61, 0x6C, 0x75, 0x65, 0xAB, 0x2E, 0x76, 0x61, 0x6C, 0x75, 0x65, 0x5F, 0x74, 0x79, 
0x70, 0x65, 0xA3, 0x69, 0x33, 0x32, 0x85, 0xA5, 0x2E, 0x6E, 0x61, 0x6D, 0x65, 0xA8, 0x73, 0x65, 
0x71, 0x6C, 0x65, 0x6E, 0x5F, 0x6B, 0xA7, 0x2E, 0x6F, 0x66, 0x66, 0x73, 0x65, 0x74, 0x68, 0xA5, 
0x2E, 0x73, 0x69, 0x7A, 0x65, 0x04, 0xAB, 0x2E, 0x76, 0x61, 0x6C, 0x75, 0x65, 0x5F, 0x6B, 0x69, 
0x6E, 0x64, 0xA8, 0x62, 0x79, 0x5F, 0x76, 0x61, 0x6C, 0x75, 0x65, 0xAB, 0x2E, 0x76, 0x61, 0x6C, 
0x75, 0x65, 0x5F, 0x74, 0x79, 0x70, 0x65, 0xA3, 0x69, 0x33, 0x32, 0x85, 0xA5, 0x2E, 0x6E, 0x61, 
0x6D, 0x65, 0xA3, 0x70, 0x61, 0x64, 0xA7, 0x2E, 0x6F, 0x66, 0x66, 0x73, 0x65, 0x74, 0x6C, 0xA5, 
0x2E, 0x73, 0x69, 0x7A, 0x65, 0x04, 0xAB, 0x2E, 0x76, 0x61, 0x6C, 0x75, 0x65, 0x5F, 0x6B, 0x69, 
0x6E, 0x64, 0xA8, 0x62, 0x79, 0x5F, 0x76, 0x61, 0x6C, 0x75, 0x65, 0xAB, 0x2E, 0x76, 0x61, 0x6C, 
0x75, 0x65, 0x5F, 0x74, 0x79, 0x70, 0x65, 0xA3, 0x69, 0x33, 0x32, 0x85, 0xA5, 0x2E, 0x6E, 0x61, 
0x6D, 0x65, 0xA8, 0x68, 0x65, 0x61, 0x64, 0x5F, 0x64, 0x69, 0x6D, 0xA7, 0x2E, 0x6F, 0x66, 0x66, 
0x73, 0x65, 0x74, 0x70, 0xA5, 0x2E, 0x73, 0x69, 0x7A, 0x65, 0x04, 0xAB, 0x2E, 0x76, 0x61, 0x6C, 
0x75, 0x65, 0x5F, 0x6B, 0x69, 0x6E, 0x64, 0xA8, 0x62, 0x79, 0x5F, 0x76, 0x61, 0x6C, 0x75, 0x65, 
0xAB, 0x2E, 0x76, 0x61, 0x6C, 0x75, 0x65, 0x5F, 0x74, 0x79, 0x70, 0x65, 0xA3, 0x69, 0x33, 0x32, 
0x85, 0xA5, 0x2E, 0x6E, 0x61, 0x6D, 0x65, 0xA3, 0x70, 0x61, 0x64, 0xA7, 0x2E, 0x6F, 0x66, 0x66, 
0x73, 0x65, 0x74, 0x74, 0xA5, 0x2E, 0x73, 0x69, 0x7A, 0x65, 0x04, 0xAB, 0x2E, 0x76, 0x61, 0x6C, 
0x75, 0x65, 0x5F, 0x6B, 0x69, 0x6E, 0x64, 0xA8, 0x62, 0x79, 0x5F, 0x76, 0x61, 0x6C, 0x75, 0x65, 
0xAB, 0x2E, 0x76, 0x61, 0x6C, 0x75, 0x65, 0x5F, 0x74, 0x79, 0x70, 0x65, 0xA3, 0x69, 0x33, 0x32, 
0x85, 0xA5, 0x2E, 0x6E, 0x61, 0x6D, 0x65, 0xA7, 0x6E, 0x68, 0x65, 0x61, 0x64, 0x5F, 0x71, 0xA7, 
0x2E, 0x6F, 0x66, 0x66, 0x73, 0x65, 0x74, 0x78, 0xA5, 0x2E, 0x73, 0x69, 0x7A, 0x65, 0x04, 0xAB, 
0x2E, 0x76, 0x61, 0x6C, 0x75, 0x65, 0x5F, 0x6B, 0x69, 0x6E, 0x64, 0xA8, 0x62, 0x79, 0x5F, 0x76, 
0x61, 0x6C, 0x75, 0x65, 0xAB, 0x2E, 0x76, 0x61, 0x6C, 0x75, 0x65, 0x5F, 0x74, 0x79, 0x70, 0x65, 
0xA3, 0x69, 0x33, 0x32, 0x85, 0xA5, 0x2E, 0x6E, 0x61, 0x6D, 0x65, 0xA3, 0x70, 0x61, 0x64, 0xA7, 
0x2E, 0x6F, 0x66, 0x66, 0x73, 0x65, 0x74, 0x7C, 0xA5, 0x2E, 0x73, 0x69, 0x7A, 0x65, 0x04, 0xAB, 
0x2E, 0x76, 0x61, 0x6C, 0x75, 0x65, 0x5F, 0x6B, 0x69, 0x6E, 0x64, 0xA8, 0x62, 0x79, 0x5F, 0x76, 
0x61, 0x6C, 0x75, 0x65, 0xAB, 0x2E, 0x76, 0x61, 0x6C, 0x75, 0x65, 0x5F, 0x74, 0x79, 0x70, 0x65, 
0xA3, 0x69, 0x33, 0x32, 0x85, 0xA5, 0x2E, 0x6E, 0x61, 0x6D, 0x65, 0xA4, 0x48, 0x73, 0x5F, 0x71, 
0xA7, 0x2E, 0x6F, 0x66, 0x66, 0x73, 0x65, 0x74, 0xCC, 0x80, 0xA5, 0x2E, 0x73, 0x69, 0x7A, 0x65, 
0x04, 0xAB, 0x2E, 0x76, 0x61, 0x6C, 0x75, 0x65, 0x5F, 0x6B, 0x69, 0x6E, 0x64, 0xA8, 0x62, 0x79, 
0x5F, 0x76, 0x61, 0x6C, 0x75, 0x65, 0xAB, 0x2E, 0x76, 0x61, 0x6C, 0x75, 0x65, 0x5F, 0x74, 0x79, 
0x70, 0x65, 0xA3, 0x69, 0x33, 0x32, 0x85, 0xA5, 0x2E, 0x6E, 0x61, 0x6D, 0x65, 0xA3, 0x70, 0x61, 
0x64, 0xA7, 0x2E, 0x6F, 0x66, 0x66, 0x73, 0x65, 0x74, 0xCC, 0x84, 0xA5, 0x2E, 0x73, 0x69, 0x7A, 
0x65, 0x04, 0xAB, 0x2E, 0x76, 0x61, 0x6C, 0x75, 0x65, 0x5F, 0x6B, 0x69, 0x6E, 0x64, 0xA8, 0x62, 
0x79, 0x5F, 0x76, 0x61, 0x6C, 0x75, 0x65, 0xAB, 0x2E, 0x76, 0x61, 0x6C, 0x75, 0x65, 0x5F, 0x74, 
0x79, 0x70, 0x65, 0xA3, 0x69, 0x33, 0x32, 0x85, 0xA5, 0x2E, 0x6E, 0x61, 0x6D, 0x65, 0xA5, 0x42, 
0x41, 0x73, 0x5F, 0x71, 0xA7, 0x2E, 0x6F, 0x66, 0x66, 0x73, 0x65, 0x74, 0xCC, 0x88, 0xA5, 0x2E, 
0x73, 0x69, 0x7A, 0x65, 0x04, 0xAB, 0x2E, 0x76, 0x61, 0x6C, 0x75, 0x65, 0x5F, 0x6B, 0x69, 0x6E, 
0x64, 0xA8, 0x62, 0x79, 0x5F, 0x76, 0x61, 0x6C, 0x75, 0x65, 0xAB, 0x2E, 0x76, 0x61, 0x6C, 0x75, 
0x65, 0x5F, 0x74, 0x79, 0x70, 0x65, 0xA3, 0x69, 0x33, 0x32, 0x85, 0xA5, 0x2E, 0x6E, 0x61, 0x6D, 
0x65, 0xA3, 0x70, 0x61, 0x64, 0xA7, 0x2E, 0x6F, 0x66, 0x66, 0x73, 0x65, 0x74, 0xCC, 0x8C, 0xA5, 
0x2E, 0x73, 0x69, 0x7A, 0x65, 0x04, 0xAB, 0x2E, 0x76, 0x61, 0x6C, 0x75, 0x65, 0x5F, 0x6B, 0x69, 
0x6E, 0x64, 0xA8, 0x62, 0x79, 0x5F, 0x76, 0x61, 0x6C, 0x75, 0x65, 0xAB, 0x2E, 0x76, 0x61, 0x6C, 
0x75, 0x65, 0x5F, 0x74, 0x79, 0x70, 0x65, 0xA3, 0x69, 0x33, 0x32, 0x85, 0xA5, 0x2E, 0x6E, 0x61, 
0x6D, 0x65, 0xA6, 0x53, 0x65, 0x71, 0x73, 0x5F, 0x71, 0xA7, 0x2E, 0x6F, 0x66, 0x66, 0x73, 0x65, 
0x74, 0xCC, 0x90, 0xA5, 0x2E, 0x73, 0x69, 0x7A, 0x65, 0x04, 0xAB, 0x2E, 0x76, 0x61, 0x6C, 0x75, 
0x65, 0x5F, 0x6B, 0x69, 0x6E, 0x64, 0xA8, 0x62, 0x79, 0x5F, 0x76, 0x61, 0x6C, 0x75, 0x65, 0xAB, 
0x2E, 0x76, 0x61, 0x6C, 0x75, 0x65, 0x5F, 0x74, 0x79, 0x70, 0x65, 0xA3, 0x69, 0x33, 0x32, 0x85, 
0xA5, 0x2E, 0x6E, 0x61, 0x6D, 0x65, 0xA3, 0x70, 0x61, 0x64, 0xA7, 0x2E, 0x6F, 0x66, 0x66, 0x73, 
0x65, 0x74, 0xCC, 0x94, 0xA5, 0x2E, 0x73, 0x69, 0x7A, 0x65, 0x04, 0xAB, 0x2E, 0x76, 0x61, 0x6C, 
0x75, 0x65, 0x5F, 0x6B, 0x69, 0x6E, 0x64, 0xA8, 0x62, 0x79, 0x5F, 0x76, 0x61, 0x6C, 0x75, 0x65, 
0xAB, 0x2E, 0x76, 0x61, 0x6C, 0x75, 0x65, 0x5F, 0x74, 0x79, 0x70, 0x65, 0xA3, 0x69, 0x33, 0x32, 
0x85, 0xA5, 0x2E, 0x6E, 0x61, 0x6D, 0x65, 0xA4, 0x48, 0x73, 0x5F, 0x6B, 0xA7, 0x2E, 0x6F, 0x66, 
0x66, 0x73, 0x65, 0x74, 0xCC, 0x98, 0xA5, 0x2E, 0x73, 0x69, 0x7A, 0x65, 0x04, 0xAB, 0x2E, 0x76, 
0x61, 0x6C, 0x75, 0x65, 0x5F, 0x6B, 0x69, 0x6E, 0x64, 0xA8, 0x62, 0x79, 0x5F, 0x76, 0x61, 0x6C, 
0x75, 0x65, 0xAB, 0x2E, 0x76, 0x61, 0x6C, 0x75, 0x65, 0x5F, 0x74, 0x79, 0x70, 0x65, 0xA3, 0x69, 
0x33, 0x32, 0x85, 0xA5, 0x2E, 0x6E, 0x61, 0x6D, 0x65, 0xA3, 0x70, 0x61, 0x64, 0xA7, 0x2E, 0x6F, 
0x66, 0x66, 0x73, 0x65, 0x74, 0xCC, 0x9C, 0xA5, 0x2E, 0x73, 0x69, 0x7A, 0x65, 0x04, 0xAB, 0x2E, 
0x76, 0x61, 0x6C, 0x75, 0x65, 0x5F, 0x6B, 0x69, 0x6E, 0x64, 0xA8, 0x62, 0x79, 0x5F, 0x76, 0x61, 
0x6C, 0x75, 0x65, 0xAB, 0x2E, 0x76, 0x61, 0x6C, 0x75, 0x65, 0x5F, 0x74, 0x79, 0x70, 0x65, 0xA3, 
0x69, 0x33, 0x32, 0x85, 0xA5, 0x2E, 0x6E, 0x61, 0x6D, 0x65, 0xA5, 0x42, 0x41, 0x73, 0x5F, 0x6B, 
0xA7, 0x2E, 0x6F, 0x66, 0x66, 0x73, 0x65, 0x74, 0xCC, 0xA0, 0xA5, 0x2E, 0x73, 0x69, 0x7A, 0x65, 
0x04, 0xAB, 0x2E, 0x76, 0x61, 0x6C, 0x75, 0x65, 0x5F, 0x6B, 0x69, 0x6E, 0x64, 0xA8, 0x62, 0x79, 
0x5F, 0x76, 0x61, 0x6C, 0x75, 0x65, 0xAB, 0x2E, 0x76, 0x61, 0x6C, 0x75, 0x65, 0x5F, 0x74, 0x79, 
0x70, 0x65, 0xA3, 0x69, 0x33, 0x32, 0x85, 0xA5, 0x2E, 0x6E, 0x61, 0x6D, 0x65, 0xA3, 0x70, 0x61, 
0x64, 0xA7, 0x2E, 0x6F, 0x66, 0x66, 0x73, 0x65, 0x74, 0xCC, 0xA4, 0xA5, 0x2E, 0x73, 0x69, 0x7A, 
0x65, 0x04, 0xAB, 0x2E, 0x76, 0x61, 0x6C, 0x75, 0x65, 0x5F, 0x6B, 0x69, 0x6E, 0x64, 0xA8, 0x62, 
0x79, 0x5F, 0x76, 0x61, 0x6C, 0x75, 0x65, 0xAB, 0x2E, 0x76, 0x61, 0x6C, 0x75, 0x65, 0x5F, 0x74, 
0x79, 0x70, 0x65, 0xA3, 0x69, 0x33, 0x32, 0x85, 0xA5, 0x2E, 0x6E, 0x61, 0x6D, 0x65, 0xA6, 0x53, 
0x65, 0x71, 0x73, 0x5F, 0x6B, 0xA7, 0x2E, 0x6F, 0x66, 0x66, 0x73, 0x65, 0x74, 0xCC, 0xA8, 0xA5, 
0x2E, 0x73, 0x69, 0x7A, 0x65, 0x04, 0xAB, 0x2E, 0x76, 0x61, 0x6C, 0x75, 0x65, 0x5F, 0x6B, 0x69, 
0x6E, 0x64, 0xA8, 0x62, 0x79, 0x5F, 0x76, 0x61, 0x6C, 0x75, 0x65, 0xAB, 0x2E, 0x76, 0x61, 0x6C, 
0x75, 0x65, 0x5F, 0x74, 0x79, 0x70, 0x65, 0xA3, 0x69, 0x33, 0x32, 0x85, 0xA5, 0x2E, 0x6E, 0x61, 
0x6D, 0x65, 0xA3, 0x70, 0x61, 0x64, 0xA7, 0x2E, 0x6F, 0x66, 0x66, 0x73, 0x65, 0x74, 0xCC, 0xAC, 
0xA5, 0x2E, 0x73, 0x69, 0x7A, 0x65, 0x04, 0xAB, 0x2E, 0x76, 0x61, 0x6C, 0x75, 0x65, 0x5F, 0x6B, 
0x69, 0x6E, 0x64, 0xA8, 0x62, 0x79, 0x5F, 0x76, 0x61, 0x6C, 0x75, 0x65, 0xAB, 0x2E, 0x76, 0x61, 
0x6C, 0x75, 0x65, 0x5F, 0x74, 0x79, 0x70, 0x65, 0xA3, 0x69, 0x33, 0x32, 0x85, 0xA5, 0x2E, 0x6E, 
0x61, 0x6D, 0x65, 0xA4, 0x48, 0x73, 0x5F, 0x76, 0xA7, 0x2E, 0x6F, 0x66, 0x66, 0x73, 0x65, 0x74, 
0xCC, 0xB0, 0xA5, 0x2E, 0x73, 0x69, 0x7A, 0x65, 0x04, 0xAB, 0x2E, 0x76, 0x61, 0x6C, 0x75, 0x65, 
0x5F, 0x6B, 0x69, 0x6E, 0x64, 0xA8, 0x62, 0x79, 0x5F, 0x76, 0x61, 0x6C, 0x75, 0x65, 0xAB, 0x2E, 
0x76, 0x61, 0x6C, 0x75, 0x65, 0x5F, 0x74, 0x79, 0x70, 0x65, 0xA3, 0x69, 0x33, 0x32, 0x85, 0xA5, 
0x2E, 0x6E, 0x61, 0x6D, 0x65, 0xA3, 0x70, 0x61, 0x64, 0xA7, 0x2E, 0x6F, 0x66, 0x66, 0x73, 0x65, 
0x74, 0xCC, 0xB4, 0xA5, 0x2E, 0x73, 0x69, 0x7A, 0x65, 0x04, 0xAB, 0x2E, 0x76, 0x61, 0x6C, 0x75, 
0x65, 0x5F, 0x6B, 0x69, 0x6E, 0x64, 0xA8, 0x62, 0x79, 0x5F, 0x76, 0x61, 0x6C, 0x75, 0x65, 0xAB, 
0x2E, 0x76, 0x61, 0x6C, 0x75, 0x65, 0x5F, 0x74, 0x79, 0x70, 0x65, 0xA3, 0x69, 0x33, 0x32, 0x85, 
0xA5, 0x2E, 0x6E, 0x61, 0x6D, 0x65, 0xA5, 0x42, 0x41, 0x73, 0x5F, 0x76, 0xA7, 0x2E, 0x6F, 0x66, 
0x66, 0x73, 0x65, 0x74, 0xCC, 0xB8, 0xA5, 0x2E, 0x73, 0x69, 0x7A, 0x65, 0x04, 0xAB, 0x2E, 0x76, 
0x61, 0x6C, 0x75, 0x65, 0x5F, 0x6B, 0x69, 0x6E, 0x64, 0xA8, 0x62, 0x79, 0x5F, 0x76, 0x61, 0x6C, 
0x75, 0x65, 0xAB, 0x2E, 0x76, 0x61, 0x6C, 0x75, 0x65, 0x5F, 0x74, 0x79, 0x70, 0x65, 0xA3, 0x69, 
0x33, 0x32, 0x85, 0xA5, 0x2E, 0x6E, 0x61, 0x6D, 0x65, 0xA3, 0x70, 0x61, 0x64, 0xA7, 0x2E, 0x6F, 
0x66, 0x66, 0x73, 0x65, 0x74, 0xCC, 0xBC, 0xA5, 0x2E, 0x73, 0x69, 0x7A, 0x65, 0x04, 0xAB, 0x2E, 
0x76, 0x61, 0x6C, 0x75, 0x65, 0x5F, 0x6B, 0x69, 0x6E, 0x64, 0xA8, 0x62, 0x79, 0x5F, 0x76, 0x61, 
0x6C, 0x75, 0x65, 0xAB, 0x2E, 0x76, 0x61, 0x6C, 0x75, 0x65, 0x5F, 0x74, 0x79, 0x70, 0x65, 0xA3, 
0x69, 0x33, 0x32, 0x85, 0xA5, 0x2E, 0x6E, 0x61, 0x6D, 0x65, 0xA6, 0x53, 0x65, 0x71, 0x73, 0x5F, 
0x76, 0xA7, 0x2E, 0x6F, 0x66, 0x66, 0x73, 0x65, 0x74, 0xCC, 0xC0, 0xA5, 0x2E, 0x73, 0x69, 0x7A, 
0x65, 0x04, 0xAB, 0x2E, 0x76, 0x61, 0x6C, 0x75, 0x65, 0x5F, 0x6B, 0x69, 0x6E, 0x64, 0xA8, 0x62, 
0x79, 0x5F, 0x76, 0x61, 0x6C, 0x75, 0x65, 0xAB, 0x2E, 0x76, 0x61, 0x6C, 0x75, 0x65, 0x5F, 0x74, 
0x79, 0x70, 0x65, 0xA3, 0x69, 0x33, 0x32, 0x85, 0xA5, 0x2E, 0x6E, 0x61, 0x6D, 0x65, 0xA3, 0x70, 
0x61, 0x64, 0xA7, 0x2E, 0x6F, 0x66, 0x66, 0x73, 0x65, 0x74, 0xCC, 0xC4, 0xA5, 0x2E, 0x73, 0x69, 
0x7A, 0x65, 0x04, 0xAB, 0x2E, 0x76, 0x61, 0x6C, 0x75, 0x65, 0x5F, 0x6B, 0x69, 0x6E, 0x64, 0xA8, 
0x62, 0x79, 0x5F, 0x76, 0x61, 0x6C, 0x75, 0x65, 0xAB, 0x2E, 0x76, 0x61, 0x6C, 0x75, 0x65, 0x5F, 
0x74, 0x79, 0x70, 0x65, 0xA3, 0x69, 0x33, 0x32, 0x85, 0xA5, 0x2E, 0x6E, 0x61, 0x6D, 0x65, 0xA8, 
0x48, 0x73, 0x5F, 0x6F, 0x64, 0x6F, 0x64, 0x71, 0xA7, 0x2E, 0x6F, 0x66, 0x66, 0x73, 0x65, 0x74, 
0xCC, 0xC8, 0xA5, 0x2E, 0x73, 0x69, 0x7A, 0x65, 0x04, 0xAB, 0x2E, 0x76, 0x61, 0x6C, 0x75, 0x65, 
0x5F, 0x6B, 0x69, 0x6E, 0x64, 0xA8, 0x62, 0x79, 0x5F, 0x76, 0x61, 0x6C, 0x75, 0x65, 0xAB, 0x2E, 
0x76, 0x61, 0x6C, 0x75, 0x65, 0x5F, 0x74, 0x79, 0x70, 0x65, 0xA3, 0x69, 0x33, 0x32, 0x85, 0xA5, 
0x2E, 0x6E, 0x61, 0x6D, 0x65, 0xA3, 0x70, 0x61, 0x64, 0xA7, 0x2E, 0x6F, 0x66, 0x66, 0x73, 0x65, 
0x74, 0xCC, 0xCC, 0xA5, 0x2E, 0x73, 0x69, 0x7A, 0x65, 0x04, 0xAB, 0x2E, 0x76, 0x61, 0x6C, 0x75, 
0x65, 0x5F, 0x6B, 0x69, 0x6E, 0x64, 0xA8, 0x62, 0x79, 0x5F, 0x76, 0x61, 0x6C, 0x75, 0x65, 0xAB, 
0x2E, 0x76, 0x61, 0x6C, 0x75, 0x65, 0x5F, 0x74, 0x79, 0x70, 0x65, 0xA3, 0x69, 0x33, 0x32, 0x85, 
0xA5, 0x2E, 0x6E, 0x61, 0x6D, 0x65, 0xA9, 0x42, 0x41, 0x73, 0x5F, 0x6F, 0x64, 0x6F, 0x64, 0x71, 
0xA7, 0x2E, 0x6F, 0x66, 0x66, 0x73, 0x65, 0x74, 0xCC, 0xD0, 0xA5, 0x2E, 0x73, 0x69, 0x7A, 0x65, 
0x04, 0xAB, 0x2E, 0x76, 0x61, 0x6C, 0x75, 0x65, 0x5F, 0x6B, 0x69, 0x6E, 0x64, 0xA8, 0x62, 0x79, 
0x5F, 0x76, 0x61, 0x6C, 0x75, 0x65, 0xAB, 0x2E, 0x76, 0x61, 0x6C, 0x75, 0x65, 0x5F, 0x74, 0x79, 
0x70, 0x65, 0xA3, 0x69, 0x33, 0x32, 0x85, 0xA5, 0x2E, 0x6E, 0x61, 0x6D, 0x65, 0xA3, 0x70, 0x61, 
0x64, 0xA7, 0x2E, 0x6F, 0x66, 0x66, 0x73, 0x65, 0x74, 0xCC, 0xD4, 0xA5, 0x2E, 0x73, 0x69, 0x7A, 
0x65, 0x04, 0xAB, 0x2E, 0x76, 0x61, 0x6C, 0x75, 0x65, 0x5F, 0x6B, 0x69, 0x6E, 0x64, 0xA8, 0x62, 
0x79, 0x5F, 0x76, 0x61, 0x6C, 0x75, 0x65, 0xAB, 0x2E, 0x76, 0x61, 0x6C, 0x75, 0x65, 0x5F, 0x74, 
0x79, 0x70, 0x65, 0xA3, 0x69, 0x33, 0x32, 0x85, 0xA5, 0x2E, 0x6E, 0x61, 0x6D, 0x65, 0xAA, 0x53, 
0x65, 0x71, 0x73, 0x5F, 0x6F, 0x64, 0x6F, 0x64, 0x71, 0xA7, 0x2E, 0x6F, 0x66, 0x66, 0x73, 0x65, 
0x74, 0xCC, 0xD8, 0xA5, 0x2E, 0x73, 0x69, 0x7A, 0x65, 0x04, 0xAB, 0x2E, 0x76, 0x61, 0x6C, 0x75, 
0x65, 0x5F, 0x6B, 0x69, 0x6E, 0x64, 0xA8, 0x62, 0x79, 0x5F, 0x76, 0x61, 0x6C, 0x75, 0x65, 0xAB, 
0x2E, 0x76, 0x61, 0x6C, 0x75, 0x65, 0x5F, 0x74, 0x79, 0x70, 0x65, 0xA3, 0x69, 0x33, 0x32, 0x85, 
0xA5, 0x2E, 0x6E, 0x61, 0x6D, 0x65, 0xA3, 0x70, 0x61, 0x64, 0xA7, 0x2E, 0x6F, 0x66, 0x66, 0x73, 
0x65, 0x74, 0xCC, 0xDC, 0xA5, 0x2E, 0x73, 0x69, 0x7A, 0x65, 0x04, 0xAB, 0x2E, 0x76, 0x61, 0x6C, 
0x75, 0x65, 0x5F, 0x6B, 0x69, 0x6E, 0x64, 0xA8, 0x62, 0x79, 0x5F, 0x76, 0x61, 0x6C, 0x75, 0x65, 
0xAB, 0x2E, 0x76, 0x61, 0x6C, 0x75, 0x65, 0x5F, 0x74, 0x79, 0x70, 0x65, 0xA3, 0x69, 0x33, 0x32, 
0x85, 0xA5, 0x2E, 0x6E, 0x61, 0x6D, 0x65, 0xA5, 0x48, 0x73, 0x5F, 0x64, 0x6B, 0xA7, 0x2E, 0x6F, 
0x66, 0x66, 0x73, 0x65, 0x74, 0xCC, 0xE0, 0xA5, 0x2E, 0x73, 0x69, 0x7A, 0x65, 0x04, 0xAB, 0x2E, 
0x76, 0x61, 0x6C, 0x75, 0x65, 0x5F, 0x6B, 0x69, 0x6E, 0x64, 0xA8, 0x62, 0x79, 0x5F, 0x76, 0x61, 
0x6C, 0x75, 0x65, 0xAB, 0x2E, 0x76, 0x61, 0x6C, 0x75, 0x65, 0x5F, 0x74, 0x79, 0x70, 0x65, 0xA3, 
0x69, 0x33, 0x32, 0x85, 0xA5, 0x2E, 0x6E, 0x61, 0x6D, 0x65, 0xA3, 0x70, 0x61, 0x64, 0xA7, 0x2E, 
0x6F, 0x66, 0x66, 0x73, 0x65, 0x74, 0xCC, 0xE4, 0xA5, 0x2E, 0x73, 0x69, 0x7A, 0x65, 0x04, 0xAB, 
0x2E, 0x76, 0x61, 0x6C, 0x75, 0x65, 0x5F, 0x6B, 0x69, 0x6E, 0x64, 0xA8, 0x62, 0x79, 0x5F, 0x76, 
0x61, 0x6C, 0x75, 0x65, 0xAB, 0x2E, 0x76, 0x61, 0x6C, 0x75, 0x65, 0x5F, 0x74, 0x79, 0x70, 0x65, 
0xA3, 0x69, 0x33, 0x32, 0x85, 0xA5, 0x2E, 0x6E, 0x61, 0x6D, 0x65, 0xA6, 0x42, 0x41, 0x73, 0x5F, 
0x64, 0x6B, 0xA7, 0x2E, 0x6F, 0x66, 0x66, 0x73, 0x65, 0x74, 0xCC, 0xE8, 0xA5, 0x2E, 0x73, 0x69, 
0x7A, 0x65, 0x04, 0xAB, 0x2E, 0x76, 0x61, 0x6C, 0x75, 0x65, 0x5F, 0x6B, 0x69, 0x6E, 0x64, 0xA8, 
0x62, 0x79, 0x5F, 0x76, 0x61, 0x6C, 0x75, 0x65, 0xAB, 0x2E, 0x76, 0x61, 0x6C, 0x75, 0x65, 0x5F, 
0x74, 0x79, 0x70, 0x65, 0xA3, 0x69, 0x33, 0x32, 0x85, 0xA5, 0x2E, 0x6E, 0x61, 0x6D, 0x65, 0xA3, 
0x70, 0x61, 0x64, 0xA7, 0x2E, 0x6F, 0x66, 0x66, 0x73, 0x65, 0x74, 0xCC, 0xEC, 0xA5, 0x2E, 0x73, 
0x69, 0x7A, 0x65, 0x04, 0xAB, 0x2E, 0x76, 0x61, 0x6C, 0x75, 0x65, 0x5F, 0x6B, 0x69, 0x6E, 0x64, 
0xA8, 0x62, 0x79, 0x5F, 0x76, 0x61, 0x6C, 0x75, 0x65, 0xAB, 0x2E, 0x76, 0x61, 0x6C, 0x75, 0x65, 
0x5F, 0x74, 0x79, 0x70, 0x65, 0xA3, 0x69, 0x33, 0x32, 0x85, 0xA5, 0x2E, 0x6E, 0x61, 0x6D, 0x65, 
0xA7, 0x53, 0x65, 0x71, 0x73, 0x5F, 0x64, 0x6B, 0xA7, 0x2E, 0x6F, 0x66, 0x66, 0x73, 0x65, 0x74, 
0xCC, 0xF0, 0xA5, 0x2E, 0x73, 0x69, 0x7A, 0x65, 0x04, 0xAB, 0x2E, 0x76, 0x61, 0x6C, 0x75, 0x65, 
0x5F, 0x6B, 0x69, 0x6E, 0x64, 0xA8, 0x62, 0x79, 0x5F, 0x76, 0x61, 0x6C, 0x75, 0x65, 0xAB, 0x2E, 
0x76, 0x61, 0x6C, 0x75, 0x65, 0x5F, 0x74, 0x79, 0x70, 0x65, 0xA3, 0x69, 0x33, 0x32, 0x85, 0xA5, 
0x2E, 0x6E, 0x61, 0x6D, 0x65, 0xA3, 0x70, 0x61, 0x64, 0xA7, 0x2E, 0x6F, 0x66, 0x66, 0x73, 0x65, 
0x74, 0xCC, 0xF4, 0xA5, 0x2E, 0x73, 0x69, 0x7A, 0x65, 0x04, 0xAB, 0x2E, 0x76, 0x61, 0x6C, 0x75, 
0x65, 0x5F, 0x6B, 0x69, 0x6E, 0x64, 0xA8, 0x62, 0x79, 0x5F, 0x76, 0x61, 0x6C, 0x75, 0x65, 0xAB, 
0x2E, 0x76, 0x61, 0x6C, 0x75, 0x65, 0x5F, 0x74, 0x79, 0x70, 0x65, 0xA3, 0x69, 0x33, 0x32, 0x85, 
0xA5, 0x2E, 0x6E, 0x61, 0x6D, 0x65, 0xA5, 0x48, 0x73, 0x5F, 0x64, 0x76, 0xA7, 0x2E, 0x6F, 0x66, 
0x66, 0x73, 0x65, 0x74, 0xCC, 0xF8, 0xA5, 0x2E, 0x73, 0x69, 0x7A, 0x65, 0x04, 0xAB, 0x2E, 0x76, 
0x61, 0x6C, 0x75, 0x65, 0x5F, 0x6B, 0x69, 0x6E, 0x64, 0xA8, 0x62, 0x79, 0x5F, 0x76, 0x61, 0x6C, 
0x75, 0x65, 0xAB, 0x2E, 0x76, 0x61, 0x6C, 0x75, 0x65, 0x5F, 0x74, 0x79, 0x70, 0x65, 0xA3, 0x69, 
0x33, 0x32, 0x85, 0xA5, 0x2E, 0x6E, 0x61, 0x6D, 0x65, 0xA3, 0x70, 0x61, 0x64, 0xA7, 0x2E, 0x6F, 
0x66, 0x66, 0x73, 0x65, 0x74, 0xCC, 0xFC, 0xA5, 0x2E, 0x73, 0x69, 0x7A, 0x65, 0x04, 0xAB, 0x2E, 
0x76, 0x61, 0x6C, 0x75, 0x65, 0x5F, 0x6B, 0x69, 0x6E, 0x64, 0xA8, 0x62, 0x79, 0x5F, 0x76, 0x61, 
0x6C, 0x75, 0x65, 0xAB, 0x2E, 0x76, 0x61, 0x6C, 0x75, 0x65, 0x5F, 0x74, 0x79, 0x70, 0x65, 0xA3, 
0x69, 0x33, 0x32, 0x85, 0xA5, 0x2E, 0x6E, 0x61, 0x6D, 0x65, 0xA6, 0x42, 0x41, 0x73, 0x5F, 0x64, 
0x76, 0xA7, 0x2E, 0x6F, 0x66, 0x66, 0x73, 0x65, 0x74, 0xCD, 0x01, 0x00, 0xA5, 0x2E, 0x73, 0x69, 
0x7A, 0x65, 0x04, 0xAB, 0x2E, 0x76, 0x61, 0x6C, 0x75, 0x65, 0x5F, 0x6B, 0x69, 0x6E, 0x64, 0xA8, 
0x62, 0x79, 0x5F, 0x76, 0x61, 0x6C, 0x75, 0x65, 0xAB, 0x2E, 0x76, 0x61, 0x6C, 0x75, 0x65, 0x5F, 
0x74, 0x79, 0x70, 0x65, 0xA3, 0x69, 0x33, 0x32, 0x85, 0xA5, 0x2E, 0x6E, 0x61, 0x6D, 0x65, 0xA3, 
0x70, 0x61, 0x64, 0xA7, 0x2E, 0x6F, 0x66, 0x66, 0x73, 0x65, 0x74, 0xCD, 0x01, 0x04, 0xA5, 0x2E, 
0x73, 0x69, 0x7A, 0x65, 0x04, 0xAB, 0x2E, 0x76, 0x61, 0x6C, 0x75, 0x65, 0x5F, 0x6B, 0x69, 0x6E, 
0x64, 0xA8, 0x62, 0x79, 0x5F, 0x76, 0x61, 0x6C, 0x75, 0x65, 0xAB, 0x2E, 0x76, 0x61, 0x6C, 0x75, 
0x65, 0x5F, 0x74, 0x79, 0x70, 0x65, 0xA3, 0x69, 0x33, 0x32, 0x85, 0xA5, 0x2E, 0x6E, 0x61, 0x6D, 
0x65, 0xA7, 0x53, 0x65, 0x71, 0x73, 0x5F, 0x64, 0x76, 0xA7, 0x2E, 0x6F, 0x66, 0x66, 0x73, 0x65, 
0x74, 0xCD, 0x01, 0x08, 0xA5, 0x2E, 0x73, 0x69, 0x7A, 0x65, 0x04, 0xAB, 0x2E, 0x76, 0x61, 0x6C, 
0x75, 0x65, 0x5F, 0x6B, 0x69, 0x6E, 0x64, 0xA8, 0x62, 0x79, 0x5F, 0x76, 0x61, 0x6C, 0x75, 0x65, 
0xAB, 0x2E, 0x76, 0x61, 0x6C, 0x75, 0x65, 0x5F, 0x74, 0x79, 0x70, 0x65, 0xA3, 0x69, 0x33, 0x32, 
0x85, 0xA5, 0x2E, 0x6E, 0x61, 0x6D, 0x65, 0xA3, 0x70, 0x61, 0x64, 0xA7, 0x2E, 0x6F, 0x66, 0x66, 
0x73, 0x65, 0x74, 0xCD, 0x01, 0x0C, 0xA5, 0x2E, 0x73, 0x69, 0x7A, 0x65, 0x04, 0xAB, 0x2E, 0x76, 
0x61, 0x6C, 0x75, 0x65, 0x5F, 0x6B, 0x69, 0x6E, 0x64, 0xA8, 0x62, 0x79, 0x5F, 0x76, 0x61, 0x6C, 
0x75, 0x65, 0xAB, 0x2E, 0x76, 0x61, 0x6C, 0x75, 0x65, 0x5F, 0x74, 0x79, 0x70, 0x65, 0xA3, 0x69, 
0x33, 0x32, 0xB9, 0x2E, 0x67, 0x72, 0x6F, 0x75, 0x70, 0x5F, 0x73, 0x65, 0x67, 0x6D, 0x65, 0x6E, 
0x74, 0x5F, 0x66, 0x69, 0x78, 0x65, 0x64, 0x5F, 0x73, 0x69, 0x7A, 0x65, 0xCE, 0x00, 0x01, 0x00, 
0x00, 0xB6, 0x2E, 0x6B, 0x65, 0x72, 0x6E, 0x61, 0x72, 0x67, 0x5F, 0x73, 0x65, 0x67, 0x6D, 0x65, 
0x6E, 0x74, 0x5F, 0x61, 0x6C, 0x69, 0x67, 0x6E, 0x04, 0xB5, 0x2E, 0x6B, 0x65, 0x72, 0x6E, 0x61, 
0x72, 0x67, 0x5F, 0x73, 0x65, 0x67, 0x6D, 0x65, 0x6E, 0x74, 0x5F, 0x73, 0x69, 0x7A, 0x65, 0xCD, 
0x01, 0x10, 0xB8, 0x2E, 0x6D, 0x61, 0x78, 0x5F, 0x66, 0x6C, 0x61, 0x74, 0x5F, 0x77, 0x6F, 0x72, 
0x6B, 0x67, 0x72, 0x6F, 0x75, 0x70, 0x5F, 0x73, 0x69, 0x7A, 0x65, 0xCD, 0x01, 0x00, 0xA5, 0x2E, 
0x6E, 0x61, 0x6D, 0x65, 0xAB, 0x6B, 0x65, 0x72, 0x6E, 0x65, 0x6C, 0x5F, 0x66, 0x75, 0x6E, 0x63, 
0xBB, 0x2E, 0x70, 0x72, 0x69, 0x76, 0x61, 0x74, 0x65, 0x5F, 0x73, 0x65, 0x67, 0x6D, 0x65, 0x6E, 
0x74, 0x5F, 0x66, 0x69, 0x78, 0x65, 0x64, 0x5F, 0x73, 0x69, 0x7A, 0x65, 0x00, 0xB4, 0x2E, 0x72, 
0x65, 0x71, 0x64, 0x5F, 0x77, 0x6F, 0x72, 0x6B, 0x67, 0x72, 0x6F, 0x75, 0x70, 0x5F, 0x73, 0x69, 
0x7A, 0x65, 0x93, 0xCD, 0x01, 0x00, 0x01, 0x01, 0xAB, 0x2E, 0x73, 0x67, 0x70, 0x72, 0x5F, 0x63, 
0x6F, 0x75, 0x6E, 0x74, 0x66, 0xA7, 0x2E, 0x73, 0x79, 0x6D, 0x62, 0x6F, 0x6C, 0xAE, 0x6B, 0x65, 
0x72, 0x6E, 0x65, 0x6C, 0x5F, 0x66, 0x75, 0x6E, 0x63, 0x2E, 0x6B, 0x64, 0xAB, 0x2E, 0x76, 0x67, 
0x70, 0x72, 0x5F, 0x63, 0x6F, 0x75, 0x6E, 0x74, 0xCD, 0x02, 0x00, 0xAF, 0x2E, 0x77, 0x61, 0x76, 
0x65, 0x66, 0x72, 0x6F, 0x6E, 0x74, 0x5F, 0x73, 0x69, 0x7A, 0x65, 0x40, 0xAE, 0x61, 0x6D, 0x64, 
0x68, 0x73, 0x61, 0x2E, 0x76, 0x65, 0x72, 0x73, 0x69, 0x6F, 0x6E, 0x92, 0x01, 0x00, 0x00, 0x00, 
0x00, 0x00, 0x00, 0x00, 0x00, 0x00, 0x00, 0x00, 0x00, 0x00, 0x00, 0x00, 0x00, 0x00, 0x00, 0x00, 
0x00, 0x00, 0x00, 0x00, 0x00, 0x00, 0x00, 0x00, 0x01, 0x00, 0x00, 0x00, 0x12, 0x03, 0x07, 0x00, 
0x00, 0x25, 0x00, 0x00, 0x00, 0x00, 0x00, 0x00, 0x00, 0x00, 0x00, 0x00, 0x00, 0x00, 0x00, 0x00, 
0x0D, 0x00, 0x00, 0x00, 0x11, 0x00, 0x06, 0x00, 0x80, 0x14, 0x00, 0x00, 0x00, 0x00, 0x00, 0x00, 
0x40, 0x00, 0x00, 0x00, 0x00, 0x00, 0x00, 0x00, 0x01, 0x00, 0x00, 0x00, 0x01, 0x00, 0x00, 0x00, 
0x01, 0x00, 0x00, 0x00, 0x1A, 0x00, 0x00, 0x00, 0x02, 0x40, 0x02, 0x04, 0x00, 0x00, 0x00, 0x00, 
0x01, 0x00, 0x00, 0x00, 0x10, 0xBA, 0xA0, 0x06, 0x4F, 0x9E, 0xA8, 0x68, 0x03, 0x00, 0x00, 0x00, 
0x03, 0x00, 0x00, 0x00, 0x02, 0x00, 0x00, 0x00, 0x00, 0x00, 0x00, 0x00, 0x00, 0x00, 0x00, 0x00, 
0x00, 0x00, 0x00, 0x00, 0x00, 0x00, 0x00, 0x00, 0x01, 0x00, 0x00, 0x00, 0x00, 0x6B, 0x65, 0x72, 
0x6E, 0x65, 0x6C, 0x5F, 0x66, 0x75, 0x6E, 0x63, 0x00, 0x6B, 0x65, 0x72, 0x6E, 0x65, 0x6C, 0x5F, 
0x66, 0x75, 0x6E, 0x63, 0x2E, 0x6B, 0x64, 0x00, 0x00, 0x00, 0x00, 0x00, 0x00, 0x00, 0x00, 0x00, 
0x00, 0x00, 0x00, 0x00, 0x00, 0x00, 0x00, 0x00, 0x00, 0x00, 0x00, 0x00, 0x00, 0x00, 0x00, 0x00, 
0x00, 0x00, 0x00, 0x00, 0x00, 0x00, 0x00, 0x00, 0x00, 0x00, 0x00, 0x00, 0x00, 0x00, 0x00, 0x00, 
0x00, 0x00, 0x01, 0x00, 0x00, 0x00, 0x00, 0x00, 0x00, 0x00, 0x00, 0x00, 0x00, 0x00, 0x00, 0x00, 
0x80, 0x10, 0x00, 0x00, 0x00, 0x00, 0x00, 0x00, 0x00, 0x00, 0x00, 0x00, 0x00, 0x00, 0x00, 0x00, 
0x00, 0x00, 0x00, 0x00, 0x00, 0x00, 0x00, 0x00, 0x00, 0x00, 0x00, 0x00, 0x3F, 0x00, 0x00, 0x00, 
0x7F, 0x03, 0x0C, 0x00, 0x84, 0x03, 0x00, 0x00, 0x08, 0x00, 0x00, 0x00, 0x00, 0x00, 0x00, 0x00, 
0x00, 0x00, 0x00, 0x00, 0x00, 0x00, 0x00, 0x00, 0x00, 0x00, 0x00, 0x00, 0x00, 0x00, 0x00, 0x00, 
0x00, 0x00, 0x00, 0x00, 0x00, 0x00, 0x00, 0x00, 0x00, 0x00, 0x00, 0x00, 0x00, 0x00, 0x00, 0x00, 
0x00, 0x00, 0x00, 0x00, 0x00, 0x00, 0x00, 0x00, 0x00, 0x00, 0x00, 0x00, 0x00, 0x00, 0x00, 0x00, 
0x00, 0x00, 0x00, 0x00, 0x00, 0x00, 0x00, 0x00, 0x00, 0x00, 0x00, 0x00, 0x00, 0x00, 0x00, 0x00, 
0x01, 0xFF, 0x01, 0x86, 0xFF, 0xFF, 0x00, 0x00, 0x00, 0x08, 0x06, 0xC0, 0x00, 0x00, 0x00, 0x00, 
0x00, 0x09, 0x06, 0xC0, 0x08, 0x00, 0x00, 0x00, 0x00, 0x0A, 0x06, 0xC0, 0x10, 0x00, 0x00, 0x00, 
0x00, 0x02, 0x06, 0xC0, 0x18, 0x00, 0x00, 0x00, 0x00, 0x03, 0x06, 0xC0, 0x20, 0x00, 0x00, 0x00, 
0x00, 0x04, 0x06, 0xC0, 0x28, 0x00, 0x00, 0x00, 0x00, 0x05, 0x06, 0xC0, 0x30, 0x00, 0x00, 0x00, 
0x00, 0x06, 0x06, 0xC0, 0x38, 0x00, 0x00, 0x00, 0x00, 0x07, 0x06, 0xC0, 0x40, 0x00, 0x00, 0x00, 
0xC0, 0x0B, 0x02, 0xC0, 0x48, 0x00, 0x00, 0x00, 0x00, 0x0C, 0x02, 0xC0, 0x50, 0x00, 0x00, 0x00, 
0x00, 0x0B, 0x02, 0xC0, 0x58, 0x00, 0x00, 0x00, 0x40, 0x0C, 0x02, 0xC0, 0x60, 0x00, 0x00, 0x00, 
0x80, 0x0C, 0x02, 0xC0, 0x68, 0x00, 0x00, 0x00, 0x40, 0x19, 0x02, 0xC0, 0x70, 0x00, 0x00, 0x00, 
0x00, 0x18, 0x02, 0xC0, 0x78, 0x00, 0x00, 0x00, 0x80, 0x12, 0x02, 0xC0, 0x80, 0x00, 0x00, 0x00, 
0xC0, 0x12, 0x02, 0xC0, 0x88, 0x00, 0x00, 0x00, 0x40, 0x01, 0x02, 0xC0, 0x90, 0x00, 0x00, 0x00, 
0x00, 0x13, 0x02, 0xC0, 0x98, 0x00, 0x00, 0x00, 0x40, 0x13, 0x02, 0xC0, 0xA0, 0x00, 0x00, 0x00, 
0x80, 0x01, 0x02, 0xC0, 0xA8, 0x00, 0x00, 0x00, 0x80, 0x13, 0x02, 0xC0, 0xB0, 0x00, 0x00, 0x00, 
0xC0, 0x13, 0x02, 0xC0, 0xB8, 0x00, 0x00, 0x00, 0xC0, 0x01, 0x02, 0xC0, 0xC0, 0x00, 0x00, 0x00, 
0x80, 0x15, 0x02, 0xC0, 0xC8, 0x00, 0x00, 0x00, 0xC0, 0x15, 0x02, 0xC0, 0xD0, 0x00, 0x00, 0x00, 
0xC0, 0x0C, 0x02, 0xC0, 0xD8, 0x00, 0x00, 0x00, 0x00, 0x16, 0x02, 0xC0, 0xE0, 0x00, 0x00, 0x00, 
0x40, 0x16, 0x02, 0xC0, 0xE8, 0x00, 0x00, 0x00, 0x00, 0x0D, 0x02, 0xC0, 0xF0, 0x00, 0x00, 0x00, 
0x80, 0x16, 0x02, 0xC0, 0xF8, 0x00, 0x00, 0x00, 0xC0, 0x16, 0x02, 0xC0, 0x00, 0x01, 0x00, 0x00, 
0x40, 0x0D, 0x02, 0xC0, 0x08, 0x01, 0x00, 0x00, 0x8A, 0x00, 0x02, 0x20, 0x8A, 0x02, 0x04, 0x20, 
0xFF, 0x04, 0x04, 0x26, 0xFF, 0x03, 0x00, 0x00, 0xFF, 0x02, 0x02, 0x26, 0xFF, 0x03, 0x00, 0x00, 
0xFF, 0x00, 0x00, 0x26, 0xFF, 0x03, 0x00, 0x00, 0x86, 0x00, 0x06, 0x20, 0xBF, 0x00, 0x00, 0x26, 
0x02, 0x00, 0x82, 0xBE, 0x03, 0x00, 0x83, 0xBE, 0x04, 0x00, 0x84, 0xBE, 0x03, 0x05, 0x5C, 0x7E, 
0x7F, 0xC0, 0x8C, 0xBF, 0xFF, 0x00, 0x8B, 0xBE, 0x00, 0x00, 0x02, 0x00, 0xFF, 0x00, 0x8F, 0xBE, 
0x00, 0x00, 0x02, 0x00, 0xFF, 0x00, 0x93, 0xBE, 0x00, 0x00, 0x02, 0x00, 0xFF, 0x00, 0x97, 0xBE, 
0x00, 0x00, 0x02, 0x00, 0xFF, 0x00, 0x9B, 0xBE, 0x00, 0x00, 0x02, 0x00, 0xFF, 0x00, 0x9F, 0xBE, 
0x00, 0x00, 0x02, 0x00, 0xFF, 0x00, 0xA3, 0xBE, 0x00, 0x00, 0x02, 0x00, 0xFF, 0x00, 0xA7, 0xBE, 
0x00, 0x00, 0x02, 0x00, 0xFF, 0x00, 0xAB, 0xBE, 0x00, 0x00, 0x02, 0x00, 0x09, 0xFF, 0x09, 0x86, 
0xFF, 0xFF, 0x00, 0x00, 0x0D, 0xFF, 0x0D, 0x86, 0xFF, 0xFF, 0x00, 0x00, 0x11, 0xFF, 0x11, 0x86, 
0xFF, 0xFF, 0x00, 0x00, 0x15, 0xFF, 0x15, 0x86, 0xFF, 0xFF, 0x00, 0x00, 0x19, 0xFF, 0x19, 0x86, 
0xFF, 0xFF, 0x00, 0x00, 0x1D, 0xFF, 0x1D, 0x86, 0xFF, 0xFF, 0x00, 0x00, 0x21, 0xFF, 0x21, 0x86, 
0xFF, 0xFF, 0x00, 0x00, 0x25, 0xFF, 0x25, 0x86, 0xFF, 0xFF, 0x00, 0x00, 0x29, 0xFF, 0x29, 0x86, 
0xFF, 0xFF, 0x00, 0x00, 0x09, 0xFF, 0x09, 0x87, 0x00, 0x00, 0x04, 0x00, 0x0D, 0xFF, 0x0D, 0x87, 
0x00, 0x00, 0x04, 0x00, 0x11, 0xFF, 0x11, 0x87, 0x00, 0x00, 0x04, 0x00, 0x15, 0xFF, 0x15, 0x87, 
0x00, 0x00, 0x04, 0x00, 0x19, 0xFF, 0x19, 0x87, 0x00, 0x00, 0x04, 0x00, 0x1D, 0xFF, 0x1D, 0x87, 
0x00, 0x00, 0x04, 0x00, 0x21, 0xFF, 0x21, 0x87, 0x00, 0x00, 0x04, 0x00, 0x25, 0xFF, 0x25, 0x87, 
0x00, 0x00, 0x04, 0x00, 0x29, 0xFF, 0x29, 0x87, 0x00, 0x00, 0x04, 0x00, 0xFF, 0x40, 0xD9, 0xD3, 
0x80, 0x00, 0x00, 0x18, 0x80, 0x02, 0xFE, 0x7F, 0x08, 0x00, 0xD6, 0xBE, 0x0C, 0x00, 0xD8, 0xBE, 
0x10, 0x00, 0xDA, 0xBE, 0x14, 0x00, 0xDC, 0xBE, 0x1C, 0x00, 0xDE, 0xBE, 0x09, 0x00, 0xD7, 0xBE, 
0x0D, 0x00, 0xD9, 0xBE, 0x11, 0x00, 0xDB, 0xBE, 0x15, 0x00, 0xDD, 0xBE, 0x1D, 0x00, 0xDF, 0xBE, 
0x03, 0x00, 0xC7, 0xBE, 0x2C, 0x0C, 0x2C, 0x7E, 0x80, 0x2C, 0xBC, 0x81, 0x16, 0x47, 0x2C, 0x7E, 
0x00, 0x00, 0x80, 0xBF, 0xFF, 0x2C, 0x2C, 0x0A, 0xFE, 0xFF, 0x7F, 0x4F, 0x16, 0x0F, 0x2C, 0x7E, 
0x17, 0x00, 0x85, 0xD2, 0x3C, 0x2C, 0x02, 0x00, 0x17, 0x00, 0x86, 0xD2, 0x16, 0x2F, 0x02, 0x00, 
0x16, 0x2F, 0x2C, 0x68, 0x16, 0x00, 0x86, 0xD2, 0x47, 0x2C, 0x02, 0x00, 0x17, 0x00, 0x85, 0xD2, 
0x16, 0x59, 0x00, 0x00, 0x47, 0x2E, 0x32, 0x6A, 0x81, 0x2C, 0x30, 0x68, 0x2C, 0x32, 0x96, 0x7D, 
0x2C, 0x32, 0x2E, 0x6C, 0x00, 0x00, 0x80, 0xBF, 0x16, 0x31, 0x2C, 0x00, 0x19, 0x2F, 0x32, 0x00, 
0x81, 0x2C, 0x2E, 0x68, 0x2C, 0x32, 0x96, 0x7D, 0x01, 0x00, 0x80, 0xBF, 0x16, 0x2F, 0x32, 0x00, 
0x03, 0x00, 0x80, 0xBF, 0x19, 0x05, 0x5A, 0x7E, 0x03, 0x00, 0x80, 0xBF, 0x2F, 0x02, 0x2C, 0x7E, 
0x30, 0x2C, 0x2C, 0x0A, 0x80, 0x00, 0xC2, 0xBE, 0x31, 0x00, 0xBA, 0xBE, 0x80, 0x00, 0xBB, 0xBE, 
0x16, 0x05, 0x72, 0x7E, 0x65, 0xC0, 0x43, 0x92, 0x90, 0x05, 0x44, 0x92, 0x90, 0x33, 0x46, 0x92, 
0x90, 0x00, 0xC5, 0xBE, 0x06, 0xFF, 0x3C, 0x92, 0x80, 0x00, 0x00, 0x00, 0x02, 0x3C, 0x3C, 0x92, 
0x2D, 0x4C, 0x3D, 0x92, 0x04, 0x4D, 0x3E, 0x92, 0x3C, 0x3D, 0x36, 0x80, 0x36, 0x3E, 0x36, 0x80, 
0x02, 0xFF, 0x3C, 0x92, 0x80, 0x00, 0x00, 0x00, 0x32, 0x3C, 0xBC, 0x81, 0x06, 0x3C, 0x3C, 0x92, 
0x3C, 0x00, 0x8E, 0xBE, 0x36, 0x58, 0x0C, 0x80, 0x80, 0x59, 0x0D, 0x82, 0x07, 0xFF, 0x3C, 0x92, 
0x80, 0x00, 0x00, 0x00, 0x02, 0x3C, 0x3C, 0x92, 0x2D, 0x4E, 0x3D, 0x92, 0x04, 0x4F, 0x3E, 0x92, 
0x3C, 0x3D, 0x36, 0x80, 0x36, 0x3E, 0x36, 0x80, 0x02, 0xFF, 0x3C, 0x92, 0x80, 0x00, 0x00, 0x00, 
0x32, 0x3C, 0xBC, 0x81, 0x07, 0x3C, 0x3C, 0x92, 0x3C, 0x00, 0x92, 0xBE, 0x36, 0x5A, 0x10, 0x80, 
0x80, 0x5B, 0x11, 0x82, 0x03, 0x4A, 0x3D, 0x92, 0x04, 0x4B, 0x3E, 0x92, 0x3D, 0x3E, 0x37, 0x80, 
0x05, 0x31, 0x3C, 0x92, 0x3C, 0x00, 0x8A, 0xBE, 0x37, 0x56, 0x08, 0x80, 0x80, 0x57, 0x09, 0x82, 
0x03, 0x56, 0x3D, 0x92, 0x04, 0x57, 0x3E, 0x92, 0x3D, 0x3E, 0x38, 0x80, 0x33, 0x31, 0x3C, 0x92, 
0x3C, 0x00, 0x96, 0xBE, 0x38, 0x5C, 0x14, 0x80, 0x80, 0x5D, 0x15, 0x82, 0x3C, 0x00, 0x9E, 0xBE, 
0x38, 0x5E, 0x1C, 0x80, 0x80, 0x5F, 0x1D, 0x82, 0x04, 0x60, 0x3E, 0x92, 0x3E, 0x31, 0x3E, 0x92, 
0x3E, 0x82, 0x3E, 0x8E, 0x03, 0x31, 0x3D, 0x92, 0x84, 0x3D, 0x3D, 0x92, 0x3D, 0x3E, 0x41, 0x80, 
0x84, 0x31, 0x3C, 0x92, 0x3C, 0x3D, 0x3C, 0x80, 0x3C, 0x3E, 0x3C, 0x80, 0x3C, 0x82, 0x3C, 0x8F, 
0x3C, 0x00, 0x9A, 0xBE, 0x07, 0x00, 0xBF, 0xBE, 0x83, 0x00, 0x2C, 0x26, 0x81, 0x2C, 0x2E, 0x26, 
0x81, 0x2C, 0x30, 0x20, 0x85, 0x00, 0x2C, 0x20, 0x18, 0x2D, 0x30, 0x2A, 0x81, 0x30, 0x30, 0x24, 
0x18, 0x2F, 0x2E, 0x68, 0x84, 0x2E, 0x2E, 0x24, 0x82, 0x00, 0x2C, 0x20, 0x3F, 0x2C, 0x2C, 0x0C, 
0x16, 0x2F, 0x06, 0x68, 0x2E, 0xC0, 0x3C, 0x92, 0x3C, 0x06, 0x06, 0x68, 0xFF, 0x08, 0x08, 0x68, 
0x00, 0x01, 0x00, 0x00, 0x80, 0x00, 0xE1, 0xBE, 0x2E, 0xFF, 0x3C, 0x92, 0x00, 0x04, 0x00, 0x00, 
0x80, 0x3C, 0x7C, 0x80, 0x90, 0x07, 0x3C, 0x92, 0x00, 0x10, 0x5D, 0xE0, 0x03, 0x00, 0x04, 0x61, 
0xFF, 0x7C, 0x7C, 0x80, 0x00, 0x10, 0x00, 0x00, 0x00, 0x10, 0x5D, 0xE0, 0x04, 0x00, 0x04, 0x61, 
0xFF, 0x7C, 0x7C, 0x80, 0x00, 0x10, 0x00, 0x00, 0x3C, 0x61, 0x61, 0x80, 0x00, 0x10, 0x5D, 0xE0, 
0x03, 0x00, 0x04, 0x61, 0xFF, 0x7C, 0x7C, 0x80, 0x00, 0x10, 0x00, 0x00, 0x00, 0x10, 0x5D, 0xE0, 
0x04, 0x00, 0x04, 0x61, 0xFF, 0x7C, 0x7C, 0x80, 0x00, 0x10, 0x00, 0x00, 0x3C, 0x61, 0x61, 0x80, 
0x00, 0x10, 0x5D, 0xE0, 0x03, 0x00, 0x04, 0x61, 0xFF, 0x7C, 0x7C, 0x80, 0x00, 0x10, 0x00, 0x00, 
0x00, 0x10, 0x5D, 0xE0, 0x04, 0x00, 0x04, 0x61, 0xFF, 0x7C, 0x7C, 0x80, 0x00, 0x10, 0x00, 0x00, 
0x3C, 0x61, 0x61, 0x80, 0x00, 0x10, 0x5D, 0xE0, 0x03, 0x00, 0x04, 0x61, 0xFF, 0x7C, 0x7C, 0x80, 
0x00, 0x10, 0x00, 0x00, 0x00, 0x10, 0x5D, 0xE0, 0x04, 0x00, 0x04, 0x61, 0xFF, 0x7C, 0x7C, 0x80, 
0x00, 0x10, 0x00, 0x00, 0x3C, 0x61, 0x61, 0x80, 0x00, 0x10, 0x5D, 0xE0, 0x03, 0x00, 0x04, 0x61, 
0xFF, 0x7C, 0x7C, 0x80, 0x00, 0x10, 0x00, 0x00, 0x00, 0x10, 0x5D, 0xE0, 0x04, 0x00, 0x04, 0x61, 
0xFF, 0x7C, 0x7C, 0x80, 0x00, 0x10, 0x00, 0x00, 0x3C, 0x61, 0x61, 0x80, 0x00, 0x10, 0x5D, 0xE0, 
0x03, 0x00, 0x04, 0x61, 0xFF, 0x7C, 0x7C, 0x80, 0x00, 0x10, 0x00, 0x00, 0x00, 0x10, 0x5D, 0xE0, 
0x04, 0x00, 0x04, 0x61, 0xFF, 0x7C, 0x7C, 0x80, 0x00, 0x10, 0x00, 0x00, 0x3C, 0x61, 0x61, 0x80, 
0x00, 0x10, 0x5D, 0xE0, 0x03, 0x00, 0x04, 0x61, 0xFF, 0x7C, 0x7C, 0x80, 0x00, 0x10, 0x00, 0x00, 
0x00, 0x10, 0x5D, 0xE0, 0x04, 0x00, 0x04, 0x61, 0xFF, 0x7C, 0x7C, 0x80, 0x00, 0x10, 0x00, 0x00, 
0x3C, 0x61, 0x61, 0x80, 0x00, 0x10, 0x5D, 0xE0, 0x03, 0x00, 0x04, 0x61, 0xFF, 0x7C, 0x7C, 0x80, 
0x00, 0x10, 0x00, 0x00, 0x00, 0x10, 0x5D, 0xE0, 0x04, 0x00, 0x04, 0x61, 0xFF, 0x7C, 0x7C, 0x80, 
0x00, 0x10, 0x00, 0x00, 0x3C, 0x61, 0x61, 0x80, 0x34, 0x00, 0xC0, 0xBE, 0x85, 0x00, 0x2C, 0x20, 
0x40, 0x2C, 0x0A, 0x0C, 0x8F, 0x00, 0x2C, 0x26, 0x82, 0x2C, 0x2E, 0x24, 0x84, 0x2E, 0x2E, 0x0C, 
0x17, 0x0B, 0x0A, 0x68, 0x90, 0x40, 0x3C, 0x92, 0x2E, 0x3C, 0x3C, 0x92, 0x3C, 0x0A, 0x0A, 0x68, 
0xFF, 0x34, 0x3C, 0x92, 0x80, 0x00, 0x00, 0x00, 0x02, 0x3C, 0x3C, 0x92, 0x03, 0x58, 0x3D, 0x92, 
0x04, 0x59, 0x3E, 0x92, 0x3C, 0x3D, 0x3C, 0x80, 0x3C, 0x3E, 0x3C, 0x80, 0x3C, 0x0A, 0x0A, 0x68, 
0x82, 0x0A, 0x0A, 0x20, 0x32, 0x34, 0x3C, 0x92, 0x3C, 0x3D, 0x3C, 0x80, 0x3C, 0x3E, 0x3C, 0x80, 
0x3C, 0x82, 0x3C, 0x8F, 0x3C, 0x00, 0xA6, 0xBE, 0x35, 0x00, 0xC0, 0xBE, 0x85, 0x00, 0x2C, 0x20, 
0x40, 0x2C, 0x0C, 0x0C, 0x8F, 0x00, 0x2C, 0x26, 0x82, 0x2C, 0x2E, 0x24, 0x84, 0x2E, 0x2E, 0x0C, 
0x17, 0x0D, 0x0C, 0x68, 0x90, 0x40, 0x3C, 0x92, 0x2E, 0x3C, 0x3C, 0x92, 0x3C, 0x0C, 0x0C, 0x68, 
0xFF, 0x35, 0x3C, 0x92, 0x80, 0x00, 0x00, 0x00, 0x02, 0x3C, 0x3C, 0x92, 0x03, 0x5A, 0x3D, 0x92, 
0x04, 0x5B, 0x3E, 0x92, 0x3C, 0x3D, 0x3C, 0x80, 0x3C, 0x3E, 0x3C, 0x80, 0x3C, 0x0C, 0x0C, 0x68, 
0x82, 0x0C, 0x0C, 0x20, 0x32, 0x35, 0x3C, 0x92, 0x3C, 0x3D, 0x3C, 0x80, 0x3C, 0x3E, 0x3C, 0x80, 
0x3C, 0x82, 0x3C, 0x8F, 0x3C, 0x00, 0xAA, 0xBE, 0x84, 0x00, 0x2C, 0x20, 0x82, 0x2C, 0x2C, 0x24, 
0x33, 0x2C, 0x0E, 0x0C, 0x8F, 0x00, 0x2C, 0x26, 0x84, 0x2C, 0x2C, 0x0C, 0x16, 0x0F, 0x0E, 0x68, 
0x2E, 0xFF, 0x3C, 0x92, 0x80, 0x00, 0x00, 0x00, 0x3C, 0x0E, 0x0E, 0x68, 0x33, 0x0E, 0x10, 0x68, 
0x33, 0x10, 0x12, 0x68, 0x33, 0x12, 0x14, 0x68, 0x03, 0x56, 0x3D, 0x92, 0x04, 0x57, 0x3E, 0x92, 
0x3D, 0x3E, 0x3C, 0x80, 0x3C, 0x20, 0x20, 0x80, 0x80, 0x21, 0x21, 0x82, 0x65, 0x31, 0x3C, 0x92, 
0x3C, 0x82, 0x3C, 0x8E, 0x3C, 0x00, 0xA2, 0xBE, 0x8F, 0x00, 0x16, 0x26, 0x82, 0x16, 0x16, 0x24, 
0x0B, 0x03, 0x36, 0x7E, 0x41, 0x16, 0x16, 0x68, 0x82, 0x16, 0x16, 0x20, 0x2E, 0x81, 0x3C, 0x8F, 
0x3C, 0x88, 0x3C, 0x8E, 0xFF, 0x3C, 0x4A, 0x80, 0x00, 0x20, 0x01, 0x00, 0xFF, 0x4A, 0x4B, 0x80, 
0x00, 0x02, 0x00, 0x00, 0xFF, 0x4B, 0x4C, 0x80, 0x00, 0x02, 0x00, 0x00, 0x4A, 0x00, 0xFC, 0xBE, 
0x00, 0x20, 0x51, 0xE0, 0x0B, 0x00, 0x06, 0x80, 0x45, 0x16, 0x16, 0x68, 0x84, 0x00, 0x2C, 0x20, 
0x84, 0x2C, 0x20, 0x0C, 0x83, 0x00, 0x2E, 0x26, 0x17, 0x21, 0x20, 0x68, 0x82, 0x20, 0x20, 0x24, 
0x84, 0x00, 0x2C, 0x20, 0x81, 0x2C, 0x2E, 0x26, 0x81, 0x2C, 0x30, 0x20, 0x8F, 0x00, 0x2C, 0x26, 
0x84, 0x2C, 0x18, 0x24, 0x83, 0x2C, 0x2C, 0x20, 0x16, 0x31, 0x2C, 0x2A, 0x81, 0x2C, 0x2C, 0x24, 
0x17, 0x2D, 0x2C, 0x68, 0x82, 0x2C, 0x2C, 0x24, 0x16, 0x19, 0x18, 0x68, 0x82, 0x18, 0x18, 0x24, 
0x2E, 0xFF, 0x3C, 0x92, 0x00, 0x20, 0x00, 0x00, 0x3C, 0x18, 0x22, 0x68, 0x06, 0x00, 0xBF, 0xBE, 
0x83, 0x00, 0x2C, 0x26, 0x81, 0x2C, 0x2E, 0x26, 0x81, 0x2C, 0x30, 0x20, 0x85, 0x00, 0x2C, 0x20, 
0x18, 0x2D, 0x30, 0x2A, 0x81, 0x30, 0x30, 0x24, 0x18, 0x2F, 0x2E, 0x68, 0x84, 0x2E, 0x2E, 0x24, 
0x82, 0x00, 0x2C, 0x20, 0x3F, 0x2C, 0x2C, 0x0C, 0x16, 0x2F, 0x02, 0x68, 0x2E, 0xC0, 0x3C, 0x92, 
0x3C, 0x02, 0x02, 0x68, 0xFF, 0x04, 0x04, 0x68, 0x00, 0x01, 0x00, 0x00, 0x80, 0x00, 0xE1, 0xBE, 
0x2E, 0xFF, 0x3C, 0x92, 0x00, 0x04, 0x00, 0x00, 0xFF, 0x3C, 0x7C, 0x80, 0x00, 0x26, 0x01, 0x00, 
0x79, 0x0F, 0x8C, 0xBF, 0x00, 0x00, 0x8A, 0xBF, 0x00, 0x00, 0xFE, 0xDB, 0x11, 0x00, 0x00, 0x80, 
0x00, 0x04, 0xFE, 0xDB, 0x11, 0x00, 0x00, 0x84, 0x00, 0x08, 0xFE, 0xDB, 0x11, 0x00, 0x00, 0x88, 
0x00, 0x0C, 0xFE, 0xDB, 0x11, 0x00, 0x00, 0x8C, 0x00, 0x10, 0xFE, 0xDB, 0x11, 0x00, 0x00, 0x90, 
0x00, 0x14, 0xFE, 0xDB, 0x11, 0x00, 0x00, 0x94, 0x00, 0x18, 0xFE, 0xDB, 0x11, 0x00, 0x00, 0x98, 
0x00, 0x1C, 0xFE, 0xDB, 0x11, 0x00, 0x00, 0x9C, 0x90, 0x06, 0x3C, 0x92, 0x00, 0x10, 0x5D, 0xE0, 
0x01, 0x00, 0x03, 0x61, 0xFF, 0x7C, 0x7C, 0x80, 0x00, 0x10, 0x00, 0x00, 0x00, 0x10, 0x5D, 0xE0, 
0x02, 0x00, 0x03, 0x61, 0xFF, 0x7C, 0x7C, 0x80, 0x00, 0x10, 0x00, 0x00, 0x3C, 0x61, 0x61, 0x80, 
0x00, 0x10, 0x5D, 0xE0, 0x01, 0x00, 0x03, 0x61, 0xFF, 0x7C, 0x7C, 0x80, 0x00, 0x10, 0x00, 0x00, 
0x00, 0x10, 0x5D, 0xE0, 0x02, 0x00, 0x03, 0x61, 0xFF, 0x7C, 0x7C, 0x80, 0x00, 0x10, 0x00, 0x00, 
0x3C, 0x61, 0x61, 0x80, 0x00, 0x10, 0x5D, 0xE0, 0x01, 0x00, 0x03, 0x61, 0xFF, 0x7C, 0x7C, 0x80, 
0x00, 0x10, 0x00, 0x00, 0x00, 0x10, 0x5D, 0xE0, 0x02, 0x00, 0x03, 0x61, 0xFF, 0x7C, 0x7C, 0x80, 
0x00, 0x10, 0x00, 0x00, 0x3C, 0x61, 0x61, 0x80, 0x00, 0x10, 0x5D, 0xE0, 0x01, 0x00, 0x03, 0x61, 
0xFF, 0x7C, 0x7C, 0x80, 0x00, 0x10, 0x00, 0x00, 0x00, 0x10, 0x5D, 0xE0, 0x02, 0x00, 0x03, 0x61, 
0xFF, 0x7C, 0x7C, 0x80, 0x00, 0x10, 0x00, 0x00, 0x3C, 0x61, 0x61, 0x80, 0x79, 0x0F, 0x8C, 0xBF, 
0x00, 0x00, 0x8A, 0xBF, 0x00, 0x80, 0xFE, 0xDB, 0x11, 0x00, 0x00, 0xA0, 0x00, 0x84, 0xFE, 0xDB, 
0x11, 0x00, 0x00, 0xA4, 0x00, 0x88, 0xFE, 0xDB, 0x11, 0x00, 0x00, 0xA8, 0x00, 0x8C, 0xFE, 0xDB, 
0x11, 0x00, 0x00, 0xAC, 0x00, 0x90, 0xFE, 0xDB, 0x11, 0x00, 0x00, 0xB0, 0x00, 0x94, 0xFE, 0xDB, 
0x11, 0x00, 0x00, 0xB4, 0x00, 0x98, 0xFE, 0xDB, 0x11, 0x00, 0x00, 0xB8, 0x00, 0x9C, 0xFE, 0xDB, 
0x11, 0x00, 0x00, 0xBC, 0x90, 0x06, 0x3C, 0x92, 0x00, 0x10, 0x5D, 0xE0, 0x01, 0x00, 0x03, 0x61, 
0xFF, 0x7C, 0x7C, 0x80, 0x00, 0x10, 0x00, 0x00, 0x00, 0x10, 0x5D, 0xE0, 0x02, 0x00, 0x03, 0x61, 
0xFF, 0x7C, 0x7C, 0x80, 0x00, 0x10, 0x00, 0x00, 0x3C, 0x61, 0x61, 0x80, 0x00, 0x10, 0x5D, 0xE0, 
0x01, 0x00, 0x03, 0x61, 0xFF, 0x7C, 0x7C, 0x80, 0x00, 0x10, 0x00, 0x00, 0x00, 0x10, 0x5D, 0xE0, 
0x02, 0x00, 0x03, 0x61, 0xFF, 0x7C, 0x7C, 0x80, 0x00, 0x10, 0x00, 0x00, 0x3C, 0x61, 0x61, 0x80, 
0x00, 0x10, 0x5D, 0xE0, 0x01, 0x00, 0x03, 0x61, 0xFF, 0x7C, 0x7C, 0x80, 0x00, 0x10, 0x00, 0x00, 
0x00, 0x10, 0x5D, 0xE0, 0x02, 0x00, 0x03, 0x61, 0xFF, 0x7C, 0x7C, 0x80, 0x00, 0x10, 0x00, 0x00, 
0x3C, 0x61, 0x61, 0x80, 0x00, 0x10, 0x5D, 0xE0, 0x01, 0x00, 0x03, 0x61, 0xFF, 0x7C, 0x7C, 0x80, 
0x00, 0x10, 0x00, 0x00, 0x00, 0x10, 0x5D, 0xE0, 0x02, 0x00, 0x03, 0x61, 0xFF, 0x7C, 0x7C, 0x80, 
0x00, 0x10, 0x00, 0x00, 0x3C, 0x61, 0x61, 0x80, 0x4B, 0x00, 0xFC, 0xBE, 0x00, 0x20, 0x51, 0xE0, 
0x0B, 0x00, 0x06, 0x80, 0x45, 0x16, 0x16, 0x68, 0x33, 0x00, 0xBF, 0xBE, 0x83, 0x00, 0x2C, 0x26, 
0x81, 0x2C, 0x2E, 0x26, 0x81, 0x2C, 0x30, 0x20, 0x85, 0x00, 0x2C, 0x20, 0x18, 0x2D, 0x30, 0x2A, 
0x81, 0x30, 0x30, 0x24, 0x18, 0x2F, 0x2E, 0x68, 0x84, 0x2E, 0x2E, 0x24, 0x82, 0x00, 0x2C, 0x20, 
0x3F, 0x2C, 0x2C, 0x0C, 0x16, 0x2F, 0x06, 0x68, 0x2E, 0xC0, 0x3C, 0x92, 0x3C, 0x06, 0x06, 0x68, 
0xFF, 0x08, 0x08, 0x68, 0x00, 0x01, 0x00, 0x00, 0x80, 0x00, 0xE3, 0xBE, 0x80, 0x00, 0xE4, 0xBE, 
0x2E, 0xFF, 0x3C, 0x92, 0x00, 0x04, 0x00, 0x00, 0xFF, 0x3C, 0x53, 0x80, 0x00, 0xC0, 0x00, 0x00, 
0xFF, 0x50, 0x54, 0x80, 0x00, 0x20, 0x00, 0x00, 0xFF, 0x51, 0x55, 0x80, 0x00, 0x20, 0x00, 0x00, 
0xFF, 0x3C, 0x50, 0x80, 0x00, 0x60, 0x00, 0x00, 0xFF, 0x50, 0x51, 0x80, 0x00, 0x20, 0x00, 0x00, 
0xFF, 0x51, 0x52, 0x80, 0x00, 0x20, 0x00, 0x00, 0x53, 0x00, 0xFC, 0xBE, 0x00, 0x10, 0x5D, 0xE0, 
0x03, 0x00, 0x07, 0x63, 0xFF, 0x7C, 0x7C, 0x80, 0x00, 0x10, 0x00, 0x00, 0x00, 0x10, 0x5D, 0xE0, 
0x04, 0x00, 0x07, 0x63, 0xFF, 0x7C, 0x7C, 0x80, 0x00, 0x10, 0x00, 0x00, 0x46, 0x63, 0x63, 0x80, 
0x05, 0x00, 0xBF, 0xBE, 0x83, 0x00, 0x2C, 0x26, 0x81, 0x2C, 0x2E, 0x26, 0x81, 0x2C, 0x30, 0x20, 
0x85, 0x00, 0x2C, 0x20, 0x18, 0x2D, 0x30, 0x2A, 0x81, 0x30, 0x30, 0x24, 0x18, 0x2F, 0x2E, 0x68, 
0x84, 0x2E, 0x2E, 0x24, 0x82, 0x00, 0x2C, 0x20, 0x3F, 0x2C, 0x2C, 0x0C, 0x16, 0x2F, 0x02, 0x68, 
0x2E, 0xC0, 0x3C, 0x92, 0x3C, 0x02, 0x02, 0x68, 0xFF, 0x04, 0x04, 0x68, 0x00, 0x01, 0x00, 0x00, 
0x80, 0x00, 0xE2, 0xBE, 0x2E, 0xFF, 0x3C, 0x92, 0x00, 0x04, 0x00, 0x00, 0x80, 0x3C, 0x4D, 0x80, 
0xFF, 0x4D, 0x4E, 0x80, 0x00, 0x20, 0x00, 0x00, 0xFF, 0x4E, 0x4F, 0x80, 0x00, 0x20, 0x00, 0x00, 
0xFF, 0x22, 0x22, 0x68, 0x00, 0x26, 0x01, 0x00, 0xFF, 0x24, 0x24, 0x68, 0x00, 0x26, 0x01, 0x00, 
0xFF, 0x26, 0x26, 0x68, 0x00, 0x26, 0x01, 0x00, 0x7B, 0x0F, 0x8C, 0xBF, 0x00, 0x00, 0x8A, 0xBF, 
0x00, 0x00, 0xFE, 0xDB, 0x11, 0x00, 0x00, 0x00, 0x00, 0x04, 0xFE, 0xDB, 0x11, 0x00, 0x00, 0x04, 
0x00, 0x08, 0xFE, 0xDB, 0x11, 0x00, 0x00, 0x08, 0x00, 0x0C, 0xFE, 0xDB, 0x11, 0x00, 0x00, 0x0C, 
0x00, 0x10, 0xFE, 0xDB, 0x11, 0x00, 0x00, 0x10, 0x00, 0x14, 0xFE, 0xDB, 0x11, 0x00, 0x00, 0x14, 
0x00, 0x18, 0xFE, 0xDB, 0x11, 0x00, 0x00, 0x18, 0x00, 0x1C, 0xFE, 0xDB, 0x11, 0x00, 0x00, 0x1C, 
0x4D, 0x00, 0xFC, 0xBE, 0x00, 0x10, 0x5D, 0xE0, 0x01, 0x00, 0x02, 0x62, 0xFF, 0x7C, 0x7C, 0x80, 
0x00, 0x10, 0x00, 0x00, 0x00, 0x10, 0x5D, 0xE0, 0x02, 0x00, 0x02, 0x62, 0xFF, 0x7C, 0x7C, 0x80, 
0x00, 0x10, 0x00, 0x00, 0x44, 0x62, 0x62, 0x80, 0x50, 0x00, 0xFC, 0xBE, 0x00, 0x10, 0x5D, 0xE0, 
0x03, 0x00, 0x05, 0x64, 0xFF, 0x7C, 0x7C, 0x80, 0x00, 0x10, 0x00, 0x00, 0x00, 0x10, 0x5D, 0xE0, 
0x04, 0x00, 0x05, 0x64, 0xFF, 0x7C, 0x7C, 0x80, 0x00, 0x10, 0x00, 0x00, 0x46, 0x64, 0x64, 0x80, 
0x51, 0x00, 0xFC, 0xBE, 0x00, 0x10, 0x5D, 0xE0, 0x03, 0x00, 0x05, 0x64, 0xFF, 0x7C, 0x7C, 0x80, 
0x00, 0x10, 0x00, 0x00, 0x00, 0x10, 0x5D, 0xE0, 0x04, 0x00, 0x05, 0x64, 0xFF, 0x7C, 0x7C, 0x80, 
0x00, 0x10, 0x00, 0x00, 0x46, 0x64, 0x64, 0x80, 0x54, 0x00, 0xFC, 0xBE, 0x00, 0x10, 0x5D, 0xE0, 
0x03, 0x00, 0x07, 0x63, 0xFF, 0x7C, 0x7C, 0x80, 0x00, 0x10, 0x00, 0x00, 0x00, 0x10, 0x5D, 0xE0, 
0x04, 0x00, 0x07, 0x63, 0xFF, 0x7C, 0x7C, 0x80, 0x00, 0x10, 0x00, 0x00, 0x46, 0x63, 0x63, 0x80, 
0x7B, 0x0F, 0x8C, 0xBF, 0x00, 0x00, 0x8A, 0xBF, 0x00, 0x80, 0xFE, 0xDB, 0x11, 0x00, 0x00, 0x20, 
0x00, 0x84, 0xFE, 0xDB, 0x11, 0x00, 0x00, 0x24, 0x00, 0x88, 0xFE, 0xDB, 0x11, 0x00, 0x00, 0x28, 
0x00, 0x8C, 0xFE, 0xDB, 0x11, 0x00, 0x00, 0x2C, 0x00, 0x90, 0xFE, 0xDB, 0x11, 0x00, 0x00, 0x30, 
0x00, 0x94, 0xFE, 0xDB, 0x11, 0x00, 0x00, 0x34, 0x00, 0x98, 0xFE, 0xDB, 0x11, 0x00, 0x00, 0x38, 
0x00, 0x9C, 0xFE, 0xDB, 0x11, 0x00, 0x00, 0x3C, 0x4E, 0x00, 0xFC, 0xBE, 0x00, 0x10, 0x5D, 0xE0, 
0x01, 0x00, 0x02, 0x62, 0xFF, 0x7C, 0x7C, 0x80, 0x00, 0x10, 0x00, 0x00, 0x00, 0x10, 0x5D, 0xE0, 
0x02, 0x00, 0x02, 0x62, 0xFF, 0x7C, 0x7C, 0x80, 0x00, 0x10, 0x00, 0x00, 0x44, 0x62, 0x62, 0x80, 
0x76, 0x0F, 0x8C, 0xBF, 0x00, 0x00, 0x8A, 0xBF, 0xFF, 0x20, 0x2C, 0x68, 0x00, 0x20, 0x01, 0x00, 
0x00, 0x00, 0x6C, 0xD8, 0x16, 0x00, 0x00, 0xF4, 0x80, 0x18, 0x2C, 0x68, 0x00, 0x00, 0xFE, 0xD9, 
0x16, 0x00, 0x00, 0x84, 0x00, 0x04, 0xFE, 0xD9, 0x16, 0x00, 0x00, 0x88, 0x00, 0x08, 0xFE, 0xD9, 
0x16, 0x00, 0x00, 0x8C, 0x00, 0x0C, 0xFE, 0xD9, 0x16, 0x00, 0x00, 0x90, 0x00, 0x10, 0xFE, 0xD9, 
0x16, 0x00, 0x00, 0x94, 0x00, 0x14, 0xFE, 0xD9, 0x16, 0x00, 0x00, 0x98, 0x00, 0x18, 0xFE, 0xD9, 
0x16, 0x00, 0x00, 0x9C, 0x00, 0x1C, 0xFE, 0xD9, 0x16, 0x00, 0x00, 0xA0, 0xFF, 0x18, 0x2C, 0x68, 
0x00, 0xC0, 0x00, 0x00, 0x00, 0x00, 0xFE, 0xD9, 0x16, 0x00, 0x00, 0x64, 0x00, 0x04, 0xFE, 0xD9, 
0x16, 0x00, 0x00, 0x68, 0xFF, 0x18, 0x2C, 0x68, 0x00, 0x60, 0x00, 0x00, 0x00, 0x00, 0xFE, 0xD9, 
0x16, 0x00, 0x00, 0x64, 0x00, 0x04, 0xFE, 0xD9, 0x16, 0x00, 0x00, 0x68, 0x00, 0x08, 0xFE, 0xD9, 
0x16, 0x00, 0x00, 0x6C, 0x00, 0x0C, 0xFE, 0xD9, 0x16, 0x00, 0x00, 0x70, 0x00, 0x10, 0xFE, 0xD9, 
0x16, 0x00, 0x00, 0x74, 0x00, 0x14, 0xFE, 0xD9, 0x16, 0x00, 0x00, 0x78, 0x00, 0x18, 0xFE, 0xD9, 
0x16, 0x00, 0x00, 0x7C, 0x00, 0x1C, 0xFE, 0xD9, 0x16, 0x00, 0x00, 0x80, 0xC0, 0x40, 0xD9, 0xD3, 
0x80, 0x00, 0x00, 0x18, 0x80, 0x02, 0x48, 0x7F, 0xC1, 0x40, 0xD9, 0xD3, 0x80, 0x00, 0x00, 0x18, 
0x80, 0x02, 0x4A, 0x7F, 0xC2, 0x40, 0xD9, 0xD3, 0x80, 0x00, 0x00, 0x18, 0x80, 0x02, 0x4C, 0x7F, 
0xC3, 0x40, 0xD9, 0xD3, 0x80, 0x00, 0x00, 0x18, 0x80, 0x02, 0x4E, 0x7F, 0xC4, 0x40, 0xD9, 0xD3, 
0x80, 0x00, 0x00, 0x18, 0x80, 0x02, 0x50, 0x7F, 0xC5, 0x40, 0xD9, 0xD3, 0x80, 0x00, 0x00, 0x18, 
0x80, 0x02, 0x52, 0x7F, 0xC6, 0x40, 0xD9, 0xD3, 0x80, 0x00, 0x00, 0x18, 0x80, 0x02, 0x54, 0x7F, 
0xC7, 0x40, 0xD9, 0xD3, 0x80, 0x00, 0x00, 0x18, 0x80, 0x02, 0x56, 0x7F, 0xC8, 0x40, 0xD9, 0xD3, 
0x80, 0x00, 0x00, 0x18, 0x80, 0x02, 0x58, 0x7F, 0xC9, 0x40, 0xD9, 0xD3, 0x80, 0x00, 0x00, 0x18, 
0x80, 0x02, 0x5A, 0x7F, 0xCA, 0x40, 0xD9, 0xD3, 0x80, 0x00, 0x00, 0x18, 0x80, 0x02, 0x5C, 0x7F, 
0xCB, 0x40, 0xD9, 0xD3, 0x80, 0x00, 0x00, 0x18, 0x80, 0x02, 0x5E, 0x7F, 0xCC, 0x40, 0xD9, 0xD3, 
0x80, 0x00, 0x00, 0x18, 0x80, 0x02, 0x60, 0x7F, 0xCD, 0x40, 0xD9, 0xD3, 0x80, 0x00, 0x00, 0x18, 
0x80, 0x02, 0x62, 0x7F, 0xCE, 0x40, 0xD9, 0xD3, 0x80, 0x00, 0x00, 0x18, 0x80, 0x02, 0x64, 0x7F, 
0xCF, 0x40, 0xD9, 0xD3, 0x80, 0x00, 0x00, 0x18, 0x80, 0x02, 0x66, 0x7F, 0xD0, 0x40, 0xD9, 0xD3, 
0x80, 0x00, 0x00, 0x18, 0x80, 0x02, 0x68, 0x7F, 0xD1, 0x40, 0xD9, 0xD3, 0x80, 0x00, 0x00, 0x18, 
0x80, 0x02, 0x6A, 0x7F, 0xD2, 0x40, 0xD9, 0xD3, 0x80, 0x00, 0x00, 0x18, 0x80, 0x02, 0x6C, 0x7F, 
0xD3, 0x40, 0xD9, 0xD3, 0x80, 0x00, 0x00, 0x18, 0x80, 0x02, 0x6E, 0x7F, 0xD4, 0x40, 0xD9, 0xD3, 
0x80, 0x00, 0x00, 0x18, 0x80, 0x02, 0x70, 0x7F, 0xD5, 0x40, 0xD9, 0xD3, 0x80, 0x00, 0x00, 0x18, 
0x80, 0x02, 0x72, 0x7F, 0xD6, 0x40, 0xD9, 0xD3, 0x80, 0x00, 0x00, 0x18, 0x80, 0x02, 0x74, 0x7F, 
0xD7, 0x40, 0xD9, 0xD3, 0x80, 0x00, 0x00, 0x18, 0x80, 0x02, 0x76, 0x7F, 0xD8, 0x40, 0xD9, 0xD3, 
0x80, 0x00, 0x00, 0x18, 0x80, 0x02, 0x78, 0x7F, 0xD9, 0x40, 0xD9, 0xD3, 0x80, 0x00, 0x00, 0x18, 
0x80, 0x02, 0x7A, 0x7F, 0xDA, 0x40, 0xD9, 0xD3, 0x80, 0x00, 0x00, 0x18, 0x80, 0x02, 0x7C, 0x7F, 
0xDB, 0x40, 0xD9, 0xD3, 0x80, 0x00, 0x00, 0x18, 0x80, 0x02, 0x7E, 0x7F, 0xDC, 0x40, 0xD9, 0xD3, 
0x80, 0x00, 0x00, 0x18, 0x80, 0x02, 0x80, 0x7F, 0xDD, 0x40, 0xD9, 0xD3, 0x80, 0x00, 0x00, 0x18, 
0x80, 0x02, 0x82, 0x7F, 0xDE, 0x40, 0xD9, 0xD3, 0x80, 0x00, 0x00, 0x18, 0x80, 0x02, 0x84, 0x7F, 
0xDF, 0x40, 0xD9, 0xD3, 0x80, 0x00, 0x00, 0x18, 0x80, 0x02, 0x86, 0x7F, 0xE0, 0x40, 0xD9, 0xD3, 
0x80, 0x00, 0x00, 0x18, 0x80, 0x02, 0x88, 0x7F, 0xE1, 0x40, 0xD9, 0xD3, 0x80, 0x00, 0x00, 0x18, 
0x80, 0x02, 0x8A, 0x7F, 0xE2, 0x40, 0xD9, 0xD3, 0x80, 0x00, 0x00, 0x18, 0x80, 0x02, 0x8C, 0x7F, 
0xE3, 0x40, 0xD9, 0xD3, 0x80, 0x00, 0x00, 0x18, 0x80, 0x02, 0x8E, 0x7F, 0xE4, 0x40, 0xD9, 0xD3, 
0x80, 0x00, 0x00, 0x18, 0x80, 0x02, 0x90, 0x7F, 0xE5, 0x40, 0xD9, 0xD3, 0x80, 0x00, 0x00, 0x18, 
0x80, 0x02, 0x92, 0x7F, 0xE6, 0x40, 0xD9, 0xD3, 0x80, 0x00, 0x00, 0x18, 0x80, 0x02, 0x94, 0x7F, 
0xE7, 0x40, 0xD9, 0xD3, 0x80, 0x00, 0x00, 0x18, 0x80, 0x02, 0x96, 0x7F, 0xE8, 0x40, 0xD9, 0xD3, 
0x80, 0x00, 0x00, 0x18, 0x80, 0x02, 0x98, 0x7F, 0xE9, 0x40, 0xD9, 0xD3, 0x80, 0x00, 0x00, 0x18, 
0x80, 0x02, 0x9A, 0x7F, 0xEA, 0x40, 0xD9, 0xD3, 0x80, 0x00, 0x00, 0x18, 0x80, 0x02, 0x9C, 0x7F, 
0xEB, 0x40, 0xD9, 0xD3, 0x80, 0x00, 0x00, 0x18, 0x80, 0x02, 0x9E, 0x7F, 0xEC, 0x40, 0xD9, 0xD3, 
0x80, 0x00, 0x00, 0x18, 0x80, 0x02, 0xA0, 0x7F, 0xED, 0x40, 0xD9, 0xD3, 0x80, 0x00, 0x00, 0x18, 
0x80, 0x02, 0xA2, 0x7F, 0xEE, 0x40, 0xD9, 0xD3, 0x80, 0x00, 0x00, 0x18, 0x80, 0x02, 0xA4, 0x7F, 
0xEF, 0x40, 0xD9, 0xD3, 0x80, 0x00, 0x00, 0x18, 0x80, 0x02, 0xA6, 0x7F, 0xF0, 0x40, 0xD9, 0xD3, 
0x80, 0x00, 0x00, 0x18, 0x80, 0x02, 0xA8, 0x7F, 0xF1, 0x40, 0xD9, 0xD3, 0x80, 0x00, 0x00, 0x18, 
0x80, 0x02, 0xAA, 0x7F, 0xF2, 0x40, 0xD9, 0xD3, 0x80, 0x00, 0x00, 0x18, 0x80, 0x02, 0xAC, 0x7F, 
0xF3, 0x40, 0xD9, 0xD3, 0x80, 0x00, 0x00, 0x18, 0x80, 0x02, 0xAE, 0x7F, 0xF4, 0x40, 0xD9, 0xD3, 
0x80, 0x00, 0x00, 0x18, 0x80, 0x02, 0xB0, 0x7F, 0xF5, 0x40, 0xD9, 0xD3, 0x80, 0x00, 0x00, 0x18, 
0x80, 0x02, 0xB2, 0x7F, 0xF6, 0x40, 0xD9, 0xD3, 0x80, 0x00, 0x00, 0x18, 0x80, 0x02, 0xB4, 0x7F, 
0xF7, 0x40, 0xD9, 0xD3, 0x80, 0x00, 0x00, 0x18, 0x80, 0x02, 0xB6, 0x7F, 0xF8, 0x40, 0xD9, 0xD3, 
0x80, 0x00, 0x00, 0x18, 0x80, 0x02, 0xB8, 0x7F, 0xF9, 0x40, 0xD9, 0xD3, 0x80, 0x00, 0x00, 0x18, 
0x80, 0x02, 0xBA, 0x7F, 0xFA, 0x40, 0xD9, 0xD3, 0x80, 0x00, 0x00, 0x18, 0x80, 0x02, 0xBC, 0x7F, 
0xFB, 0x40, 0xD9, 0xD3, 0x80, 0x00, 0x00, 0x18, 0x80, 0x02, 0xBE, 0x7F, 0xFC, 0x40, 0xD9, 0xD3, 
0x80, 0x00, 0x00, 0x18, 0x80, 0x02, 0xC0, 0x7F, 0xFD, 0x40, 0xD9, 0xD3, 0x80, 0x00, 0x00, 0x18, 
0x80, 0x02, 0xC2, 0x7F, 0xFE, 0x40, 0xD9, 0xD3, 0x80, 0x00, 0x00, 0x18, 0x80, 0x02, 0xC4, 0x7F, 
0xFF, 0x40, 0xD9, 0xD3, 0x80, 0x00, 0x00, 0x18, 0x80, 0x02, 0xC6, 0x7F, 0x80, 0x02, 0xC8, 0x7F, 
0x80, 0x02, 0xD8, 0x7F, 0x80, 0x02, 0xCA, 0x7F, 0x80, 0x02, 0xDA, 0x7F, 0x80, 0x02, 0xCC, 0x7F, 
0x80, 0x02, 0xDC, 0x7F, 0x80, 0x02, 0xCE, 0x7F, 0x80, 0x02, 0xDE, 0x7F, 0x80, 0x02, 0xD0, 0x7F, 
0x80, 0x02, 0xE0, 0x7F, 0x80, 0x02, 0xD2, 0x7F, 0x80, 0x02, 0xE2, 0x7F, 0x80, 0x02, 0xD4, 0x7F, 
0x80, 0x02, 0xE4, 0x7F, 0x80, 0x02, 0xD6, 0x7F, 0x80, 0x02, 0xE6, 0x7F, 0x7F, 0xCA, 0x8C, 0xBF, 
0x00, 0x00, 0x8A, 0xBF, 0x30, 0xE8, 0xE9, 0x0B, 0xFA, 0x02, 0xEE, 0x7F, 0xF4, 0xFF, 0x00, 0xFF, 
0xFA, 0x02, 0xEC, 0x7F, 0xF4, 0xAA, 0x00, 0xFF, 0xFA, 0x02, 0xEA, 0x7F, 0xF4, 0x55, 0x00, 0xFF, 
0xFA, 0x02, 0xE8, 0x7F, 0xF4, 0x00, 0x00, 0xFF, 0x84, 0x00, 0x2C, 0x24, 0x86, 0x2C, 0x1A, 0x20, 
0x8F, 0x00, 0x2E, 0x26, 0x87, 0x2E, 0x30, 0x26, 0x18, 0x1B, 0x1A, 0x68, 0x81, 0x2C, 0x2C, 0x20, 
0x83, 0x2E, 0x2E, 0x20, 0x17, 0x2D, 0x2C, 0x2A, 0x83, 0x2C, 0x30, 0x24, 0x18, 0x1B, 0x1A, 0x68, 
0x0D, 0x03, 0x24, 0x7E, 0xFF, 0x24, 0x26, 0x68, 0x00, 0x01, 0x00, 0x00, 0xFF, 0x2E, 0x3C, 0x92, 
0x00, 0x02, 0x00, 0x00, 0x3C, 0x24, 0x24, 0x68, 0x3C, 0x26, 0x26, 0x68, 0x82, 0x1A, 0x1A, 0x24, 
0x82, 0x24, 0x24, 0x24, 0x82, 0x26, 0x26, 0x24, 0x84, 0x00, 0x2C, 0x20, 0x81, 0x2C, 0x2E, 0x26, 
0x81, 0x2C, 0x30, 0x20, 0x8F, 0x00, 0x2C, 0x26, 0x84, 0x2C, 0x1C, 0x24, 0x83, 0x2C, 0x2C, 0x20, 
0x16, 0x31, 0x2C, 0x2A, 0x81, 0x2C, 0x2C, 0x24, 0x17, 0x2D, 0x2C, 0x68, 0x82, 0x2C, 0x2C, 0x24, 
0x16, 0x1D, 0x1C, 0x68, 0x82, 0x1C, 0x1C, 0x24, 0x84, 0x00, 0x2C, 0x24, 0x86, 0x2C, 0x1E, 0x20, 
0x8F, 0x00, 0x2E, 0x26, 0x87, 0x2E, 0x30, 0x26, 0x18, 0x1F, 0x1E, 0x68, 0x81, 0x2C, 0x2C, 0x20, 
0x83, 0x2E, 0x2E, 0x20, 0x17, 0x2D, 0x2C, 0x2A, 0x83, 0x2C, 0x30, 0x24, 0x18, 0x1F, 0x1E, 0x68, 
0x2E, 0xFF, 0x3C, 0x92, 0x00, 0x01, 0x00, 0x00, 0x3C, 0x1E, 0x1E, 0x68, 0x82, 0x1E, 0x1E, 0x24, 
0x7F, 0xC0, 0x8C, 0xBF, 0x00, 0x00, 0x8A, 0xBF, 0x00, 0x00, 0x6C, 0xDA, 0x12, 0x00, 0x00, 0x40, 
0x40, 0x00, 0x6C, 0xDA, 0x12, 0x00, 0x00, 0x41, 0x80, 0x00, 0x6C, 0xDA, 0x12, 0x00, 0x00, 0x42, 
0xC0, 0x00, 0x6C, 0xDA, 0x12, 0x00, 0x00, 0x43, 0x00, 0x00, 0x6C, 0xDA, 0x13, 0x00, 0x00, 0x44, 
0x40, 0x00, 0x6C, 0xDA, 0x13, 0x00, 0x00, 0x45, 0x80, 0x00, 0x6C, 0xDA, 0x13, 0x00, 0x00, 0x46, 
0xC0, 0x00, 0x6C, 0xDA, 0x13, 0x00, 0x00, 0x47, 0x00, 0x20, 0x6C, 0xDA, 0x12, 0x00, 0x00, 0x48, 
0x40, 0x20, 0x6C, 0xDA, 0x12, 0x00, 0x00, 0x49, 0x80, 0x20, 0x6C, 0xDA, 0x12, 0x00, 0x00, 0x4A, 
0xC0, 0x20, 0x6C, 0xDA, 0x12, 0x00, 0x00, 0x4B, 0x00, 0x20, 0x6C, 0xDA, 0x13, 0x00, 0x00, 0x4C, 
0x40, 0x20, 0x6C, 0xDA, 0x13, 0x00, 0x00, 0x4D, 0x80, 0x20, 0x6C, 0xDA, 0x13, 0x00, 0x00, 0x4E, 
0xC0, 0x20, 0x6C, 0xDA, 0x13, 0x00, 0x00, 0x4F, 0x00, 0x40, 0x6C, 0xDA, 0x12, 0x00, 0x00, 0x50, 
0x40, 0x40, 0x6C, 0xDA, 0x12, 0x00, 0x00, 0x51, 0x80, 0x40, 0x6C, 0xDA, 0x12, 0x00, 0x00, 0x52, 
0xC0, 0x40, 0x6C, 0xDA, 0x12, 0x00, 0x00, 0x53, 0x00, 0x40, 0x6C, 0xDA, 0x13, 0x00, 0x00, 0x54, 
0x40, 0x40, 0x6C, 0xDA, 0x13, 0x00, 0x00, 0x55, 0x80, 0x40, 0x6C, 0xDA, 0x13, 0x00, 0x00, 0x56, 
0xC0, 0x40, 0x6C, 0xDA, 0x13, 0x00, 0x00, 0x57, 0x00, 0x60, 0x6C, 0xDA, 0x12, 0x00, 0x00, 0x58, 
0x40, 0x60, 0x6C, 0xDA, 0x12, 0x00, 0x00, 0x59, 0x80, 0x60, 0x6C, 0xDA, 0x12, 0x00, 0x00, 0x5A, 
0xC0, 0x60, 0x6C, 0xDA, 0x12, 0x00, 0x00, 0x5B, 0x00, 0x60, 0x6C, 0xDA, 0x13, 0x00, 0x00, 0x5C, 
0x40, 0x60, 0x6C, 0xDA, 0x13, 0x00, 0x00, 0x5D, 0x80, 0x60, 0x6C, 0xDA, 0x13, 0x00, 0x00, 0x5E, 
0xC0, 0x60, 0x6C, 0xDA, 0x13, 0x00, 0x00, 0x5F, 0x00, 0x80, 0x6C, 0xDA, 0x12, 0x00, 0x00, 0x60, 
0x40, 0x80, 0x6C, 0xDA, 0x12, 0x00, 0x00, 0x61, 0x80, 0x80, 0x6C, 0xDA, 0x12, 0x00, 0x00, 0x62, 
0xC0, 0x80, 0x6C, 0xDA, 0x12, 0x00, 0x00, 0x63, 0x00, 0x80, 0x6C, 0xDA, 0x13, 0x00, 0x00, 0x64, 
0x40, 0x80, 0x6C, 0xDA, 0x13, 0x00, 0x00, 0x65, 0x80, 0x80, 0x6C, 0xDA, 0x13, 0x00, 0x00, 0x66, 
0xC0, 0x80, 0x6C, 0xDA, 0x13, 0x00, 0x00, 0x67, 0x00, 0xA0, 0x6C, 0xDA, 0x12, 0x00, 0x00, 0x68, 
0x40, 0xA0, 0x6C, 0xDA, 0x12, 0x00, 0x00, 0x69, 0x80, 0xA0, 0x6C, 0xDA, 0x12, 0x00, 0x00, 0x6A, 
0xC0, 0xA0, 0x6C, 0xDA, 0x12, 0x00, 0x00, 0x6B, 0x00, 0xA0, 0x6C, 0xDA, 0x13, 0x00, 0x00, 0x6C, 
0x40, 0xA0, 0x6C, 0xDA, 0x13, 0x00, 0x00, 0x6D, 0x80, 0xA0, 0x6C, 0xDA, 0x13, 0x00, 0x00, 0x6E, 
0xC0, 0xA0, 0x6C, 0xDA, 0x13, 0x00, 0x00, 0x6F, 0x00, 0xC0, 0x6C, 0xDA, 0x12, 0x00, 0x00, 0x70, 
0x40, 0xC0, 0x6C, 0xDA, 0x12, 0x00, 0x00, 0x71, 0x80, 0xC0, 0x6C, 0xDA, 0x12, 0x00, 0x00, 0x72, 
0xC0, 0xC0, 0x6C, 0xDA, 0x12, 0x00, 0x00, 0x73, 0x00, 0xC0, 0x6C, 0xDA, 0x13, 0x00, 0x00, 0x74, 
0x40, 0xC0, 0x6C, 0xDA, 0x13, 0x00, 0x00, 0x75, 0x80, 0xC0, 0x6C, 0xDA, 0x13, 0x00, 0x00, 0x76, 
0xC0, 0xC0, 0x6C, 0xDA, 0x13, 0x00, 0x00, 0x77, 0x00, 0xE0, 0x6C, 0xDA, 0x12, 0x00, 0x00, 0x78, 
0x40, 0xE0, 0x6C, 0xDA, 0x12, 0x00, 0x00, 0x79, 0x80, 0xE0, 0x6C, 0xDA, 0x12, 0x00, 0x00, 0x7A, 
0xC0, 0xE0, 0x6C, 0xDA, 0x12, 0x00, 0x00, 0x7B, 0x00, 0xE0, 0x6C, 0xDA, 0x13, 0x00, 0x00, 0x7C, 
0x40, 0xE0, 0x6C, 0xDA, 0x13, 0x00, 0x00, 0x7D, 0x80, 0xE0, 0x6C, 0xDA, 0x13, 0x00, 0x00, 0x7E, 
0xC0, 0xE0, 0x6C, 0xDA, 0x13, 0x00, 0x00, 0x7F, 0x2E, 0x82, 0x04, 0xBF, 0x43, 0x22, 0x84, 0xBF, 
0x00, 0x00, 0x80, 0xBF, 0x00, 0x00, 0x80, 0xBF, 0x80, 0x02, 0x2C, 0x7E, 0xFF, 0x36, 0x2E, 0x68, 
0x00, 0x46, 0x02, 0x00, 0x00, 0x00, 0x1A, 0xD8, 0x17, 0x16, 0x00, 0x00, 0x00, 0x00, 0x8A, 0xBF, 
0x1C, 0x00, 0xC5, 0xD3, 0x84, 0x01, 0x02, 0x12, 0x2F, 0xC8, 0xC9, 0x0B, 0x2F, 0xCA, 0xCB, 0x0B, 
0x2F, 0xCC, 0xCD, 0x0B, 0x2F, 0xCE, 0xCF, 0x0B, 0x1C, 0x00, 0xC5, 0xD3, 0x85, 0x03, 0x72, 0x14, 
0x2F, 0xD0, 0xD1, 0x0B, 0x2F, 0xD2, 0xD3, 0x0B, 0x2F, 0xD4, 0xD5, 0x0B, 0x2F, 0xD6, 0xD7, 0x0B, 
0x1C, 0x00, 0xC5, 0xD3, 0x86, 0x05, 0x72, 0x14, 0x2E, 0x88, 0x3C, 0x92, 0x3C, 0x01, 0x11, 0xBF, 
0x64, 0xF1, 0xF1, 0x0B, 0x00, 0x00, 0x9C, 0xBF, 0x3C, 0x01, 0x11, 0xBF, 0x65, 0xF3, 0xF3, 0x0B, 
0x00, 0x00, 0x9C, 0xBF, 0x3C, 0x01, 0x11, 0xBF, 0x66, 0xF5, 0xF5, 0x0B, 0x00, 0x00, 0x9C, 0xBF, 
0x3C, 0x01, 0x11, 0xBF, 0x67, 0xF7, 0xF7, 0x0B, 0x00, 0x00, 0x9C, 0xBF, 0x1C, 0x00, 0xC5, 0xD3, 
0x87, 0x07, 0x72, 0x14, 0x00, 0x10, 0x34, 0xE1, 0x07, 0xEC, 0x08, 0x80, 0x1C, 0x00, 0xC5, 0xD3, 
0x88, 0x09, 0x72, 0x14, 0x2E, 0x88, 0x3C, 0x92, 0x3C, 0x01, 0x11, 0xBF, 0x68, 0xF9, 0xF9, 0x0B, 
0x00, 0x00, 0x9C, 0xBF, 0x3C, 0x01, 0x11, 0xBF, 0x69, 0xFB, 0xFB, 0x0B, 0x00, 0x00, 0x9C, 0xBF, 
0x3C, 0x01, 0x11, 0xBF, 0x6A, 0xFD, 0xFD, 0x0B, 0x00, 0x00, 0x9C, 0xBF, 0x3C, 0x01, 0x11, 0xBF, 
0x6B, 0xFF, 0xFF, 0x0B, 0x00, 0x00, 0x9C, 0xBF, 0x1C, 0x00, 0xC5, 0xD3, 0x89, 0x0B, 0x72, 0x14, 
0x00, 0x10, 0x34, 0xE1, 0x08, 0xED, 0x08, 0x80, 0x1C, 0x00, 0xC5, 0xD3, 0x8A, 0x0D, 0x72, 0x14, 
0xF8, 0x40, 0xB2, 0xD3, 0xFA, 0xF1, 0x03, 0x18, 0xFC, 0x40, 0xB2, 0xD3, 0xFE, 0xF9, 0x03, 0x18, 
0xF8, 0x40, 0xB2, 0xD3, 0xFC, 0xF1, 0x03, 0x18, 0xF9, 0xF1, 0xF1, 0x03, 0xF8, 0x03, 0xF2, 0x7F, 
0xF9, 0xB5, 0xF0, 0x7F, 0xF9, 0xF1, 0xF1, 0x03, 0xF8, 0x03, 0xF2, 0x7F, 0xF9, 0xB3, 0xF0, 0x7F, 
0xF9, 0xF1, 0xF1, 0x03, 0xFF, 0x36, 0x2C, 0x68, 0x00, 0x46, 0x02, 0x00, 0x00, 0x00, 0x2A, 0xD8, 
0x16, 0xF8, 0x00, 0x00, 0x1C, 0x00, 0xC5, 0xD3, 0x8B, 0x0F, 0x72, 0x14, 0x00, 0x60, 0x6C, 0xD8, 
0x0D, 0x00, 0x00, 0x44, 0x40, 0x60, 0x6C, 0xD8, 0x0D, 0x00, 0x00, 0x45, 0x80, 0x60, 0x6C, 0xD8, 
0x0D, 0x00, 0x00, 0x46, 0xC0, 0x60, 0x6C, 0xD8, 0x0D, 0x00, 0x00, 0x47, 0x00, 0x64, 0x6C, 0xD8, 
0x0D, 0x00, 0x00, 0x48, 0x40, 0x64, 0x6C, 0xD8, 0x0D, 0x00, 0x00, 0x49, 0x80, 0x64, 0x6C, 0xD8, 
0x0D, 0x00, 0x00, 0x4A, 0xC0, 0x64, 0x6C, 0xD8, 0x0D, 0x00, 0x00, 0x4B, 0x1C, 0x00, 0xC5, 0xD3, 
0x8C, 0x11, 0x72, 0x14, 0x00, 0x68, 0x6C, 0xD8, 0x0D, 0x00, 0x00, 0x4C, 0x40, 0x68, 0x6C, 0xD8, 
0x0D, 0x00, 0x00, 0x4D, 0x80, 0x68, 0x6C, 0xD8, 0x0D, 0x00, 0x00, 0x4E, 0xC0, 0x68, 0x6C, 0xD8, 
0x0D, 0x00, 0x00, 0x4F, 0x00, 0x6C, 0x6C, 0xD8, 0x0D, 0x00, 0x00, 0x50, 0x40, 0x6C, 0x6C, 0xD8, 
0x0D, 0x00, 0x00, 0x51, 0x80, 0x6C, 0x6C, 0xD8, 0x0D, 0x00, 0x00, 0x52, 0xC0, 0x6C, 0x6C, 0xD8, 
0x0D, 0x00, 0x00, 0x53, 0x1C, 0x00, 0xC5, 0xD3, 0x8D, 0x13, 0x72, 0x14, 0x00, 0x70, 0x6C, 0xD8, 
0x0D, 0x00, 0x00, 0x54, 0x40, 0x70, 0x6C, 0xD8, 0x0D, 0x00, 0x00, 0x55, 0x80, 0x70, 0x6C, 0xD8, 
0x0D, 0x00, 0x00, 0x56, 0xC0, 0x70, 0x6C, 0xD8, 0x0D, 0x00, 0x00, 0x57, 0x00, 0x74, 0x6C, 0xD8, 
0x0D, 0x00, 0x00, 0x58, 0x40, 0x74, 0x6C, 0xD8, 0x0D, 0x00, 0x00, 0x59, 0x80, 0x74, 0x6C, 0xD8, 
0x0D, 0x00, 0x00, 0x5A, 0xC0, 0x74, 0x6C, 0xD8, 0x0D, 0x00, 0x00, 0x5B, 0x1C, 0x00, 0xC5, 0xD3, 
0x8E, 0x15, 0x72, 0x14, 0x00, 0x78, 0x6C, 0xD8, 0x0D, 0x00, 0x00, 0x5C, 0x40, 0x78, 0x6C, 0xD8, 
0x0D, 0x00, 0x00, 0x5D, 0x80, 0x78, 0x6C, 0xD8, 0x0D, 0x00, 0x00, 0x5E, 0xC0, 0x78, 0x6C, 0xD8, 
0x0D, 0x00, 0x00, 0x5F, 0x00, 0x7C, 0x6C, 0xD8, 0x0D, 0x00, 0x00, 0x60, 0x40, 0x7C, 0x6C, 0xD8, 
0x0D, 0x00, 0x00, 0x61, 0x80, 0x7C, 0x6C, 0xD8, 0x0D, 0x00, 0x00, 0x62, 0xC0, 0x7C, 0x6C, 0xD8, 
0x0D, 0x00, 0x00, 0x63, 0x1C, 0x00, 0xC5, 0xD3, 0x8F, 0x17, 0x72, 0x14, 0x1C, 0x00, 0xC5, 0xD3, 
0x90, 0x19, 0x72, 0x14, 0x1C, 0x00, 0xC5, 0xD3, 0x91, 0x1B, 0x72, 0x14, 0x1C, 0x00, 0xC5, 0xD3, 
0x92, 0x1D, 0x72, 0x14, 0x1C, 0x00, 0xC5, 0xD3, 0x93, 0x1F, 0x72, 0x14, 0x1C, 0x00, 0xC5, 0xD3, 
0x94, 0x21, 0x72, 0x14, 0x1C, 0x00, 0xC5, 0xD3, 0x95, 0x23, 0x72, 0x14, 0x1C, 0x00, 0xC5, 0xD3, 
0x96, 0x25, 0x72, 0x14, 0x1C, 0x00, 0xC5, 0xD3, 0x97, 0x27, 0x72, 0x14, 0x1C, 0x00, 0xC5, 0xD3, 
0x98, 0x29, 0x72, 0x14, 0x1C, 0x00, 0xC5, 0xD3, 0x99, 0x2B, 0x72, 0x14, 0x1C, 0x00, 0xC5, 0xD3, 
0x9A, 0x2D, 0x72, 0x14, 0x1C, 0x00, 0xC5, 0xD3, 0x9B, 0x2F, 0x72, 0x14, 0x1C, 0x00, 0xC5, 0xD3, 
0x9C, 0x31, 0x72, 0x14, 0x1C, 0x00, 0xC5, 0xD3, 0x9D, 0x33, 0x72, 0x14, 0x1C, 0x00, 0xC5, 0xD3, 
0x9E, 0x35, 0x72, 0x14, 0x1C, 0x00, 0xC5, 0xD3, 0x9F, 0x37, 0x72, 0x14, 0x1C, 0x00, 0xC5, 0xD3, 
0xA0, 0x39, 0x72, 0x14, 0x1C, 0x00, 0xC5, 0xD3, 0xA1, 0x3B, 0x72, 0x14, 0x1C, 0x00, 0xC5, 0xD3, 
0xA2, 0x3D, 0x72, 0x14, 0x1C, 0x00, 0xC5, 0xD3, 0xA3, 0x3F, 0x72, 0x14, 0x20, 0x00, 0xC5, 0xD3, 
0x84, 0x21, 0x02, 0x12, 0x20, 0x00, 0xC5, 0xD3, 0x85, 0x23, 0x82, 0x14, 0x20, 0x00, 0xC5, 0xD3, 
0x86, 0x25, 0x82, 0x14, 0x20, 0x00, 0xC5, 0xD3, 0x87, 0x27, 0x82, 0x14, 0x20, 0x00, 0xC5, 0xD3, 
0x88, 0x29, 0x82, 0x14, 0x20, 0x00, 0xC5, 0xD3, 0x89, 0x2B, 0x82, 0x14, 0x20, 0x00, 0xC5, 0xD3, 
0x8A, 0x2D, 0x82, 0x14, 0x20, 0x00, 0xC5, 0xD3, 0x8B, 0x2F, 0x82, 0x14, 0x20, 0x00, 0xC5, 0xD3, 
0x8C, 0x31, 0x82, 0x14, 0x20, 0x00, 0xC5, 0xD3, 0x8D, 0x33, 0x82, 0x14, 0x20, 0x00, 0xC5, 0xD3, 
0x8E, 0x35, 0x82, 0x14, 0x20, 0x00, 0xC5, 0xD3, 0x8F, 0x37, 0x82, 0x14, 0x20, 0x00, 0xC5, 0xD3, 
0x90, 0x39, 0x82, 0x14, 0x20, 0x00, 0xC5, 0xD3, 0x91, 0x3B, 0x82, 0x14, 0x20, 0x00, 0xC5, 0xD3, 
0x92, 0x3D, 0x82, 0x14, 0x20, 0x00, 0xC5, 0xD3, 0x93, 0x3F, 0x82, 0x14, 0x20, 0x00, 0xC5, 0xD3, 
0x94, 0x41, 0x82, 0x14, 0x20, 0x00, 0xC5, 0xD3, 0x95, 0x43, 0x82, 0x14, 0x20, 0x00, 0xC5, 0xD3, 
0x96, 0x45, 0x82, 0x14, 0x20, 0x00, 0xC5, 0xD3, 0x97, 0x47, 0x82, 0x14, 0x20, 0x00, 0xC5, 0xD3, 
0x98, 0x49, 0x82, 0x14, 0x20, 0x00, 0xC5, 0xD3, 0x99, 0x4B, 0x82, 0x14, 0x20, 0x00, 0xC5, 0xD3, 
0x9A, 0x4D, 0x82, 0x14, 0x20, 0x00, 0xC5, 0xD3, 0x9B, 0x4F, 0x82, 0x14, 0x20, 0x00, 0xC5, 0xD3, 
0x9C, 0x51, 0x82, 0x14, 0x20, 0x00, 0xC5, 0xD3, 0x9D, 0x53, 0x82, 0x14, 0x20, 0x00, 0xC5, 0xD3, 
0x9E, 0x55, 0x82, 0x14, 0x20, 0x00, 0xC5, 0xD3, 0x9F, 0x57, 0x82, 0x14, 0x20, 0x00, 0xC5, 0xD3, 
0xA0, 0x59, 0x82, 0x14, 0x20, 0x00, 0xC5, 0xD3, 0xA1, 0x5B, 0x82, 0x14, 0x20, 0x00, 0xC5, 0xD3, 
0xA2, 0x5D, 0x82, 0x14, 0x20, 0x00, 0xC5, 0xD3, 0xA3, 0x5F, 0x82, 0x14, 0x7F, 0xCF, 0x8C, 0xBF, 
0x00, 0x00, 0x8A, 0xBF, 0x3C, 0x00, 0xC5, 0xD3, 0x64, 0x01, 0x03, 0x12, 0x00, 0x10, 0x34, 0xE1, 
0x09, 0xEE, 0x08, 0x80, 0xFF, 0x20, 0x2C, 0x68, 0x00, 0x46, 0x02, 0x00, 0x00, 0x00, 0x6C, 0xD8, 
0x16, 0x00, 0x00, 0x1A, 0x3C, 0x00, 0xC5, 0xD3, 0x65, 0x03, 0xF3, 0x14, 0x1C, 0x00, 0xCB, 0xD1, 
0x1C, 0x73, 0xD0, 0x87, 0x1D, 0x00, 0xCB, 0xD1, 0x1D, 0x73, 0xD4, 0x87, 0x1E, 0x00, 0xCB, 0xD1, 
0x1E, 0x73, 0xD8, 0x87, 0x1F, 0x00, 0xCB, 0xD1, 0x1F, 0x73, 0xDC, 0x87, 0x3C, 0x00, 0xC5, 0xD3, 
0x66, 0x05, 0xF3, 0x14, 0x00, 0x10, 0x34, 0xE1, 0x0A, 0xEF, 0x08, 0x80, 0xFF, 0x20, 0x2C, 0x68, 
0x00, 0x46, 0x02, 0x00, 0x3C, 0x00, 0xC5, 0xD3, 0x67, 0x07, 0xF3, 0x14, 0x20, 0x00, 0xCB, 0xD1, 
0x20, 0x73, 0xD0, 0x87, 0x21, 0x00, 0xCB, 0xD1, 0x21, 0x73, 0xD4, 0x87, 0x22, 0x00, 0xCB, 0xD1, 
0x22, 0x73, 0xD8, 0x87, 0x23, 0x00, 0xCB, 0xD1, 0x23, 0x73, 0xDC, 0x87, 0x3C, 0x00, 0xC5, 0xD3, 
0x68, 0x09, 0xF3, 0x14, 0x80, 0x1A, 0x2C, 0x68, 0x00, 0x00, 0x6C, 0xD8, 0x16, 0x00, 0x00, 0x84, 
0x40, 0x00, 0x6C, 0xD8, 0x16, 0x00, 0x00, 0x85, 0x80, 0x00, 0x6C, 0xD8, 0x16, 0x00, 0x00, 0x86, 
0xC0, 0x00, 0x6C, 0xD8, 0x16, 0x00, 0x00, 0x87, 0x3C, 0x00, 0xC5, 0xD3, 0x69, 0x0B, 0xF3, 0x14, 
0x24, 0x00, 0xCB, 0xD1, 0x24, 0x73, 0xD0, 0x87, 0x25, 0x00, 0xCB, 0xD1, 0x25, 0x73, 0xD4, 0x87, 
0x26, 0x00, 0xCB, 0xD1, 0x26, 0x73, 0xD8, 0x87, 0x27, 0x00, 0xCB, 0xD1, 0x27, 0x73, 0xDC, 0x87, 
0x1C, 0x41, 0x38, 0x7E, 0xFF, 0x02, 0x2C, 0x7E, 0x07, 0x02, 0x00, 0x00, 0x3C, 0x00, 0x10, 0xD0, 
0x1C, 0x2D, 0x02, 0x00, 0x00, 0x00, 0x80, 0xBF, 0x1C, 0x00, 0x00, 0xD1, 0x1C, 0x01, 0xF1, 0x00, 
0x1D, 0x41, 0x3A, 0x7E, 0xFF, 0x02, 0x2C, 0x7E, 0x07, 0x02, 0x00, 0x00, 0x3C, 0x00, 0x10, 0xD0, 
0x1D, 0x2D, 0x02, 0x00, 0x00, 0x00, 0x80, 0xBF, 0x1D, 0x00, 0x00, 0xD1, 0x1D, 0x01, 0xF1, 0x00, 
0x3C, 0x00, 0xC5, 0xD3, 0x6A, 0x0D, 0xF3, 0x14, 0x80, 0x1A, 0x2C, 0x68, 0x00, 0x04, 0x6C, 0xD8, 
0x16, 0x00, 0x00, 0x88, 0x40, 0x04, 0x6C, 0xD8, 0x16, 0x00, 0x00, 0x89, 0x80, 0x04, 0x6C, 0xD8, 
0x16, 0x00, 0x00, 0x8A, 0xC0, 0x04, 0x6C, 0xD8, 0x16, 0x00, 0x00, 0x8B, 0x3C, 0x00, 0xC5, 0xD3, 
0x6B, 0x0F, 0xF3, 0x14, 0x28, 0x00, 0xCB, 0xD1, 0x28, 0x73, 0xD0, 0x87, 0x29, 0x00, 0xCB, 0xD1, 
0x29, 0x73, 0xD4, 0x87, 0x2A, 0x00, 0xCB, 0xD1, 0x2A, 0x73, 0xD8, 0x87, 0x2B, 0x00, 0xCB, 0xD1, 
0x2B, 0x73, 0xDC, 0x87, 0x1E, 0x41, 0x3C, 0x7E, 0xFF, 0x02, 0x2C, 0x7E, 0x07, 0x02, 0x00, 0x00, 
0x3C, 0x00, 0x10, 0xD0, 0x1E, 0x2D, 0x02, 0x00, 0x00, 0x00, 0x80, 0xBF, 0x1E, 0x00, 0x00, 0xD1, 
0x1E, 0x01, 0xF1, 0x00, 0x1F, 0x41, 0x3E, 0x7E, 0xFF, 0x02, 0x2C, 0x7E, 0x07, 0x02, 0x00, 0x00, 
0x3C, 0x00, 0x10, 0xD0, 0x1F, 0x2D, 0x02, 0x00, 0x00, 0x00, 0x80, 0xBF, 0x1F, 0x00, 0x00, 0xD1, 
0x1F, 0x01, 0xF1, 0x00, 0x3C, 0x00, 0xC5, 0xD3, 0x6C, 0x11, 0xF3, 0x14, 0x80, 0x1A, 0x2C, 0x68, 
0x00, 0x08, 0x6C, 0xD8, 0x16, 0x00, 0x00, 0x8C, 0x40, 0x08, 0x6C, 0xD8, 0x16, 0x00, 0x00, 0x8D, 
0x80, 0x08, 0x6C, 0xD8, 0x16, 0x00, 0x00, 0x8E, 0xC0, 0x08, 0x6C, 0xD8, 0x16, 0x00, 0x00, 0x8F, 
0x3C, 0x00, 0xC5, 0xD3, 0x6D, 0x13, 0xF3, 0x14, 0x20, 0x41, 0x40, 0x7E, 0xFF, 0x02, 0x2C, 0x7E, 
0x07, 0x02, 0x00, 0x00, 0x3C, 0x00, 0x10, 0xD0, 0x20, 0x2D, 0x02, 0x00, 0x00, 0x00, 0x80, 0xBF, 
0x20, 0x00, 0x00, 0xD1, 0x20, 0x01, 0xF1, 0x00, 0x21, 0x41, 0x42, 0x7E, 0xFF, 0x02, 0x2C, 0x7E, 
0x07, 0x02, 0x00, 0x00, 0x3C, 0x00, 0x10, 0xD0, 0x21, 0x2D, 0x02, 0x00, 0x00, 0x00, 0x80, 0xBF, 
0x21, 0x00, 0x00, 0xD1, 0x21, 0x01, 0xF1, 0x00, 0x3C, 0x00, 0xC5, 0xD3, 0x6E, 0x15, 0xF3, 0x14, 
0x80, 0x1A, 0x2C, 0x68, 0x00, 0x0C, 0x6C, 0xD8, 0x16, 0x00, 0x00, 0x90, 0x40, 0x0C, 0x6C, 0xD8, 
0x16, 0x00, 0x00, 0x91, 0x80, 0x0C, 0x6C, 0xD8, 0x16, 0x00, 0x00, 0x92, 0xC0, 0x0C, 0x6C, 0xD8, 
0x16, 0x00, 0x00, 0x93, 0x3C, 0x00, 0xC5, 0xD3, 0x6F, 0x17, 0xF3, 0x14, 0x22, 0x41, 0x44, 0x7E, 
0xFF, 0x02, 0x2C, 0x7E, 0x07, 0x02, 0x00, 0x00, 0x3C, 0x00, 0x10, 0xD0, 0x22, 0x2D, 0x02, 0x00, 
0x00, 0x00, 0x80, 0xBF, 0x22, 0x00, 0x00, 0xD1, 0x22, 0x01, 0xF1, 0x00, 0x23, 0x41, 0x46, 0x7E, 
0xFF, 0x02, 0x2C, 0x7E, 0x07, 0x02, 0x00, 0x00, 0x3C, 0x00, 0x10, 0xD0, 0x23, 0x2D, 0x02, 0x00, 
0x00, 0x00, 0x80, 0xBF, 0x23, 0x00, 0x00, 0xD1, 0x23, 0x01, 0xF1, 0x00, 0x3C, 0x00, 0xC5, 0xD3, 
0x70, 0x19, 0xF3, 0x14, 0x80, 0x1A, 0x2C, 0x68, 0x00, 0x10, 0x6C, 0xD8, 0x16, 0x00, 0x00, 0x94, 
0x40, 0x10, 0x6C, 0xD8, 0x16, 0x00, 0x00, 0x95, 0x80, 0x10, 0x6C, 0xD8, 0x16, 0x00, 0x00, 0x96, 
0xC0, 0x10, 0x6C, 0xD8, 0x16, 0x00, 0x00, 0x97, 0x3C, 0x00, 0xC5, 0xD3, 0x71, 0x1B, 0xF3, 0x14, 
0x24, 0x41, 0x48, 0x7E, 0xFF, 0x02, 0x2C, 0x7E, 0x07, 0x02, 0x00, 0x00, 0x3C, 0x00, 0x10, 0xD0, 
0x24, 0x2D, 0x02, 0x00, 0x00, 0x00, 0x80, 0xBF, 0x24, 0x00, 0x00, 0xD1, 0x24, 0x01, 0xF1, 0x00, 
0x25, 0x41, 0x4A, 0x7E, 0xFF, 0x02, 0x2C, 0x7E, 0x07, 0x02, 0x00, 0x00, 0x3C, 0x00, 0x10, 0xD0, 
0x25, 0x2D, 0x02, 0x00, 0x00, 0x00, 0x80, 0xBF, 0x25, 0x00, 0x00, 0xD1, 0x25, 0x01, 0xF1, 0x00, 
0x3C, 0x00, 0xC5, 0xD3, 0x72, 0x1D, 0xF3, 0x14, 0x80, 0x1A, 0x2C, 0x68, 0x00, 0x14, 0x6C, 0xD8, 
0x16, 0x00, 0x00, 0x98, 0x40, 0x14, 0x6C, 0xD8, 0x16, 0x00, 0x00, 0x99, 0x80, 0x14, 0x6C, 0xD8, 
0x16, 0x00, 0x00, 0x9A, 0xC0, 0x14, 0x6C, 0xD8, 0x16, 0x00, 0x00, 0x9B, 0x3C, 0x00, 0xC5, 0xD3, 
0x73, 0x1F, 0xF3, 0x14, 0x26, 0x41, 0x4C, 0x7E, 0xFF, 0x02, 0x2C, 0x7E, 0x07, 0x02, 0x00, 0x00, 
0x3C, 0x00, 0x10, 0xD0, 0x26, 0x2D, 0x02, 0x00, 0x00, 0x00, 0x80, 0xBF, 0x26, 0x00, 0x00, 0xD1, 
0x26, 0x01, 0xF1, 0x00, 0x27, 0x41, 0x4E, 0x7E, 0xFF, 0x02, 0x2C, 0x7E, 0x07, 0x02, 0x00, 0x00, 
0x3C, 0x00, 0x10, 0xD0, 0x27, 0x2D, 0x02, 0x00, 0x00, 0x00, 0x80, 0xBF, 0x27, 0x00, 0x00, 0xD1, 
0x27, 0x01, 0xF1, 0x00, 0x3C, 0x00, 0xC5, 0xD3, 0x74, 0x21, 0xF3, 0x14, 0x80, 0x1A, 0x2C, 0x68, 
0x00, 0x18, 0x6C, 0xD8, 0x16, 0x00, 0x00, 0x9C, 0x40, 0x18, 0x6C, 0xD8, 0x16, 0x00, 0x00, 0x9D, 
0x80, 0x18, 0x6C, 0xD8, 0x16, 0x00, 0x00, 0x9E, 0xC0, 0x18, 0x6C, 0xD8, 0x16, 0x00, 0x00, 0x9F, 
0x3C, 0x00, 0xC5, 0xD3, 0x75, 0x23, 0xF3, 0x14, 0x28, 0x41, 0x50, 0x7E, 0xFF, 0x02, 0x2C, 0x7E, 
0x07, 0x02, 0x00, 0x00, 0x3C, 0x00, 0x10, 0xD0, 0x28, 0x2D, 0x02, 0x00, 0x00, 0x00, 0x80, 0xBF, 
0x28, 0x00, 0x00, 0xD1, 0x28, 0x01, 0xF1, 0x00, 0x29, 0x41, 0x52, 0x7E, 0xFF, 0x02, 0x2C, 0x7E, 
0x07, 0x02, 0x00, 0x00, 0x3C, 0x00, 0x10, 0xD0, 0x29, 0x2D, 0x02, 0x00, 0x00, 0x00, 0x80, 0xBF, 
0x29, 0x00, 0x00, 0xD1, 0x29, 0x01, 0xF1, 0x00, 0x3C, 0x00, 0xC5, 0xD3, 0x76, 0x25, 0xF3, 0x14, 
0x80, 0x1A, 0x2C, 0x68, 0x00, 0x1C, 0x6C, 0xD8, 0x16, 0x00, 0x00, 0xA0, 0x40, 0x1C, 0x6C, 0xD8, 
0x16, 0x00, 0x00, 0xA1, 0x80, 0x1C, 0x6C, 0xD8, 0x16, 0x00, 0x00, 0xA2, 0xC0, 0x1C, 0x6C, 0xD8, 
0x16, 0x00, 0x00, 0xA3, 0x3C, 0x00, 0xC5, 0xD3, 0x77, 0x27, 0xF3, 0x14, 0x2A, 0x41, 0x54, 0x7E, 
0xFF, 0x02, 0x2C, 0x7E, 0x07, 0x02, 0x00, 0x00, 0x3C, 0x00, 0x10, 0xD0, 0x2A, 0x2D, 0x02, 0x00, 
0x00, 0x00, 0x80, 0xBF, 0x2A, 0x00, 0x00, 0xD1, 0x2A, 0x01, 0xF1, 0x00, 0x2B, 0x41, 0x56, 0x7E, 
0xFF, 0x02, 0x2C, 0x7E, 0x07, 0x02, 0x00, 0x00, 0x3C, 0x00, 0x10, 0xD0, 0x2B, 0x2D, 0x02, 0x00, 
0x00, 0x00, 0x80, 0xBF, 0x2B, 0x00, 0x00, 0xD1, 0x2B, 0x01, 0xF1, 0x00, 0x3C, 0x00, 0xC5, 0xD3, 
0x78, 0x29, 0xF3, 0x14, 0x3C, 0x00, 0xC5, 0xD3, 0x79, 0x2B, 0xF3, 0x14, 0x3C, 0x00, 0xC5, 0xD3, 
0x7A, 0x2D, 0xF3, 0x14, 0x3C, 0x00, 0xC5, 0xD3, 0x7B, 0x2F, 0xF3, 0x14, 0x3C, 0x00, 0xC5, 0xD3, 
0x7C, 0x31, 0xF3, 0x14, 0x3C, 0x00, 0xC5, 0xD3, 0x7D, 0x33, 0xF3, 0x14, 0x3C, 0x00, 0xC5, 0xD3, 
0x7E, 0x35, 0xF3, 0x14, 0x3C, 0x00, 0xC5, 0xD3, 0x7F, 0x37, 0xF3, 0x14, 0x3C, 0x00, 0xC5, 0xD3, 
0x80, 0x39, 0xF3, 0x14, 0x3C, 0x00, 0xC5, 0xD3, 0x81, 0x3B, 0xF3, 0x14, 0x3C, 0x00, 0xC5, 0xD3, 
0x82, 0x3D, 0xF3, 0x14, 0x3C, 0x00, 0xC5, 0xD3, 0x83, 0x3F, 0xF3, 0x14, 0x40, 0x00, 0xC5, 0xD3, 
0x64, 0x21, 0x03, 0x12, 0x40, 0x00, 0xC5, 0xD3, 0x65, 0x23, 0x03, 0x15, 0x40, 0x00, 0xC5, 0xD3, 
0x66, 0x25, 0x03, 0x15, 0x40, 0x00, 0xC5, 0xD3, 0x67, 0x27, 0x03, 0x15, 0x40, 0x00, 0xC5, 0xD3, 
0x68, 0x29, 0x03, 0x15, 0x40, 0x00, 0xC5, 0xD3, 0x69, 0x2B, 0x03, 0x15, 0x40, 0x00, 0xC5, 0xD3, 
0x6A, 0x2D, 0x03, 0x15, 0x40, 0x00, 0xC5, 0xD3, 0x6B, 0x2F, 0x03, 0x15, 0x40, 0x00, 0xC5, 0xD3, 
0x6C, 0x31, 0x03, 0x15, 0x40, 0x00, 0xC5, 0xD3, 0x6D, 0x33, 0x03, 0x15, 0x40, 0x00, 0xC5, 0xD3, 
0x6E, 0x35, 0x03, 0x15, 0x40, 0x00, 0xC5, 0xD3, 0x6F, 0x37, 0x03, 0x15, 0x40, 0x00, 0xC5, 0xD3, 
0x70, 0x39, 0x03, 0x15, 0x40, 0x00, 0xC5, 0xD3, 0x71, 0x3B, 0x03, 0x15, 0x40, 0x00, 0xC5, 0xD3, 
0x72, 0x3D, 0x03, 0x15, 0x40, 0x00, 0xC5, 0xD3, 0x73, 0x3F, 0x03, 0x15, 0x40, 0x00, 0xC5, 0xD3, 
0x74, 0x41, 0x03, 0x15, 0x40, 0x00, 0xC5, 0xD3, 0x75, 0x43, 0x03, 0x15, 0x40, 0x00, 0xC5, 0xD3, 
0x76, 0x45, 0x03, 0x15, 0x40, 0x00, 0xC5, 0xD3, 0x77, 0x47, 0x03, 0x15, 0x40, 0x00, 0xC5, 0xD3, 
0x78, 0x49, 0x03, 0x15, 0x40, 0x00, 0xC5, 0xD3, 0x79, 0x4B, 0x03, 0x15, 0x40, 0x00, 0xC5, 0xD3, 
0x7A, 0x4D, 0x03, 0x15, 0x40, 0x00, 0xC5, 0xD3, 0x7B, 0x4F, 0x03, 0x15, 0x40, 0x00, 0xC5, 0xD3, 
0x7C, 0x51, 0x03, 0x15, 0x40, 0x00, 0xC5, 0xD3, 0x7D, 0x53, 0x03, 0x15, 0x40, 0x00, 0xC5, 0xD3, 
0x7E, 0x55, 0x03, 0x15, 0x40, 0x00, 0xC5, 0xD3, 0x7F, 0x57, 0x03, 0x15, 0x40, 0x00, 0xC5, 0xD3, 
0x80, 0x59, 0x03, 0x15, 0x40, 0x00, 0xC5, 0xD3, 0x81, 0x5B, 0x03, 0x15, 0x40, 0x00, 0xC5, 0xD3, 
0x82, 0x5D, 0x03, 0x15, 0x40, 0x00, 0xC5, 0xD3, 0x83, 0x5F, 0x03, 0x15, 0x7F, 0xCF, 0x8C, 0xBF, 
0x7A, 0x0F, 0x8C, 0xBF, 0x00, 0x00, 0x8A, 0xBF, 0xA4, 0x00, 0xC5, 0xD3, 0x44, 0x39, 0x92, 0x06, 
0xFF, 0x20, 0x2C, 0x68, 0x00, 0x22, 0x01, 0x00, 0x00, 0x00, 0x6C, 0xD8, 0x16, 0x00, 0x00, 0xF4, 
0x40, 0x10, 0x34, 0xE1, 0x07, 0xF0, 0x08, 0x80, 0xA4, 0x00, 0xC5, 0xD3, 0x45, 0x3B, 0x92, 0x06, 
0xFA, 0x78, 0x78, 0x06, 0x1A, 0x00, 0x00, 0xFF, 0xFA, 0x7A, 0x7A, 0x06, 0x1A, 0x55, 0x00, 0xFF, 
0xFA, 0x7C, 0x7C, 0x06, 0x1A, 0xAA, 0x00, 0xFF, 0xFA, 0x7E, 0x7E, 0x06, 0x1A, 0xFF, 0x00, 0xFF, 
0x1C, 0x79, 0x78, 0x0A, 0x1D, 0x7B, 0x7A, 0x0A, 0x1E, 0x7D, 0x7C, 0x0A, 0x1F, 0x7F, 0x7E, 0x0A, 
0xA4, 0x00, 0xC5, 0xD3, 0x46, 0x3D, 0x92, 0x06, 0xFF, 0x20, 0x2C, 0x68, 0x00, 0x22, 0x01, 0x00, 
0x40, 0x10, 0x34, 0xE1, 0x08, 0xF1, 0x08, 0x80, 0xA4, 0x00, 0xC5, 0xD3, 0x47, 0x3F, 0x92, 0x06, 
0xFA, 0x80, 0x80, 0x06, 0x1A, 0x00, 0x00, 0xFF, 0xFA, 0x82, 0x82, 0x06, 0x1A, 0x55, 0x00, 0xFF, 
0xFA, 0x84, 0x84, 0x06, 0x1A, 0xAA, 0x00, 0xFF, 0xFA, 0x86, 0x86, 0x06, 0x1A, 0xFF, 0x00, 0xFF, 
0x20, 0x81, 0x80, 0x0A, 0x21, 0x83, 0x82, 0x0A, 0x22, 0x85, 0x84, 0x0A, 0x23, 0x87, 0x86, 0x0A, 
0xA8, 0x00, 0xC5, 0xD3, 0x48, 0x39, 0xA2, 0x06, 0xFF, 0x20, 0x2C, 0x68, 0x00, 0x22, 0x01, 0x00, 
0x40, 0x10, 0x34, 0xE1, 0x09, 0xF2, 0x08, 0x80, 0xA8, 0x00, 0xC5, 0xD3, 0x49, 0x3B, 0xA2, 0x06, 
0xFA, 0x88, 0x88, 0x06, 0x1A, 0x00, 0x00, 0xFF, 0xFA, 0x8A, 0x8A, 0x06, 0x1A, 0x55, 0x00, 0xFF, 
0xFA, 0x8C, 0x8C, 0x06, 0x1A, 0xAA, 0x00, 0xFF, 0xFA, 0x8E, 0x8E, 0x06, 0x1A, 0xFF, 0x00, 0xFF, 
0x24, 0x89, 0x88, 0x0A, 0x25, 0x8B, 0x8A, 0x0A, 0x26, 0x8D, 0x8C, 0x0A, 0x27, 0x8F, 0x8E, 0x0A, 
0xA8, 0x00, 0xC5, 0xD3, 0x4A, 0x3D, 0xA2, 0x06, 0xFF, 0x20, 0x2C, 0x68, 0x00, 0x22, 0x01, 0x00, 
0x40, 0x10, 0x34, 0xE1, 0x0A, 0xF3, 0x08, 0x80, 0xA8, 0x00, 0xC5, 0xD3, 0x4B, 0x3F, 0xA2, 0x06, 
0xFA, 0x90, 0x90, 0x06, 0x1A, 0x00, 0x00, 0xFF, 0xFA, 0x92, 0x92, 0x06, 0x1A, 0x55, 0x00, 0xFF, 
0xFA, 0x94, 0x94, 0x06, 0x1A, 0xAA, 0x00, 0xFF, 0xFA, 0x96, 0x96, 0x06, 0x1A, 0xFF, 0x00, 0xFF, 
0x28, 0x91, 0x90, 0x0A, 0x29, 0x93, 0x92, 0x0A, 0x2A, 0x95, 0x94, 0x0A, 0x2B, 0x97, 0x96, 0x0A, 
0xAC, 0x00, 0xC5, 0xD3, 0x4C, 0x39, 0xB2, 0x06, 0xFF, 0x1E, 0x2C, 0x68, 0x00, 0x26, 0x02, 0x00, 
0x00, 0x00, 0x1A, 0xD8, 0x16, 0x3C, 0x00, 0x00, 0x40, 0x00, 0x1A, 0xD8, 0x16, 0x3D, 0x00, 0x00, 
0x80, 0x00, 0x1A, 0xD8, 0x16, 0x3E, 0x00, 0x00, 0xC0, 0x00, 0x1A, 0xD8, 0x16, 0x3F, 0x00, 0x00, 
0xAC, 0x00, 0xC5, 0xD3, 0x4D, 0x3B, 0xB2, 0x06, 0xFF, 0x1E, 0x2C, 0x68, 0x00, 0x26, 0x02, 0x00, 
0x00, 0x10, 0x1A, 0xD8, 0x16, 0x40, 0x00, 0x00, 0x40, 0x10, 0x1A, 0xD8, 0x16, 0x41, 0x00, 0x00, 
0x80, 0x10, 0x1A, 0xD8, 0x16, 0x42, 0x00, 0x00, 0xC0, 0x10, 0x1A, 0xD8, 0x16, 0x43, 0x00, 0x00, 
0xAC, 0x00, 0xC5, 0xD3, 0x4E, 0x3D, 0xB2, 0x06, 0x7C, 0x0F, 0x8C, 0xBF, 0x00, 0x00, 0x8A, 0xBF, 
0xFF, 0x18, 0x2C, 0x68, 0x00, 0x60, 0x00, 0x00, 0x00, 0x20, 0xFE, 0xD9, 0x16, 0x00, 0x00, 0x64, 
0xAC, 0x00, 0xC5, 0xD3, 0x4F, 0x3F, 0xB2, 0x06, 0xFF, 0x18, 0x2C, 0x68, 0x00, 0x60, 0x00, 0x00, 
0x00, 0x24, 0xFE, 0xD9, 0x16, 0x00, 0x00, 0x68, 0xB0, 0x00, 0xC5, 0xD3, 0x50, 0x39, 0xC2, 0x06, 
0xFF, 0x18, 0x2C, 0x68, 0x00, 0x60, 0x00, 0x00, 0x00, 0x28, 0xFE, 0xD9, 0x16, 0x00, 0x00, 0x6C, 
0xB0, 0x00, 0xC5, 0xD3, 0x51, 0x3B, 0xC2, 0x06, 0xFF, 0x18, 0x2C, 0x68, 0x00, 0x60, 0x00, 0x00, 
0x00, 0x2C, 0xFE, 0xD9, 0x16, 0x00, 0x00, 0x70, 0xB0, 0x00, 0xC5, 0xD3, 0x52, 0x3D, 0xC2, 0x06, 
0xFF, 0x18, 0x2C, 0x68, 0x00, 0x60, 0x00, 0x00, 0x00, 0x30, 0xFE, 0xD9, 0x16, 0x00, 0x00, 0x74, 
0xB0, 0x00, 0xC5, 0xD3, 0x53, 0x3F, 0xC2, 0x06, 0xFF, 0x18, 0x2C, 0x68, 0x00, 0x60, 0x00, 0x00, 
0x00, 0x34, 0xFE, 0xD9, 0x16, 0x00, 0x00, 0x78, 0xB4, 0x00, 0xC5, 0xD3, 0x54, 0x39, 0xD2, 0x06, 
0xFF, 0x18, 0x2C, 0x68, 0x00, 0x60, 0x00, 0x00, 0x00, 0x38, 0xFE, 0xD9, 0x16, 0x00, 0x00, 0x7C, 
0xB4, 0x00, 0xC5, 0xD3, 0x55, 0x3B, 0xD2, 0x06, 0xFF, 0x18, 0x2C, 0x68, 0x00, 0x60, 0x00, 0x00, 
0x00, 0x3C, 0xFE, 0xD9, 0x16, 0x00, 0x00, 0x80, 0xB4, 0x00, 0xC5, 0xD3, 0x56, 0x3D, 0xD2, 0x06, 
0xFF, 0x18, 0x2C, 0x68, 0x00, 0x60, 0x00, 0x00, 0xB4, 0x00, 0xC5, 0xD3, 0x57, 0x3F, 0xD2, 0x06, 
0xFF, 0x18, 0x2C, 0x68, 0x00, 0x60, 0x00, 0x00, 0xB8, 0x00, 0xC5, 0xD3, 0x58, 0x39, 0xE2, 0x06, 
0xFF, 0x18, 0x2C, 0x68, 0x00, 0x60, 0x00, 0x00, 0xB8, 0x00, 0xC5, 0xD3, 0x59, 0x3B, 0xE2, 0x06, 
0xFF, 0x18, 0x2C, 0x68, 0x00, 0x60, 0x00, 0x00, 0xB8, 0x00, 0xC5, 0xD3, 0x5A, 0x3D, 0xE2, 0x06, 
0xFF, 0x18, 0x2C, 0x68, 0x00, 0x60, 0x00, 0x00, 0xB8, 0x00, 0xC5, 0xD3, 0x5B, 0x3F, 0xE2, 0x06, 
0xFF, 0x18, 0x2C, 0x68, 0x00, 0x60, 0x00, 0x00, 0xBC, 0x00, 0xC5, 0xD3, 0x5C, 0x39, 0xF2, 0x06, 
0xFF, 0x18, 0x2C, 0x68, 0x00, 0x60, 0x00, 0x00, 0xBC, 0x00, 0xC5, 0xD3, 0x5D, 0x3B, 0xF2, 0x06, 
0xFF, 0x18, 0x2C, 0x68, 0x00, 0x60, 0x00, 0x00, 0xBC, 0x00, 0xC5, 0xD3, 0x5E, 0x3D, 0xF2, 0x06, 
0xFF, 0x18, 0x2C, 0x68, 0x00, 0x60, 0x00, 0x00, 0xBC, 0x00, 0xC5, 0xD3, 0x5F, 0x3F, 0xF2, 0x06, 
0xFF, 0x18, 0x2C, 0x68, 0x00, 0x60, 0x00, 0x00, 0xC0, 0x00, 0xC5, 0xD3, 0x60, 0x39, 0x02, 0x07, 
0xFF, 0x18, 0x2C, 0x68, 0x00, 0x60, 0x00, 0x00, 0xC0, 0x00, 0xC5, 0xD3, 0x61, 0x3B, 0x02, 0x07, 
0xFF, 0x18, 0x2C, 0x68, 0x00, 0x60, 0x00, 0x00, 0xC0, 0x00, 0xC5, 0xD3, 0x62, 0x3D, 0x02, 0x07, 
0xFF, 0x18, 0x2C, 0x68, 0x00, 0x60, 0x00, 0x00, 0xC0, 0x00, 0xC5, 0xD3, 0x63, 0x3F, 0x02, 0x07, 
0xFF, 0x18, 0x2C, 0x68, 0x00, 0x60, 0x00, 0x00, 0xC4, 0x00, 0xC5, 0xD3, 0x44, 0x41, 0x12, 0x07, 
0xFF, 0x18, 0x2C, 0x68, 0x00, 0x60, 0x00, 0x00, 0xC4, 0x00, 0xC5, 0xD3, 0x45, 0x43, 0x12, 0x07, 
0xFF, 0x18, 0x2C, 0x68, 0x00, 0x60, 0x00, 0x00, 0xC4, 0x00, 0xC5, 0xD3, 0x46, 0x45, 0x12, 0x07, 
0xFF, 0x18, 0x2C, 0x68, 0x00, 0x60, 0x00, 0x00, 0xC4, 0x00, 0xC5, 0xD3, 0x47, 0x47, 0x12, 0x07, 
0xFF, 0x18, 0x2C, 0x68, 0x00, 0x60, 0x00, 0x00, 0xC8, 0x00, 0xC5, 0xD3, 0x48, 0x41, 0x22, 0x07, 
0xFF, 0x18, 0x2C, 0x68, 0x00, 0x60, 0x00, 0x00, 0xC8, 0x00, 0xC5, 0xD3, 0x49, 0x43, 0x22, 0x07, 
0xFF, 0x18, 0x2C, 0x68, 0x00, 0x60, 0x00, 0x00, 0xC8, 0x00, 0xC5, 0xD3, 0x4A, 0x45, 0x22, 0x07, 
0xFF, 0x18, 0x2C, 0x68, 0x00, 0x60, 0x00, 0x00, 0xC8, 0x00, 0xC5, 0xD3, 0x4B, 0x47, 0x22, 0x07, 
0xFF, 0x18, 0x2C, 0x68, 0x00, 0x60, 0x00, 0x00, 0xCC, 0x00, 0xC5, 0xD3, 0x4C, 0x41, 0x32, 0x07, 
0xFF, 0x18, 0x2C, 0x68, 0x00, 0x60, 0x00, 0x00, 0xCC, 0x00, 0xC5, 0xD3, 0x4D, 0x43, 0x32, 0x07, 
0xFF, 0x18, 0x2C, 0x68, 0x00, 0x60, 0x00, 0x00, 0xCC, 0x00, 0xC5, 0xD3, 0x4E, 0x45, 0x32, 0x07, 
0xFF, 0x18, 0x2C, 0x68, 0x00, 0x60, 0x00, 0x00, 0xCC, 0x00, 0xC5, 0xD3, 0x4F, 0x47, 0x32, 0x07, 
0xFF, 0x18, 0x2C, 0x68, 0x00, 0x60, 0x00, 0x00, 0xD0, 0x00, 0xC5, 0xD3, 0x50, 0x41, 0x42, 0x07, 
0xFF, 0x18, 0x2C, 0x68, 0x00, 0x60, 0x00, 0x00, 0xD0, 0x00, 0xC5, 0xD3, 0x51, 0x43, 0x42, 0x07, 
0xFF, 0x18, 0x2C, 0x68, 0x00, 0x60, 0x00, 0x00, 0xD0, 0x00, 0xC5, 0xD3, 0x52, 0x45, 0x42, 0x07, 
0xFF, 0x18, 0x2C, 0x68, 0x00, 0x60, 0x00, 0x00, 0xD0, 0x00, 0xC5, 0xD3, 0x53, 0x47, 0x42, 0x07, 
0xFF, 0x18, 0x2C, 0x68, 0x00, 0x60, 0x00, 0x00, 0xD4, 0x00, 0xC5, 0xD3, 0x54, 0x41, 0x52, 0x07, 
0xFF, 0x18, 0x2C, 0x68, 0x00, 0x60, 0x00, 0x00, 0xD4, 0x00, 0xC5, 0xD3, 0x55, 0x43, 0x52, 0x07, 
0xFF, 0x18, 0x2C, 0x68, 0x00, 0x60, 0x00, 0x00, 0xD4, 0x00, 0xC5, 0xD3, 0x56, 0x45, 0x52, 0x07, 
0xFF, 0x18, 0x2C, 0x68, 0x00, 0x60, 0x00, 0x00, 0xD4, 0x00, 0xC5, 0xD3, 0x57, 0x47, 0x52, 0x07, 
0xFF, 0x18, 0x2C, 0x68, 0x00, 0x60, 0x00, 0x00, 0xD8, 0x00, 0xC5, 0xD3, 0x58, 0x41, 0x62, 0x07, 
0xFF, 0x18, 0x2C, 0x68, 0x00, 0x60, 0x00, 0x00, 0xD8, 0x00, 0xC5, 0xD3, 0x59, 0x43, 0x62, 0x07, 
0xFF, 0x18, 0x2C, 0x68, 0x00, 0x60, 0x00, 0x00, 0xD8, 0x00, 0xC5, 0xD3, 0x5A, 0x45, 0x62, 0x07, 
0xFF, 0x18, 0x2C, 0x68, 0x00, 0x60, 0x00, 0x00, 0xD8, 0x00, 0xC5, 0xD3, 0x5B, 0x47, 0x62, 0x07, 
0xFF, 0x18, 0x2C, 0x68, 0x00, 0x60, 0x00, 0x00, 0xDC, 0x00, 0xC5, 0xD3, 0x5C, 0x41, 0x72, 0x07, 
0xFF, 0x18, 0x2C, 0x68, 0x00, 0x60, 0x00, 0x00, 0xDC, 0x00, 0xC5, 0xD3, 0x5D, 0x43, 0x72, 0x07, 
0xFF, 0x18, 0x2C, 0x68, 0x00, 0x60, 0x00, 0x00, 0xDC, 0x00, 0xC5, 0xD3, 0x5E, 0x45, 0x72, 0x07, 
0xFF, 0x18, 0x2C, 0x68, 0x00, 0x60, 0x00, 0x00, 0xDC, 0x00, 0xC5, 0xD3, 0x5F, 0x47, 0x72, 0x07, 
0xFF, 0x18, 0x2C, 0x68, 0x00, 0x60, 0x00, 0x00, 0xE0, 0x00, 0xC5, 0xD3, 0x60, 0x41, 0x82, 0x07, 
0xFF, 0x18, 0x2C, 0x68, 0x00, 0x60, 0x00, 0x00, 0xE0, 0x00, 0xC5, 0xD3, 0x61, 0x43, 0x82, 0x07, 
0xFF, 0x18, 0x2C, 0x68, 0x00, 0x60, 0x00, 0x00, 0xE0, 0x00, 0xC5, 0xD3, 0x62, 0x45, 0x82, 0x07, 
0xFF, 0x18, 0x2C, 0x68, 0x00, 0x60, 0x00, 0x00, 0xE0, 0x00, 0xC5, 0xD3, 0x63, 0x47, 0x82, 0x07, 
0xFF, 0x18, 0x2C, 0x68, 0x00, 0x60, 0x00, 0x00, 0x7F, 0xC8, 0x8C, 0xBF, 0x00, 0x00, 0x8A, 0xBF, 
0xC0, 0x80, 0xC5, 0xD3, 0x84, 0x79, 0x02, 0x07, 0xFF, 0x1C, 0x2C, 0x68, 0x00, 0x26, 0x02, 0x00, 
0x00, 0x00, 0xFE, 0xD9, 0x16, 0x00, 0x00, 0x1C, 0x00, 0x04, 0xFE, 0xD9, 0x16, 0x00, 0x00, 0x20, 
0xC0, 0x80, 0xC5, 0xD3, 0x84, 0x79, 0x02, 0x07, 0x30, 0xE8, 0xE9, 0x0B, 0xFA, 0x02, 0xEE, 0x7F, 
0xF4, 0xFF, 0x00, 0xFF, 0xC0, 0x80, 0xC5, 0xD3, 0x84, 0x79, 0x02, 0x07, 0xFF, 0x1C, 0x2C, 0x68, 
0x00, 0x26, 0x02, 0x00, 0x00, 0x08, 0xFE, 0xD9, 0x16, 0x00, 0x00, 0x24, 0x00, 0x0C, 0xFE, 0xD9, 
0x16, 0x00, 0x00, 0x28, 0xC0, 0x80, 0xC5, 0xD3, 0x84, 0x79, 0x02, 0x07, 0xFA, 0x02, 0xEC, 0x7F, 
0xF4, 0xAA, 0x00, 0xFF, 0xC4, 0x80, 0xC5, 0xD3, 0x85, 0x79, 0x12, 0x07, 0xFF, 0x1C, 0x2C, 0x68, 
0x00, 0x26, 0x02, 0x00, 0x00, 0x10, 0xFE, 0xD9, 0x16, 0x00, 0x00, 0x2C, 0x00, 0x14, 0xFE, 0xD9, 
0x16, 0x00, 0x00, 0x30, 0xC4, 0x80, 0xC5, 0xD3, 0x85, 0x79, 0x12, 0x07, 0xFA, 0x02, 0xEA, 0x7F, 
0xF4, 0x55, 0x00, 0xFF, 0xC4, 0x80, 0xC5, 0xD3, 0x85, 0x79, 0x12, 0x07, 0xFF, 0x1C, 0x2C, 0x68, 
0x00, 0x26, 0x02, 0x00, 0x00, 0x18, 0xFE, 0xD9, 0x16, 0x00, 0x00, 0x34, 0x00, 0x1C, 0xFE, 0xD9, 
0x16, 0x00, 0x00, 0x38, 0xC4, 0x80, 0xC5, 0xD3, 0x85, 0x79, 0x12, 0x07, 0xFA, 0x02, 0xE8, 0x7F, 
0xF4, 0x00, 0x00, 0xFF, 0xC8, 0x80, 0xC5, 0xD3, 0x86, 0x79, 0x22, 0x07, 0x7A, 0x0F, 0x8C, 0xBF, 
0x00, 0x00, 0x8A, 0xBF, 0xFF, 0x18, 0x2C, 0x68, 0x00, 0xC0, 0x00, 0x00, 0x00, 0x20, 0xFE, 0xD9, 
0x16, 0x00, 0x00, 0x64, 0xC8, 0x80, 0xC5, 0xD3, 0x86, 0x79, 0x22, 0x07, 0xFF, 0x18, 0x2C, 0x68, 
0x00, 0xC0, 0x00, 0x00, 0x00, 0x24, 0xFE, 0xD9, 0x16, 0x00, 0x00, 0x68, 0xC8, 0x80, 0xC5, 0xD3, 
0x86, 0x79, 0x22, 0x07, 0xFF, 0x18, 0x2C, 0x68, 0x00, 0xC0, 0x00, 0x00, 0x00, 0x28, 0xFE, 0xD9, 
0x16, 0x00, 0x00, 0x6C, 0xC8, 0x80, 0xC5, 0xD3, 0x86, 0x79, 0x22, 0x07, 0xFF, 0x18, 0x2C, 0x68, 
0x00, 0xC0, 0x00, 0x00, 0x00, 0x2C, 0xFE, 0xD9, 0x16, 0x00, 0x00, 0x70, 0xCC, 0x80, 0xC5, 0xD3, 
0x87, 0x79, 0x32, 0x07, 0xFF, 0x18, 0x2C, 0x68, 0x00, 0xC0, 0x00, 0x00, 0x00, 0x30, 0xFE, 0xD9, 
0x16, 0x00, 0x00, 0x74, 0xCC, 0x80, 0xC5, 0xD3, 0x87, 0x79, 0x32, 0x07, 0xFF, 0x18, 0x2C, 0x68, 
0x00, 0xC0, 0x00, 0x00, 0x00, 0x34, 0xFE, 0xD9, 0x16, 0x00, 0x00, 0x78, 0xCC, 0x80, 0xC5, 0xD3, 
0x87, 0x79, 0x32, 0x07, 0xFF, 0x18, 0x2C, 0x68, 0x00, 0xC0, 0x00, 0x00, 0x00, 0x38, 0xFE, 0xD9, 
0x16, 0x00, 0x00, 0x7C, 0xCC, 0x80, 0xC5, 0xD3, 0x87, 0x79, 0x32, 0x07, 0xFF, 0x18, 0x2C, 0x68, 
0x00, 0xC0, 0x00, 0x00, 0x00, 0x3C, 0xFE, 0xD9, 0x16, 0x00, 0x00, 0x80, 0xD0, 0x80, 0xC5, 0xD3, 
0x88, 0x79, 0x42, 0x07, 0xFF, 0x18, 0x2C, 0x68, 0x00, 0xC0, 0x00, 0x00, 0xD0, 0x80, 0xC5, 0xD3, 
0x88, 0x79, 0x42, 0x07, 0xFF, 0x18, 0x2C, 0x68, 0x00, 0xC0, 0x00, 0x00, 0xD0, 0x80, 0xC5, 0xD3, 
0x88, 0x79, 0x42, 0x07, 0xFF, 0x18, 0x2C, 0x68, 0x00, 0xC0, 0x00, 0x00, 0xD0, 0x80, 0xC5, 0xD3, 
0x88, 0x79, 0x42, 0x07, 0xFF, 0x18, 0x2C, 0x68, 0x00, 0xC0, 0x00, 0x00, 0xD4, 0x80, 0xC5, 0xD3, 
0x89, 0x79, 0x52, 0x07, 0xFF, 0x18, 0x2C, 0x68, 0x00, 0xC0, 0x00, 0x00, 0xD4, 0x80, 0xC5, 0xD3, 
0x89, 0x79, 0x52, 0x07, 0xFF, 0x18, 0x2C, 0x68, 0x00, 0xC0, 0x00, 0x00, 0xD4, 0x80, 0xC5, 0xD3, 
0x89, 0x79, 0x52, 0x07, 0xFF, 0x18, 0x2C, 0x68, 0x00, 0xC0, 0x00, 0x00, 0xD4, 0x80, 0xC5, 0xD3, 
0x89, 0x79, 0x52, 0x07, 0xFF, 0x18, 0x2C, 0x68, 0x00, 0xC0, 0x00, 0x00, 0xD8, 0x80, 0xC5, 0xD3, 
0x8A, 0x79, 0x62, 0x07, 0xFF, 0x18, 0x2C, 0x68, 0x00, 0xC0, 0x00, 0x00, 0xD8, 0x80, 0xC5, 0xD3, 
0x8A, 0x79, 0x62, 0x07, 0xFF, 0x18, 0x2C, 0x68, 0x00, 0xC0, 0x00, 0x00, 0xD8, 0x80, 0xC5, 0xD3, 
0x8A, 0x79, 0x62, 0x07, 0xFF, 0x18, 0x2C, 0x68, 0x00, 0xC0, 0x00, 0x00, 0xD8, 0x80, 0xC5, 0xD3, 
0x8A, 0x79, 0x62, 0x07, 0xFF, 0x18, 0x2C, 0x68, 0x00, 0xC0, 0x00, 0x00, 0xDC, 0x80, 0xC5, 0xD3, 
0x8B, 0x79, 0x72, 0x07, 0xFF, 0x18, 0x2C, 0x68, 0x00, 0xC0, 0x00, 0x00, 0xDC, 0x80, 0xC5, 0xD3, 
0x8B, 0x79, 0x72, 0x07, 0xFF, 0x18, 0x2C, 0x68, 0x00, 0xC0, 0x00, 0x00, 0xDC, 0x80, 0xC5, 0xD3, 
0x8B, 0x79, 0x72, 0x07, 0xFF, 0x18, 0x2C, 0x68, 0x00, 0xC0, 0x00, 0x00, 0xDC, 0x80, 0xC5, 0xD3, 
0x8B, 0x79, 0x72, 0x07, 0xFF, 0x18, 0x2C, 0x68, 0x00, 0xC0, 0x00, 0x00, 0xE0, 0x80, 0xC5, 0xD3, 
0x84, 0x7B, 0x82, 0x07, 0xFF, 0x18, 0x2C, 0x68, 0x00, 0xC0, 0x00, 0x00, 0xE0, 0x80, 0xC5, 0xD3, 
0x84, 0x7B, 0x82, 0x07, 0xFF, 0x18, 0x2C, 0x68, 0x00, 0xC0, 0x00, 0x00, 0xE0, 0x80, 0xC5, 0xD3, 
0x84, 0x7B, 0x82, 0x07, 0xFF, 0x18, 0x2C, 0x68, 0x00, 0xC0, 0x00, 0x00, 0xE0, 0x80, 0xC5, 0xD3, 
0x84, 0x7B, 0x82, 0x07, 0xFF, 0x18, 0x2C, 0x68, 0x00, 0xC0, 0x00, 0x00, 0xE4, 0x80, 0xC5, 0xD3, 
0x85, 0x7B, 0x92, 0x07, 0xFF, 0x18, 0x2C, 0x68, 0x00, 0xC0, 0x00, 0x00, 0xE4, 0x80, 0xC5, 0xD3, 
0x85, 0x7B, 0x92, 0x07, 0xFF, 0x18, 0x2C, 0x68, 0x00, 0xC0, 0x00, 0x00, 0xE4, 0x80, 0xC5, 0xD3, 
0x85, 0x7B, 0x92, 0x07, 0xFF, 0x18, 0x2C, 0x68, 0x00, 0xC0, 0x00, 0x00, 0xE4, 0x80, 0xC5, 0xD3, 
0x85, 0x7B, 0x92, 0x07, 0xFF, 0x18, 0x2C, 0x68, 0x00, 0xC0, 0x00, 0x00, 0xE8, 0x80, 0xC5, 0xD3, 
0x86, 0x7B, 0xA2, 0x07, 0xFF, 0x18, 0x2C, 0x68, 0x00, 0xC0, 0x00, 0x00, 0xE8, 0x80, 0xC5, 0xD3, 
0x86, 0x7B, 0xA2, 0x07, 0xFF, 0x18, 0x2C, 0x68, 0x00, 0xC0, 0x00, 0x00, 0xE8, 0x80, 0xC5, 0xD3, 
0x86, 0x7B, 0xA2, 0x07, 0xFF, 0x18, 0x2C, 0x68, 0x00, 0xC0, 0x00, 0x00, 0xE8, 0x80, 0xC5, 0xD3, 
0x86, 0x7B, 0xA2, 0x07, 0xFF, 0x18, 0x2C, 0x68, 0x00, 0xC0, 0x00, 0x00, 0xEC, 0x80, 0xC5, 0xD3, 
0x87, 0x7B, 0xB2, 0x07, 0xFF, 0x18, 0x2C, 0x68, 0x00, 0xC0, 0x00, 0x00, 0xEC, 0x80, 0xC5, 0xD3, 
0x87, 0x7B, 0xB2, 0x07, 0xFF, 0x18, 0x2C, 0x68, 0x00, 0xC0, 0x00, 0x00, 0xEC, 0x80, 0xC5, 0xD3, 
0x87, 0x7B, 0xB2, 0x07, 0xFF, 0x18, 0x2C, 0x68, 0x00, 0xC0, 0x00, 0x00, 0xEC, 0x80, 0xC5, 0xD3, 
0x87, 0x7B, 0xB2, 0x07, 0xFF, 0x18, 0x2C, 0x68, 0x00, 0xC0, 0x00, 0x00, 0xF0, 0x80, 0xC5, 0xD3, 
0x88, 0x7B, 0xC2, 0x07, 0xFF, 0x18, 0x2C, 0x68, 0x00, 0xC0, 0x00, 0x00, 0xF0, 0x80, 0xC5, 0xD3, 
0x88, 0x7B, 0xC2, 0x07, 0xFF, 0x18, 0x2C, 0x68, 0x00, 0xC0, 0x00, 0x00, 0xF0, 0x80, 0xC5, 0xD3, 
0x88, 0x7B, 0xC2, 0x07, 0xFF, 0x18, 0x2C, 0x68, 0x00, 0xC0, 0x00, 0x00, 0xF0, 0x80, 0xC5, 0xD3, 
0x88, 0x7B, 0xC2, 0x07, 0xFF, 0x18, 0x2C, 0x68, 0x00, 0xC0, 0x00, 0x00, 0xF4, 0x80, 0xC5, 0xD3, 
0x89, 0x7B, 0xD2, 0x07, 0xFF, 0x18, 0x2C, 0x68, 0x00, 0xC0, 0x00, 0x00, 0xF4, 0x80, 0xC5, 0xD3, 
0x89, 0x7B, 0xD2, 0x07, 0xFF, 0x18, 0x2C, 0x68, 0x00, 0xC0, 0x00, 0x00, 0xF4, 0x80, 0xC5, 0xD3, 
0x89, 0x7B, 0xD2, 0x07, 0xFF, 0x18, 0x2C, 0x68, 0x00, 0xC0, 0x00, 0x00, 0xF4, 0x80, 0xC5, 0xD3, 
0x89, 0x7B, 0xD2, 0x07, 0xFF, 0x18, 0x2C, 0x68, 0x00, 0xC0, 0x00, 0x00, 0xF8, 0x80, 0xC5, 0xD3, 
0x8A, 0x7B, 0xE2, 0x07, 0xFF, 0x18, 0x2C, 0x68, 0x00, 0xC0, 0x00, 0x00, 0xF8, 0x80, 0xC5, 0xD3, 
0x8A, 0x7B, 0xE2, 0x07, 0xFF, 0x18, 0x2C, 0x68, 0x00, 0xC0, 0x00, 0x00, 0xF8, 0x80, 0xC5, 0xD3, 
0x8A, 0x7B, 0xE2, 0x07, 0xFF, 0x18, 0x2C, 0x68, 0x00, 0xC0, 0x00, 0x00, 0xF8, 0x80, 0xC5, 0xD3, 
0x8A, 0x7B, 0xE2, 0x07, 0xFF, 0x18, 0x2C, 0x68, 0x00, 0xC0, 0x00, 0x00, 0xFC, 0x80, 0xC5, 0xD3, 
0x8B, 0x7B, 0xF2, 0x07, 0xFF, 0x18, 0x2C, 0x68, 0x00, 0xC0, 0x00, 0x00, 0xFC, 0x80, 0xC5, 0xD3, 
0x8B, 0x7B, 0xF2, 0x07, 0xFF, 0x18, 0x2C, 0x68, 0x00, 0xC0, 0x00, 0x00, 0xFC, 0x80, 0xC5, 0xD3, 
0x8B, 0x7B, 0xF2, 0x07, 0xFF, 0x18, 0x2C, 0x68, 0x00, 0xC0, 0x00, 0x00, 0xFC, 0x80, 0xC5, 0xD3, 
0x8B, 0x7B, 0xF2, 0x07, 0xFF, 0x18, 0x2C, 0x68, 0x00, 0xC0, 0x00, 0x00, 0x78, 0x02, 0x8C, 0xBF, 
0x00, 0x00, 0x8A, 0xBF, 0xE4, 0x00, 0xC5, 0xD3, 0x1C, 0x81, 0x02, 0x12, 0x4C, 0x00, 0xFC, 0xBE, 
0x00, 0x20, 0x51, 0xE0, 0x0B, 0x00, 0x06, 0x80, 0xE4, 0x00, 0xC5, 0xD3, 0x1D, 0x83, 0x92, 0x17, 
0x80, 0x18, 0x2C, 0x68, 0x00, 0x20, 0xFE, 0xD9, 0x16, 0x00, 0x00, 0x84, 0x00, 0x24, 0xFE, 0xD9, 
0x16, 0x00, 0x00, 0x88, 0xE4, 0x00, 0xC5, 0xD3, 0x1E, 0x85, 0x92, 0x17, 0x52, 0x00, 0xFC, 0xBE, 
0x00, 0x10, 0x5D, 0xE0, 0x03, 0x00, 0x05, 0x64, 0xFF, 0x7C, 0x7C, 0x80, 0x00, 0x10, 0x00, 0x00, 
0xE4, 0x00, 0xC5, 0xD3, 0x1F, 0x87, 0x92, 0x17, 0x80, 0x18, 0x2C, 0x68, 0x00, 0x28, 0xFE, 0xD9, 
0x16, 0x00, 0x00, 0x8C, 0x00, 0x2C, 0xFE, 0xD9, 0x16, 0x00, 0x00, 0x90, 0xE4, 0x00, 0xC5, 0xD3, 
0x20, 0x99, 0x92, 0x17, 0x52, 0x00, 0xFC, 0xBE, 0x00, 0x10, 0x5D, 0xE0, 0x04, 0x00, 0x05, 0x64, 
0xFF, 0x7C, 0x7C, 0x80, 0x00, 0x10, 0x00, 0x00, 0xE4, 0x00, 0xC5, 0xD3, 0x21, 0x9B, 0x92, 0x17, 
0x80, 0x18, 0x2C, 0x68, 0x00, 0x30, 0xFE, 0xD9, 0x16, 0x00, 0x00, 0x94, 0x00, 0x34, 0xFE, 0xD9, 
0x16, 0x00, 0x00, 0x98, 0xE4, 0x00, 0xC5, 0xD3, 0x22, 0x9D, 0x92, 0x17, 0x55, 0x00, 0xFC, 0xBE, 
0x00, 0x10, 0x5D, 0xE0, 0x03, 0x00, 0x07, 0x63, 0xFF, 0x7C, 0x7C, 0x80, 0x00, 0x10, 0x00, 0x00, 
0xE4, 0x00, 0xC5, 0xD3, 0x23, 0x9F, 0x92, 0x17, 0x80, 0x18, 0x2C, 0x68, 0x00, 0x38, 0xFE, 0xD9, 
0x16, 0x00, 0x00, 0x9C, 0x00, 0x3C, 0xFE, 0xD9, 0x16, 0x00, 0x00, 0xA0, 0xE4, 0x00, 0xC5, 0xD3, 
0x24, 0xB1, 0x92, 0x17, 0x55, 0x00, 0xFC, 0xBE, 0x00, 0x10, 0x5D, 0xE0, 0x04, 0x00, 0x07, 0x63, 
0xFF, 0x7C, 0x7C, 0x80, 0x00, 0x10, 0x00, 0x00, 0xE4, 0x00, 0xC5, 0xD3, 0x25, 0xB3, 0x92, 0x17, 
0x80, 0x18, 0x2C, 0x68, 0xE4, 0x00, 0xC5, 0xD3, 0x26, 0xB5, 0x92, 0x17, 0x4F, 0x00, 0xFC, 0xBE, 
0x00, 0x10, 0x5D, 0xE0, 0x01, 0x00, 0x02, 0x62, 0xFF, 0x7C, 0x7C, 0x80, 0x00, 0x10, 0x00, 0x00, 
0xE4, 0x00, 0xC5, 0xD3, 0x27, 0xB7, 0x92, 0x17, 0x4F, 0x00, 0xFC, 0xBE, 0x00, 0x10, 0x5D, 0xE0, 
0x02, 0x00, 0x02, 0x62, 0xFF, 0x7C, 0x7C, 0x80, 0x00, 0x10, 0x00, 0x00, 0xE4, 0x00, 0xC5, 0xD3, 
0x28, 0xC9, 0x92, 0x17, 0xE4, 0x00, 0xC5, 0xD3, 0x29, 0xCB, 0x92, 0x17, 0xE4, 0x00, 0xC5, 0xD3, 
0x2A, 0xCD, 0x92, 0x17, 0xE4, 0x00, 0xC5, 0xD3, 0x2B, 0xCF, 0x92, 0x17, 0xE4, 0x00, 0xC5, 0xD3, 
0x2C, 0xE1, 0x92, 0x17, 0xE4, 0x00, 0xC5, 0xD3, 0x2D, 0xE3, 0x92, 0x17, 0xE4, 0x00, 0xC5, 0xD3, 
0x2E, 0xE5, 0x92, 0x17, 0xE4, 0x00, 0xC5, 0xD3, 0x2F, 0xE7, 0x92, 0x17, 0xE4, 0x00, 0xC5, 0xD3, 
0x30, 0xF9, 0x92, 0x17, 0xE4, 0x00, 0xC5, 0xD3, 0x31, 0xFB, 0x92, 0x17, 0xE4, 0x00, 0xC5, 0xD3, 
0x32, 0xFD, 0x92, 0x17, 0xE4, 0x00, 0xC5, 0xD3, 0x33, 0xFF, 0x92, 0x17, 0xE4, 0x00, 0xC5, 0xD3, 
0x34, 0x11, 0x93, 0x17, 0xE4, 0x00, 0xC5, 0xD3, 0x35, 0x13, 0x93, 0x17, 0xE4, 0x00, 0xC5, 0xD3, 
0x36, 0x15, 0x93, 0x17, 0xE4, 0x00, 0xC5, 0xD3, 0x37, 0x17, 0x93, 0x17, 0xE4, 0x00, 0xC5, 0xD3, 
0x38, 0x29, 0x93, 0x17, 0xE4, 0x00, 0xC5, 0xD3, 0x39, 0x2B, 0x93, 0x17, 0xE4, 0x00, 0xC5, 0xD3, 
0x3A, 0x2D, 0x93, 0x17, 0xE4, 0x00, 0xC5, 0xD3, 0x3B, 0x2F, 0x93, 0x17, 0xE8, 0x00, 0xC5, 0xD3, 
0x1C, 0x89, 0x02, 0x12, 0xE8, 0x00, 0xC5, 0xD3, 0x1D, 0x8B, 0xA2, 0x17, 0xE8, 0x00, 0xC5, 0xD3, 
0x1E, 0x8D, 0xA2, 0x17, 0xE8, 0x00, 0xC5, 0xD3, 0x1F, 0x8F, 0xA2, 0x17, 0xE8, 0x00, 0xC5, 0xD3, 
0x20, 0xA1, 0xA2, 0x17, 0xE8, 0x00, 0xC5, 0xD3, 0x21, 0xA3, 0xA2, 0x17, 0xE8, 0x00, 0xC5, 0xD3, 
0x22, 0xA5, 0xA2, 0x17, 0xE8, 0x00, 0xC5, 0xD3, 0x23, 0xA7, 0xA2, 0x17, 0xE8, 0x00, 0xC5, 0xD3, 
0x24, 0xB9, 0xA2, 0x17, 0xE8, 0x00, 0xC5, 0xD3, 0x25, 0xBB, 0xA2, 0x17, 0xE8, 0x00, 0xC5, 0xD3, 
0x26, 0xBD, 0xA2, 0x17, 0xE8, 0x00, 0xC5, 0xD3, 0x27, 0xBF, 0xA2, 0x17, 0xE8, 0x00, 0xC5, 0xD3, 
0x28, 0xD1, 0xA2, 0x17, 0xE8, 0x00, 0xC5, 0xD3, 0x29, 0xD3, 0xA2, 0x17, 0xE8, 0x00, 0xC5, 0xD3, 
0x2A, 0xD5, 0xA2, 0x17, 0xE8, 0x00, 0xC5, 0xD3, 0x2B, 0xD7, 0xA2, 0x17, 0xE8, 0x00, 0xC5, 0xD3, 
0x2C, 0xE9, 0xA2, 0x17, 0xE8, 0x00, 0xC5, 0xD3, 0x2D, 0xEB, 0xA2, 0x17, 0xE8, 0x00, 0xC5, 0xD3, 
0x2E, 0xED, 0xA2, 0x17, 0xE8, 0x00, 0xC5, 0xD3, 0x2F, 0xEF, 0xA2, 0x17, 0xE8, 0x00, 0xC5, 0xD3, 
0x30, 0x01, 0xA3, 0x17, 0xE8, 0x00, 0xC5, 0xD3, 0x31, 0x03, 0xA3, 0x17, 0xE8, 0x00, 0xC5, 0xD3, 
0x32, 0x05, 0xA3, 0x17, 0xE8, 0x00, 0xC5, 0xD3, 0x33, 0x07, 0xA3, 0x17, 0xE8, 0x00, 0xC5, 0xD3, 
0x34, 0x19, 0xA3, 0x17, 0xE8, 0x00, 0xC5, 0xD3, 0x35, 0x1B, 0xA3, 0x17, 0xE8, 0x00, 0xC5, 0xD3, 
0x36, 0x1D, 0xA3, 0x17, 0xE8, 0x00, 0xC5, 0xD3, 0x37, 0x1F, 0xA3, 0x17, 0xE8, 0x00, 0xC5, 0xD3, 
0x38, 0x31, 0xA3, 0x17, 0xB0, 0x3B, 0x3C, 0x80, 0x3C, 0x3A, 0x0A, 0xBF, 0x44, 0x80, 0x44, 0x85, 
0x46, 0x80, 0x46, 0x85, 0x45, 0x80, 0x45, 0x85, 0xE8, 0x00, 0xC5, 0xD3, 0x39, 0x33, 0xA3, 0x17, 
0x45, 0x16, 0x16, 0x68, 0x46, 0x64, 0x64, 0x80, 0xE8, 0x00, 0xC5, 0xD3, 0x3A, 0x35, 0xA3, 0x17, 
0x46, 0x63, 0x63, 0x80, 0x44, 0x62, 0x62, 0x80, 0xE8, 0x00, 0xC5, 0xD3, 0x3B, 0x37, 0xA3, 0x17, 
0x3B, 0x90, 0x09, 0xBF, 0x43, 0x42, 0x42, 0x85, 0x10, 0x00, 0x3B, 0xB7, 0x00, 0x00, 0x80, 0xBF, 
0x3B, 0x3A, 0x04, 0xBF, 0x8A, 0x1C, 0x84, 0xBF, 0x7F, 0xC0, 0x8C, 0xBF, 0x80, 0x02, 0x2C, 0x7E, 
0xFF, 0x36, 0x2E, 0x68, 0x00, 0x46, 0x02, 0x00, 0x00, 0x00, 0x1A, 0xD8, 0x17, 0x16, 0x00, 0x00, 
0x00, 0x00, 0x8A, 0xBF, 0x1C, 0x00, 0xC5, 0xD3, 0x84, 0x01, 0x02, 0x12, 0x2F, 0xC8, 0xC9, 0x0B, 
0x2F, 0xCA, 0xCB, 0x0B, 0x2F, 0xCC, 0xCD, 0x0B, 0x2F, 0xCE, 0xCF, 0x0B, 0x1C, 0x00, 0xC5, 0xD3, 
0x85, 0x03, 0x72, 0x14, 0x2F, 0xD0, 0xD1, 0x0B, 0x2F, 0xD2, 0xD3, 0x0B, 0x2F, 0xD4, 0xD5, 0x0B, 
0x2F, 0xD6, 0xD7, 0x0B, 0x1C, 0x00, 0xC5, 0xD3, 0x86, 0x05, 0x72, 0x14, 0x2E, 0x88, 0x3C, 0x92, 
0x3C, 0x01, 0x11, 0xBF, 0x64, 0xF1, 0xF1, 0x0B, 0x00, 0x00, 0x9C, 0xBF, 0x3C, 0x01, 0x11, 0xBF, 
0x65, 0xF3, 0xF3, 0x0B, 0x00, 0x00, 0x9C, 0xBF, 0x3C, 0x01, 0x11, 0xBF, 0x66, 0xF5, 0xF5, 0x0B, 
0x00, 0x00, 0x9C, 0xBF, 0x3C, 0x01, 0x11, 0xBF, 0x67, 0xF7, 0xF7, 0x0B, 0x00, 0x00, 0x9C, 0xBF, 
0x1C, 0x00, 0xC5, 0xD3, 0x87, 0x07, 0x72, 0x14, 0x00, 0x10, 0x34, 0xE1, 0x07, 0xEC, 0x08, 0x80, 
0x1C, 0x00, 0xC5, 0xD3, 0x88, 0x09, 0x72, 0x14, 0x2E, 0x88, 0x3C, 0x92, 0x3C, 0x01, 0x11, 0xBF, 
0x68, 0xF9, 0xF9, 0x0B, 0x00, 0x00, 0x9C, 0xBF, 0x3C, 0x01, 0x11, 0xBF, 0x69, 0xFB, 0xFB, 0x0B, 
0x00, 0x00, 0x9C, 0xBF, 0x3C, 0x01, 0x11, 0xBF, 0x6A, 0xFD, 0xFD, 0x0B, 0x00, 0x00, 0x9C, 0xBF, 
0x3C, 0x01, 0x11, 0xBF, 0x6B, 0xFF, 0xFF, 0x0B, 0x00, 0x00, 0x9C, 0xBF, 0x1C, 0x00, 0xC5, 0xD3, 
0x89, 0x0B, 0x72, 0x14, 0x00, 0x10, 0x34, 0xE1, 0x08, 0xED, 0x08, 0x80, 0x1C, 0x00, 0xC5, 0xD3, 
0x8A, 0x0D, 0x72, 0x14, 0xF8, 0x40, 0xB2, 0xD3, 0xFA, 0xF1, 0x03, 0x18, 0xFC, 0x40, 0xB2, 0xD3, 
0xFE, 0xF9, 0x03, 0x18, 0xF8, 0x40, 0xB2, 0xD3, 0xFC, 0xF1, 0x03, 0x18, 0xF9, 0xF1, 0xF1, 0x03, 
0xF8, 0x03, 0xF2, 0x7F, 0xF9, 0xB5, 0xF0, 0x7F, 0xF9, 0xF1, 0xF1, 0x03, 0xF8, 0x03, 0xF2, 0x7F, 
0xF9, 0xB3, 0xF0, 0x7F, 0xF9, 0xF1, 0xF1, 0x03, 0xFF, 0x36, 0x2C, 0x68, 0x00, 0x46, 0x02, 0x00, 
0x00, 0x00, 0x2A, 0xD8, 0x16, 0xF8, 0x00, 0x00, 0x1C, 0x00, 0xC5, 0xD3, 0x8B, 0x0F, 0x72, 0x14, 
0x00, 0x80, 0x6C, 0xD8, 0x0D, 0x00, 0x00, 0x44, 0x40, 0x80, 0x6C, 0xD8, 0x0D, 0x00, 0x00, 0x45, 
0x80, 0x80, 0x6C, 0xD8, 0x0D, 0x00, 0x00, 0x46, 0xC0, 0x80, 0x6C, 0xD8, 0x0D, 0x00, 0x00, 0x47, 
0x00, 0x84, 0x6C, 0xD8, 0x0D, 0x00, 0x00, 0x48, 0x40, 0x84, 0x6C, 0xD8, 0x0D, 0x00, 0x00, 0x49, 
0x80, 0x84, 0x6C, 0xD8, 0x0D, 0x00, 0x00, 0x4A, 0xC0, 0x84, 0x6C, 0xD8, 0x0D, 0x00, 0x00, 0x4B, 
0x1C, 0x00, 0xC5, 0xD3, 0x8C, 0x11, 0x72, 0x14, 0x00, 0x88, 0x6C, 0xD8, 0x0D, 0x00, 0x00, 0x4C, 
0x40, 0x88, 0x6C, 0xD8, 0x0D, 0x00, 0x00, 0x4D, 0x80, 0x88, 0x6C, 0xD8, 0x0D, 0x00, 0x00, 0x4E, 
0xC0, 0x88, 0x6C, 0xD8, 0x0D, 0x00, 0x00, 0x4F, 0x00, 0x8C, 0x6C, 0xD8, 0x0D, 0x00, 0x00, 0x50, 
0x40, 0x8C, 0x6C, 0xD8, 0x0D, 0x00, 0x00, 0x51, 0x80, 0x8C, 0x6C, 0xD8, 0x0D, 0x00, 0x00, 0x52, 
0xC0, 0x8C, 0x6C, 0xD8, 0x0D, 0x00, 0x00, 0x53, 0x1C, 0x00, 0xC5, 0xD3, 0x8D, 0x13, 0x72, 0x14, 
0x00, 0x90, 0x6C, 0xD8, 0x0D, 0x00, 0x00, 0x54, 0x40, 0x90, 0x6C, 0xD8, 0x0D, 0x00, 0x00, 0x55, 
0x80, 0x90, 0x6C, 0xD8, 0x0D, 0x00, 0x00, 0x56, 0xC0, 0x90, 0x6C, 0xD8, 0x0D, 0x00, 0x00, 0x57, 
0x00, 0x94, 0x6C, 0xD8, 0x0D, 0x00, 0x00, 0x58, 0x40, 0x94, 0x6C, 0xD8, 0x0D, 0x00, 0x00, 0x59, 
0x80, 0x94, 0x6C, 0xD8, 0x0D, 0x00, 0x00, 0x5A, 0xC0, 0x94, 0x6C, 0xD8, 0x0D, 0x00, 0x00, 0x5B, 
0x1C, 0x00, 0xC5, 0xD3, 0x8E, 0x15, 0x72, 0x14, 0x00, 0x98, 0x6C, 0xD8, 0x0D, 0x00, 0x00, 0x5C, 
0x40, 0x98, 0x6C, 0xD8, 0x0D, 0x00, 0x00, 0x5D, 0x80, 0x98, 0x6C, 0xD8, 0x0D, 0x00, 0x00, 0x5E, 
0xC0, 0x98, 0x6C, 0xD8, 0x0D, 0x00, 0x00, 0x5F, 0x00, 0x9C, 0x6C, 0xD8, 0x0D, 0x00, 0x00, 0x60, 
0x40, 0x9C, 0x6C, 0xD8, 0x0D, 0x00, 0x00, 0x61, 0x80, 0x9C, 0x6C, 0xD8, 0x0D, 0x00, 0x00, 0x62, 
0xC0, 0x9C, 0x6C, 0xD8, 0x0D, 0x00, 0x00, 0x63, 0x1C, 0x00, 0xC5, 0xD3, 0x8F, 0x17, 0x72, 0x14, 
0x1C, 0x00, 0xC5, 0xD3, 0x90, 0x19, 0x72, 0x14, 0x1C, 0x00, 0xC5, 0xD3, 0x91, 0x1B, 0x72, 0x14, 
0x1C, 0x00, 0xC5, 0xD3, 0x92, 0x1D, 0x72, 0x14, 0x1C, 0x00, 0xC5, 0xD3, 0x93, 0x1F, 0x72, 0x14, 
0x1C, 0x00, 0xC5, 0xD3, 0x94, 0x21, 0x72, 0x14, 0x1C, 0x00, 0xC5, 0xD3, 0x95, 0x23, 0x72, 0x14, 
0x1C, 0x00, 0xC5, 0xD3, 0x96, 0x25, 0x72, 0x14, 0x1C, 0x00, 0xC5, 0xD3, 0x97, 0x27, 0x72, 0x14, 
0x1C, 0x00, 0xC5, 0xD3, 0x98, 0x29, 0x72, 0x14, 0x1C, 0x00, 0xC5, 0xD3, 0x99, 0x2B, 0x72, 0x14, 
0x1C, 0x00, 0xC5, 0xD3, 0x9A, 0x2D, 0x72, 0x14, 0x1C, 0x00, 0xC5, 0xD3, 0x9B, 0x2F, 0x72, 0x14, 
0x1C, 0x00, 0xC5, 0xD3, 0x9C, 0x31, 0x72, 0x14, 0x1C, 0x00, 0xC5, 0xD3, 0x9D, 0x33, 0x72, 0x14, 
0x1C, 0x00, 0xC5, 0xD3, 0x9E, 0x35, 0x72, 0x14, 0x1C, 0x00, 0xC5, 0xD3, 0x9F, 0x37, 0x72, 0x14, 
0x1C, 0x00, 0xC5, 0xD3, 0xA0, 0x39, 0x72, 0x14, 0x1C, 0x00, 0xC5, 0xD3, 0xA1, 0x3B, 0x72, 0x14, 
0x1C, 0x00, 0xC5, 0xD3, 0xA2, 0x3D, 0x72, 0x14, 0x1C, 0x00, 0xC5, 0xD3, 0xA3, 0x3F, 0x72, 0x14, 
0x20, 0x00, 0xC5, 0xD3, 0x84, 0x21, 0x02, 0x12, 0x20, 0x00, 0xC5, 0xD3, 0x85, 0x23, 0x82, 0x14, 
0x20, 0x00, 0xC5, 0xD3, 0x86, 0x25, 0x82, 0x14, 0x20, 0x00, 0xC5, 0xD3, 0x87, 0x27, 0x82, 0x14, 
0x20, 0x00, 0xC5, 0xD3, 0x88, 0x29, 0x82, 0x14, 0x20, 0x00, 0xC5, 0xD3, 0x89, 0x2B, 0x82, 0x14, 
0x20, 0x00, 0xC5, 0xD3, 0x8A, 0x2D, 0x82, 0x14, 0x20, 0x00, 0xC5, 0xD3, 0x8B, 0x2F, 0x82, 0x14, 
0x20, 0x00, 0xC5, 0xD3, 0x8C, 0x31, 0x82, 0x14, 0x20, 0x00, 0xC5, 0xD3, 0x8D, 0x33, 0x82, 0x14, 
0x20, 0x00, 0xC5, 0xD3, 0x8E, 0x35, 0x82, 0x14, 0x20, 0x00, 0xC5, 0xD3, 0x8F, 0x37, 0x82, 0x14, 
0x20, 0x00, 0xC5, 0xD3, 0x90, 0x39, 0x82, 0x14, 0x20, 0x00, 0xC5, 0xD3, 0x91, 0x3B, 0x82, 0x14, 
0x20, 0x00, 0xC5, 0xD3, 0x92, 0x3D, 0x82, 0x14, 0x20, 0x00, 0xC5, 0xD3, 0x93, 0x3F, 0x82, 0x14, 
0x20, 0x00, 0xC5, 0xD3, 0x94, 0x41, 0x82, 0x14, 0x20, 0x00, 0xC5, 0xD3, 0x95, 0x43, 0x82, 0x14, 
0x20, 0x00, 0xC5, 0xD3, 0x96, 0x45, 0x82, 0x14, 0x20, 0x00, 0xC5, 0xD3, 0x97, 0x47, 0x82, 0x14, 
0x20, 0x00, 0xC5, 0xD3, 0x98, 0x49, 0x82, 0x14, 0x20, 0x00, 0xC5, 0xD3, 0x99, 0x4B, 0x82, 0x14, 
0x20, 0x00, 0xC5, 0xD3, 0x9A, 0x4D, 0x82, 0x14, 0x20, 0x00, 0xC5, 0xD3, 0x9B, 0x4F, 0x82, 0x14, 
0x20, 0x00, 0xC5, 0xD3, 0x9C, 0x51, 0x82, 0x14, 0x20, 0x00, 0xC5, 0xD3, 0x9D, 0x53, 0x82, 0x14, 
0x20, 0x00, 0xC5, 0xD3, 0x9E, 0x55, 0x82, 0x14, 0x20, 0x00, 0xC5, 0xD3, 0x9F, 0x57, 0x82, 0x14, 
0x20, 0x00, 0xC5, 0xD3, 0xA0, 0x59, 0x82, 0x14, 0x20, 0x00, 0xC5, 0xD3, 0xA1, 0x5B, 0x82, 0x14, 
0x20, 0x00, 0xC5, 0xD3, 0xA2, 0x5D, 0x82, 0x14, 0x20, 0x00, 0xC5, 0xD3, 0xA3, 0x5F, 0x82, 0x14, 
0x7F, 0xCF, 0x8C, 0xBF, 0x00, 0x00, 0x8A, 0xBF, 0x3C, 0x00, 0xC5, 0xD3, 0x64, 0x01, 0x03, 0x12, 
0x00, 0x10, 0x34, 0xE1, 0x09, 0xEE, 0x08, 0x80, 0xFF, 0x20, 0x2C, 0x68, 0x00, 0x46, 0x02, 0x00, 
0x00, 0x00, 0x6C, 0xD8, 0x16, 0x00, 0x00, 0x1A, 0x3C, 0x00, 0xC5, 0xD3, 0x65, 0x03, 0xF3, 0x14, 
0x1C, 0x00, 0xCB, 0xD1, 0x1C, 0x73, 0xD0, 0x87, 0x1D, 0x00, 0xCB, 0xD1, 0x1D, 0x73, 0xD4, 0x87, 
0x1E, 0x00, 0xCB, 0xD1, 0x1E, 0x73, 0xD8, 0x87, 0x1F, 0x00, 0xCB, 0xD1, 0x1F, 0x73, 0xDC, 0x87, 
0x3C, 0x00, 0xC5, 0xD3, 0x66, 0x05, 0xF3, 0x14, 0x00, 0x10, 0x34, 0xE1, 0x0A, 0xEF, 0x08, 0x80, 
0xFF, 0x20, 0x2C, 0x68, 0x00, 0x46, 0x02, 0x00, 0x3C, 0x00, 0xC5, 0xD3, 0x67, 0x07, 0xF3, 0x14, 
0x20, 0x00, 0xCB, 0xD1, 0x20, 0x73, 0xD0, 0x87, 0x21, 0x00, 0xCB, 0xD1, 0x21, 0x73, 0xD4, 0x87, 
0x22, 0x00, 0xCB, 0xD1, 0x22, 0x73, 0xD8, 0x87, 0x23, 0x00, 0xCB, 0xD1, 0x23, 0x73, 0xDC, 0x87, 
0x3C, 0x00, 0xC5, 0xD3, 0x68, 0x09, 0xF3, 0x14, 0x80, 0x1A, 0x2C, 0x68, 0x00, 0x20, 0x6C, 0xD8, 
0x16, 0x00, 0x00, 0x84, 0x40, 0x20, 0x6C, 0xD8, 0x16, 0x00, 0x00, 0x85, 0x80, 0x20, 0x6C, 0xD8, 
0x16, 0x00, 0x00, 0x86, 0xC0, 0x20, 0x6C, 0xD8, 0x16, 0x00, 0x00, 0x87, 0x3C, 0x00, 0xC5, 0xD3, 
0x69, 0x0B, 0xF3, 0x14, 0x24, 0x00, 0xCB, 0xD1, 0x24, 0x73, 0xD0, 0x87, 0x25, 0x00, 0xCB, 0xD1, 
0x25, 0x73, 0xD4, 0x87, 0x26, 0x00, 0xCB, 0xD1, 0x26, 0x73, 0xD8, 0x87, 0x27, 0x00, 0xCB, 0xD1, 
0x27, 0x73, 0xDC, 0x87, 0x1C, 0x41, 0x38, 0x7E, 0xFF, 0x02, 0x2C, 0x7E, 0x07, 0x02, 0x00, 0x00, 
0x3C, 0x00, 0x10, 0xD0, 0x1C, 0x2D, 0x02, 0x00, 0x00, 0x00, 0x80, 0xBF, 0x1C, 0x00, 0x00, 0xD1, 
0x1C, 0x01, 0xF1, 0x00, 0x1D, 0x41, 0x3A, 0x7E, 0xFF, 0x02, 0x2C, 0x7E, 0x07, 0x02, 0x00, 0x00, 
0x3C, 0x00, 0x10, 0xD0, 0x1D, 0x2D, 0x02, 0x00, 0x00, 0x00, 0x80, 0xBF, 0x1D, 0x00, 0x00, 0xD1, 
0x1D, 0x01, 0xF1, 0x00, 0x3C, 0x00, 0xC5, 0xD3, 0x6A, 0x0D, 0xF3, 0x14, 0x80, 0x1A, 0x2C, 0x68, 
0x00, 0x24, 0x6C, 0xD8, 0x16, 0x00, 0x00, 0x88, 0x40, 0x24, 0x6C, 0xD8, 0x16, 0x00, 0x00, 0x89, 
0x80, 0x24, 0x6C, 0xD8, 0x16, 0x00, 0x00, 0x8A, 0xC0, 0x24, 0x6C, 0xD8, 0x16, 0x00, 0x00, 0x8B, 
0x3C, 0x00, 0xC5, 0xD3, 0x6B, 0x0F, 0xF3, 0x14, 0x28, 0x00, 0xCB, 0xD1, 0x28, 0x73, 0xD0, 0x87, 
0x29, 0x00, 0xCB, 0xD1, 0x29, 0x73, 0xD4, 0x87, 0x2A, 0x00, 0xCB, 0xD1, 0x2A, 0x73, 0xD8, 0x87, 
0x2B, 0x00, 0xCB, 0xD1, 0x2B, 0x73, 0xDC, 0x87, 0x1E, 0x41, 0x3C, 0x7E, 0xFF, 0x02, 0x2C, 0x7E, 
0x07, 0x02, 0x00, 0x00, 0x3C, 0x00, 0x10, 0xD0, 0x1E, 0x2D, 0x02, 0x00, 0x00, 0x00, 0x80, 0xBF, 
0x1E, 0x00, 0x00, 0xD1, 0x1E, 0x01, 0xF1, 0x00, 0x1F, 0x41, 0x3E, 0x7E, 0xFF, 0x02, 0x2C, 0x7E, 
0x07, 0x02, 0x00, 0x00, 0x3C, 0x00, 0x10, 0xD0, 0x1F, 0x2D, 0x02, 0x00, 0x00, 0x00, 0x80, 0xBF, 
0x1F, 0x00, 0x00, 0xD1, 0x1F, 0x01, 0xF1, 0x00, 0x3C, 0x00, 0xC5, 0xD3, 0x6C, 0x11, 0xF3, 0x14, 
0x80, 0x1A, 0x2C, 0x68, 0x00, 0x28, 0x6C, 0xD8, 0x16, 0x00, 0x00, 0x8C, 0x40, 0x28, 0x6C, 0xD8, 
0x16, 0x00, 0x00, 0x8D, 0x80, 0x28, 0x6C, 0xD8, 0x16, 0x00, 0x00, 0x8E, 0xC0, 0x28, 0x6C, 0xD8, 
0x16, 0x00, 0x00, 0x8F, 0x3C, 0x00, 0xC5, 0xD3, 0x6D, 0x13, 0xF3, 0x14, 0x20, 0x41, 0x40, 0x7E, 
0xFF, 0x02, 0x2C, 0x7E, 0x07, 0x02, 0x00, 0x00, 0x3C, 0x00, 0x10, 0xD0, 0x20, 0x2D, 0x02, 0x00, 
0x00, 0x00, 0x80, 0xBF, 0x20, 0x00, 0x00, 0xD1, 0x20, 0x01, 0xF1, 0x00, 0x21, 0x41, 0x42, 0x7E, 
0xFF, 0x02, 0x2C, 0x7E, 0x07, 0x02, 0x00, 0x00, 0x3C, 0x00, 0x10, 0xD0, 0x21, 0x2D, 0x02, 0x00, 
0x00, 0x00, 0x80, 0xBF, 0x21, 0x00, 0x00, 0xD1, 0x21, 0x01, 0xF1, 0x00, 0x3C, 0x00, 0xC5, 0xD3, 
0x6E, 0x15, 0xF3, 0x14, 0x80, 0x1A, 0x2C, 0x68, 0x00, 0x2C, 0x6C, 0xD8, 0x16, 0x00, 0x00, 0x90, 
0x40, 0x2C, 0x6C, 0xD8, 0x16, 0x00, 0x00, 0x91, 0x80, 0x2C, 0x6C, 0xD8, 0x16, 0x00, 0x00, 0x92, 
0xC0, 0x2C, 0x6C, 0xD8, 0x16, 0x00, 0x00, 0x93, 0x3C, 0x00, 0xC5, 0xD3, 0x6F, 0x17, 0xF3, 0x14, 
0x22, 0x41, 0x44, 0x7E, 0xFF, 0x02, 0x2C, 0x7E, 0x07, 0x02, 0x00, 0x00, 0x3C, 0x00, 0x10, 0xD0, 
0x22, 0x2D, 0x02, 0x00, 0x00, 0x00, 0x80, 0xBF, 0x22, 0x00, 0x00, 0xD1, 0x22, 0x01, 0xF1, 0x00, 
0x23, 0x41, 0x46, 0x7E, 0xFF, 0x02, 0x2C, 0x7E, 0x07, 0x02, 0x00, 0x00, 0x3C, 0x00, 0x10, 0xD0, 
0x23, 0x2D, 0x02, 0x00, 0x00, 0x00, 0x80, 0xBF, 0x23, 0x00, 0x00, 0xD1, 0x23, 0x01, 0xF1, 0x00, 
0x3C, 0x00, 0xC5, 0xD3, 0x70, 0x19, 0xF3, 0x14, 0x80, 0x1A, 0x2C, 0x68, 0x00, 0x30, 0x6C, 0xD8, 
0x16, 0x00, 0x00, 0x94, 0x40, 0x30, 0x6C, 0xD8, 0x16, 0x00, 0x00, 0x95, 0x80, 0x30, 0x6C, 0xD8, 
0x16, 0x00, 0x00, 0x96, 0xC0, 0x30, 0x6C, 0xD8, 0x16, 0x00, 0x00, 0x97, 0x3C, 0x00, 0xC5, 0xD3, 
0x71, 0x1B, 0xF3, 0x14, 0x24, 0x41, 0x48, 0x7E, 0xFF, 0x02, 0x2C, 0x7E, 0x07, 0x02, 0x00, 0x00, 
0x3C, 0x00, 0x10, 0xD0, 0x24, 0x2D, 0x02, 0x00, 0x00, 0x00, 0x80, 0xBF, 0x24, 0x00, 0x00, 0xD1, 
0x24, 0x01, 0xF1, 0x00, 0x25, 0x41, 0x4A, 0x7E, 0xFF, 0x02, 0x2C, 0x7E, 0x07, 0x02, 0x00, 0x00, 
0x3C, 0x00, 0x10, 0xD0, 0x25, 0x2D, 0x02, 0x00, 0x00, 0x00, 0x80, 0xBF, 0x25, 0x00, 0x00, 0xD1, 
0x25, 0x01, 0xF1, 0x00, 0x3C, 0x00, 0xC5, 0xD3, 0x72, 0x1D, 0xF3, 0x14, 0x80, 0x1A, 0x2C, 0x68, 
0x00, 0x34, 0x6C, 0xD8, 0x16, 0x00, 0x00, 0x98, 0x40, 0x34, 0x6C, 0xD8, 0x16, 0x00, 0x00, 0x99, 
0x80, 0x34, 0x6C, 0xD8, 0x16, 0x00, 0x00, 0x9A, 0xC0, 0x34, 0x6C, 0xD8, 0x16, 0x00, 0x00, 0x9B, 
0x3C, 0x00, 0xC5, 0xD3, 0x73, 0x1F, 0xF3, 0x14, 0x26, 0x41, 0x4C, 0x7E, 0xFF, 0x02, 0x2C, 0x7E, 
0x07, 0x02, 0x00, 0x00, 0x3C, 0x00, 0x10, 0xD0, 0x26, 0x2D, 0x02, 0x00, 0x00, 0x00, 0x80, 0xBF, 
0x26, 0x00, 0x00, 0xD1, 0x26, 0x01, 0xF1, 0x00, 0x27, 0x41, 0x4E, 0x7E, 0xFF, 0x02, 0x2C, 0x7E, 
0x07, 0x02, 0x00, 0x00, 0x3C, 0x00, 0x10, 0xD0, 0x27, 0x2D, 0x02, 0x00, 0x00, 0x00, 0x80, 0xBF, 
0x27, 0x00, 0x00, 0xD1, 0x27, 0x01, 0xF1, 0x00, 0x3C, 0x00, 0xC5, 0xD3, 0x74, 0x21, 0xF3, 0x14, 
0x80, 0x1A, 0x2C, 0x68, 0x00, 0x38, 0x6C, 0xD8, 0x16, 0x00, 0x00, 0x9C, 0x40, 0x38, 0x6C, 0xD8, 
0x16, 0x00, 0x00, 0x9D, 0x80, 0x38, 0x6C, 0xD8, 0x16, 0x00, 0x00, 0x9E, 0xC0, 0x38, 0x6C, 0xD8, 
0x16, 0x00, 0x00, 0x9F, 0x3C, 0x00, 0xC5, 0xD3, 0x75, 0x23, 0xF3, 0x14, 0x28, 0x41, 0x50, 0x7E, 
0xFF, 0x02, 0x2C, 0x7E, 0x07, 0x02, 0x00, 0x00, 0x3C, 0x00, 0x10, 0xD0, 0x28, 0x2D, 0x02, 0x00, 
0x00, 0x00, 0x80, 0xBF, 0x28, 0x00, 0x00, 0xD1, 0x28, 0x01, 0xF1, 0x00, 0x29, 0x41, 0x52, 0x7E, 
0xFF, 0x02, 0x2C, 0x7E, 0x07, 0x02, 0x00, 0x00, 0x3C, 0x00, 0x10, 0xD0, 0x29, 0x2D, 0x02, 0x00, 
0x00, 0x00, 0x80, 0xBF, 0x29, 0x00, 0x00, 0xD1, 0x29, 0x01, 0xF1, 0x00, 0x3C, 0x00, 0xC5, 0xD3, 
0x76, 0x25, 0xF3, 0x14, 0x80, 0x1A, 0x2C, 0x68, 0x00, 0x3C, 0x6C, 0xD8, 0x16, 0x00, 0x00, 0xA0, 
0x40, 0x3C, 0x6C, 0xD8, 0x16, 0x00, 0x00, 0xA1, 0x80, 0x3C, 0x6C, 0xD8, 0x16, 0x00, 0x00, 0xA2, 
0xC0, 0x3C, 0x6C, 0xD8, 0x16, 0x00, 0x00, 0xA3, 0x3C, 0x00, 0xC5, 0xD3, 0x77, 0x27, 0xF3, 0x14, 
0x2A, 0x41, 0x54, 0x7E, 0xFF, 0x02, 0x2C, 0x7E, 0x07, 0x02, 0x00, 0x00, 0x3C, 0x00, 0x10, 0xD0, 
0x2A, 0x2D, 0x02, 0x00, 0x00, 0x00, 0x80, 0xBF, 0x2A, 0x00, 0x00, 0xD1, 0x2A, 0x01, 0xF1, 0x00, 
0x2B, 0x41, 0x56, 0x7E, 0xFF, 0x02, 0x2C, 0x7E, 0x07, 0x02, 0x00, 0x00, 0x3C, 0x00, 0x10, 0xD0, 
0x2B, 0x2D, 0x02, 0x00, 0x00, 0x00, 0x80, 0xBF, 0x2B, 0x00, 0x00, 0xD1, 0x2B, 0x01, 0xF1, 0x00, 
0x3C, 0x00, 0xC5, 0xD3, 0x78, 0x29, 0xF3, 0x14, 0x3C, 0x00, 0xC5, 0xD3, 0x79, 0x2B, 0xF3, 0x14, 
0x3C, 0x00, 0xC5, 0xD3, 0x7A, 0x2D, 0xF3, 0x14, 0x3C, 0x00, 0xC5, 0xD3, 0x7B, 0x2F, 0xF3, 0x14, 
0x3C, 0x00, 0xC5, 0xD3, 0x7C, 0x31, 0xF3, 0x14, 0x3C, 0x00, 0xC5, 0xD3, 0x7D, 0x33, 0xF3, 0x14, 
0x3C, 0x00, 0xC5, 0xD3, 0x7E, 0x35, 0xF3, 0x14, 0x3C, 0x00, 0xC5, 0xD3, 0x7F, 0x37, 0xF3, 0x14, 
0x3C, 0x00, 0xC5, 0xD3, 0x80, 0x39, 0xF3, 0x14, 0x3C, 0x00, 0xC5, 0xD3, 0x81, 0x3B, 0xF3, 0x14, 
0x3C, 0x00, 0xC5, 0xD3, 0x82, 0x3D, 0xF3, 0x14, 0x3C, 0x00, 0xC5, 0xD3, 0x83, 0x3F, 0xF3, 0x14, 
0x40, 0x00, 0xC5, 0xD3, 0x64, 0x21, 0x03, 0x12, 0x40, 0x00, 0xC5, 0xD3, 0x65, 0x23, 0x03, 0x15, 
0x40, 0x00, 0xC5, 0xD3, 0x66, 0x25, 0x03, 0x15, 0x40, 0x00, 0xC5, 0xD3, 0x67, 0x27, 0x03, 0x15, 
0x40, 0x00, 0xC5, 0xD3, 0x68, 0x29, 0x03, 0x15, 0x40, 0x00, 0xC5, 0xD3, 0x69, 0x2B, 0x03, 0x15, 
0x40, 0x00, 0xC5, 0xD3, 0x6A, 0x2D, 0x03, 0x15, 0x40, 0x00, 0xC5, 0xD3, 0x6B, 0x2F, 0x03, 0x15, 
0x40, 0x00, 0xC5, 0xD3, 0x6C, 0x31, 0x03, 0x15, 0x40, 0x00, 0xC5, 0xD3, 0x6D, 0x33, 0x03, 0x15, 
0x40, 0x00, 0xC5, 0xD3, 0x6E, 0x35, 0x03, 0x15, 0x40, 0x00, 0xC5, 0xD3, 0x6F, 0x37, 0x03, 0x15, 
0x40, 0x00, 0xC5, 0xD3, 0x70, 0x39, 0x03, 0x15, 0x40, 0x00, 0xC5, 0xD3, 0x71, 0x3B, 0x03, 0x15, 
0x40, 0x00, 0xC5, 0xD3, 0x72, 0x3D, 0x03, 0x15, 0x40, 0x00, 0xC5, 0xD3, 0x73, 0x3F, 0x03, 0x15, 
0x40, 0x00, 0xC5, 0xD3, 0x74, 0x41, 0x03, 0x15, 0x40, 0x00, 0xC5, 0xD3, 0x75, 0x43, 0x03, 0x15, 
0x40, 0x00, 0xC5, 0xD3, 0x76, 0x45, 0x03, 0x15, 0x40, 0x00, 0xC5, 0xD3, 0x77, 0x47, 0x03, 0x15, 
0x40, 0x00, 0xC5, 0xD3, 0x78, 0x49, 0x03, 0x15, 0x40, 0x00, 0xC5, 0xD3, 0x79, 0x4B, 0x03, 0x15, 
0x40, 0x00, 0xC5, 0xD3, 0x7A, 0x4D, 0x03, 0x15, 0x40, 0x00, 0xC5, 0xD3, 0x7B, 0x4F, 0x03, 0x15, 
0x40, 0x00, 0xC5, 0xD3, 0x7C, 0x51, 0x03, 0x15, 0x40, 0x00, 0xC5, 0xD3, 0x7D, 0x53, 0x03, 0x15, 
0x40, 0x00, 0xC5, 0xD3, 0x7E, 0x55, 0x03, 0x15, 0x40, 0x00, 0xC5, 0xD3, 0x7F, 0x57, 0x03, 0x15, 
0x40, 0x00, 0xC5, 0xD3, 0x80, 0x59, 0x03, 0x15, 0x40, 0x00, 0xC5, 0xD3, 0x81, 0x5B, 0x03, 0x15, 
0x40, 0x00, 0xC5, 0xD3, 0x82, 0x5D, 0x03, 0x15, 0x40, 0x00, 0xC5, 0xD3, 0x83, 0x5F, 0x03, 0x15, 
0x7F, 0xCF, 0x8C, 0xBF, 0x7A, 0x0F, 0x8C, 0xBF, 0x00, 0x00, 0x8A, 0xBF, 0xA4, 0x00, 0xC5, 0xD3, 
0x44, 0x39, 0x92, 0x06, 0xFF, 0x20, 0x2C, 0x68, 0x00, 0x24, 0x01, 0x00, 0x00, 0x00, 0x6C, 0xD8, 
0x16, 0x00, 0x00, 0xF4, 0x40, 0x10, 0x34, 0xE1, 0x07, 0xF0, 0x08, 0x80, 0xA4, 0x00, 0xC5, 0xD3, 
0x45, 0x3B, 0x92, 0x06, 0xFA, 0x78, 0x78, 0x06, 0x1A, 0x00, 0x00, 0xFF, 0xFA, 0x7A, 0x7A, 0x06, 
0x1A, 0x55, 0x00, 0xFF, 0xFA, 0x7C, 0x7C, 0x06, 0x1A, 0xAA, 0x00, 0xFF, 0xFA, 0x7E, 0x7E, 0x06, 
0x1A, 0xFF, 0x00, 0xFF, 0x1C, 0x79, 0x78, 0x0A, 0x1D, 0x7B, 0x7A, 0x0A, 0x1E, 0x7D, 0x7C, 0x0A, 
0x1F, 0x7F, 0x7E, 0x0A, 0xA4, 0x00, 0xC5, 0xD3, 0x46, 0x3D, 0x92, 0x06, 0xFF, 0x20, 0x2C, 0x68, 
0x00, 0x24, 0x01, 0x00, 0x40, 0x10, 0x34, 0xE1, 0x08, 0xF1, 0x08, 0x80, 0xA4, 0x00, 0xC5, 0xD3, 
0x47, 0x3F, 0x92, 0x06, 0xFA, 0x80, 0x80, 0x06, 0x1A, 0x00, 0x00, 0xFF, 0xFA, 0x82, 0x82, 0x06, 
0x1A, 0x55, 0x00, 0xFF, 0xFA, 0x84, 0x84, 0x06, 0x1A, 0xAA, 0x00, 0xFF, 0xFA, 0x86, 0x86, 0x06, 
0x1A, 0xFF, 0x00, 0xFF, 0x20, 0x81, 0x80, 0x0A, 0x21, 0x83, 0x82, 0x0A, 0x22, 0x85, 0x84, 0x0A, 
0x23, 0x87, 0x86, 0x0A, 0xA8, 0x00, 0xC5, 0xD3, 0x48, 0x39, 0xA2, 0x06, 0xFF, 0x20, 0x2C, 0x68, 
0x00, 0x24, 0x01, 0x00, 0x40, 0x10, 0x34, 0xE1, 0x09, 0xF2, 0x08, 0x80, 0xA8, 0x00, 0xC5, 0xD3, 
0x49, 0x3B, 0xA2, 0x06, 0xFA, 0x88, 0x88, 0x06, 0x1A, 0x00, 0x00, 0xFF, 0xFA, 0x8A, 0x8A, 0x06, 
0x1A, 0x55, 0x00, 0xFF, 0xFA, 0x8C, 0x8C, 0x06, 0x1A, 0xAA, 0x00, 0xFF, 0xFA, 0x8E, 0x8E, 0x06, 
0x1A, 0xFF, 0x00, 0xFF, 0x24, 0x89, 0x88, 0x0A, 0x25, 0x8B, 0x8A, 0x0A, 0x26, 0x8D, 0x8C, 0x0A, 
0x27, 0x8F, 0x8E, 0x0A, 0xA8, 0x00, 0xC5, 0xD3, 0x4A, 0x3D, 0xA2, 0x06, 0xFF, 0x20, 0x2C, 0x68, 
0x00, 0x24, 0x01, 0x00, 0x40, 0x10, 0x34, 0xE1, 0x0A, 0xF3, 0x08, 0x80, 0xA8, 0x00, 0xC5, 0xD3, 
0x4B, 0x3F, 0xA2, 0x06, 0xFA, 0x90, 0x90, 0x06, 0x1A, 0x00, 0x00, 0xFF, 0xFA, 0x92, 0x92, 0x06, 
0x1A, 0x55, 0x00, 0xFF, 0xFA, 0x94, 0x94, 0x06, 0x1A, 0xAA, 0x00, 0xFF, 0xFA, 0x96, 0x96, 0x06, 
0x1A, 0xFF, 0x00, 0xFF, 0x28, 0x91, 0x90, 0x0A, 0x29, 0x93, 0x92, 0x0A, 0x2A, 0x95, 0x94, 0x0A, 
0x2B, 0x97, 0x96, 0x0A, 0xAC, 0x00, 0xC5, 0xD3, 0x4C, 0x39, 0xB2, 0x06, 0xFF, 0x1E, 0x2C, 0x68, 
0x00, 0x26, 0x02, 0x00, 0x00, 0x00, 0x1A, 0xD8, 0x16, 0x3C, 0x00, 0x00, 0x40, 0x00, 0x1A, 0xD8, 
0x16, 0x3D, 0x00, 0x00, 0x80, 0x00, 0x1A, 0xD8, 0x16, 0x3E, 0x00, 0x00, 0xC0, 0x00, 0x1A, 0xD8, 
0x16, 0x3F, 0x00, 0x00, 0xAC, 0x00, 0xC5, 0xD3, 0x4D, 0x3B, 0xB2, 0x06, 0xFF, 0x1E, 0x2C, 0x68, 
0x00, 0x26, 0x02, 0x00, 0x00, 0x10, 0x1A, 0xD8, 0x16, 0x40, 0x00, 0x00, 0x40, 0x10, 0x1A, 0xD8, 
0x16, 0x41, 0x00, 0x00, 0x80, 0x10, 0x1A, 0xD8, 0x16, 0x42, 0x00, 0x00, 0xC0, 0x10, 0x1A, 0xD8, 
0x16, 0x43, 0x00, 0x00, 0xAC, 0x00, 0xC5, 0xD3, 0x4E, 0x3D, 0xB2, 0x06, 0x7C, 0x0F, 0x8C, 0xBF, 
0x00, 0x00, 0x8A, 0xBF, 0xFF, 0x18, 0x2C, 0x68, 0x00, 0x60, 0x00, 0x00, 0x00, 0x40, 0xFE, 0xD9, 
0x16, 0x00, 0x00, 0x64, 0xAC, 0x00, 0xC5, 0xD3, 0x4F, 0x3F, 0xB2, 0x06, 0xFF, 0x18, 0x2C, 0x68, 
0x00, 0x60, 0x00, 0x00, 0x00, 0x44, 0xFE, 0xD9, 0x16, 0x00, 0x00, 0x68, 0xB0, 0x00, 0xC5, 0xD3, 
0x50, 0x39, 0xC2, 0x06, 0xFF, 0x18, 0x2C, 0x68, 0x00, 0x60, 0x00, 0x00, 0x00, 0x48, 0xFE, 0xD9, 
0x16, 0x00, 0x00, 0x6C, 0xB0, 0x00, 0xC5, 0xD3, 0x51, 0x3B, 0xC2, 0x06, 0xFF, 0x18, 0x2C, 0x68, 
0x00, 0x60, 0x00, 0x00, 0x00, 0x4C, 0xFE, 0xD9, 0x16, 0x00, 0x00, 0x70, 0xB0, 0x00, 0xC5, 0xD3, 
0x52, 0x3D, 0xC2, 0x06, 0xFF, 0x18, 0x2C, 0x68, 0x00, 0x60, 0x00, 0x00, 0x00, 0x50, 0xFE, 0xD9, 
0x16, 0x00, 0x00, 0x74, 0xB0, 0x00, 0xC5, 0xD3, 0x53, 0x3F, 0xC2, 0x06, 0xFF, 0x18, 0x2C, 0x68, 
0x00, 0x60, 0x00, 0x00, 0x00, 0x54, 0xFE, 0xD9, 0x16, 0x00, 0x00, 0x78, 0xB4, 0x00, 0xC5, 0xD3, 
0x54, 0x39, 0xD2, 0x06, 0xFF, 0x18, 0x2C, 0x68, 0x00, 0x60, 0x00, 0x00, 0x00, 0x58, 0xFE, 0xD9, 
0x16, 0x00, 0x00, 0x7C, 0xB4, 0x00, 0xC5, 0xD3, 0x55, 0x3B, 0xD2, 0x06, 0xFF, 0x18, 0x2C, 0x68, 
0x00, 0x60, 0x00, 0x00, 0x00, 0x5C, 0xFE, 0xD9, 0x16, 0x00, 0x00, 0x80, 0xB4, 0x00, 0xC5, 0xD3, 
0x56, 0x3D, 0xD2, 0x06, 0xFF, 0x18, 0x2C, 0x68, 0x00, 0x60, 0x00, 0x00, 0xB4, 0x00, 0xC5, 0xD3, 
0x57, 0x3F, 0xD2, 0x06, 0xFF, 0x18, 0x2C, 0x68, 0x00, 0x60, 0x00, 0x00, 0xB8, 0x00, 0xC5, 0xD3, 
0x58, 0x39, 0xE2, 0x06, 0xFF, 0x18, 0x2C, 0x68, 0x00, 0x60, 0x00, 0x00, 0xB8, 0x00, 0xC5, 0xD3, 
0x59, 0x3B, 0xE2, 0x06, 0xFF, 0x18, 0x2C, 0x68, 0x00, 0x60, 0x00, 0x00, 0xB8, 0x00, 0xC5, 0xD3, 
0x5A, 0x3D, 0xE2, 0x06, 0xFF, 0x18, 0x2C, 0x68, 0x00, 0x60, 0x00, 0x00, 0xB8, 0x00, 0xC5, 0xD3, 
0x5B, 0x3F, 0xE2, 0x06, 0xFF, 0x18, 0x2C, 0x68, 0x00, 0x60, 0x00, 0x00, 0xBC, 0x00, 0xC5, 0xD3, 
0x5C, 0x39, 0xF2, 0x06, 0xFF, 0x18, 0x2C, 0x68, 0x00, 0x60, 0x00, 0x00, 0xBC, 0x00, 0xC5, 0xD3, 
0x5D, 0x3B, 0xF2, 0x06, 0xFF, 0x18, 0x2C, 0x68, 0x00, 0x60, 0x00, 0x00, 0xBC, 0x00, 0xC5, 0xD3, 
0x5E, 0x3D, 0xF2, 0x06, 0xFF, 0x18, 0x2C, 0x68, 0x00, 0x60, 0x00, 0x00, 0xBC, 0x00, 0xC5, 0xD3, 
0x5F, 0x3F, 0xF2, 0x06, 0xFF, 0x18, 0x2C, 0x68, 0x00, 0x60, 0x00, 0x00, 0xC0, 0x00, 0xC5, 0xD3, 
0x60, 0x39, 0x02, 0x07, 0xFF, 0x18, 0x2C, 0x68, 0x00, 0x60, 0x00, 0x00, 0xC0, 0x00, 0xC5, 0xD3, 
0x61, 0x3B, 0x02, 0x07, 0xFF, 0x18, 0x2C, 0x68, 0x00, 0x60, 0x00, 0x00, 0xC0, 0x00, 0xC5, 0xD3, 
0x62, 0x3D, 0x02, 0x07, 0xFF, 0x18, 0x2C, 0x68, 0x00, 0x60, 0x00, 0x00, 0xC0, 0x00, 0xC5, 0xD3, 
0x63, 0x3F, 0x02, 0x07, 0xFF, 0x18, 0x2C, 0x68, 0x00, 0x60, 0x00, 0x00, 0xC4, 0x00, 0xC5, 0xD3, 
0x44, 0x41, 0x12, 0x07, 0xFF, 0x18, 0x2C, 0x68, 0x00, 0x60, 0x00, 0x00, 0xC4, 0x00, 0xC5, 0xD3, 
0x45, 0x43, 0x12, 0x07, 0xFF, 0x18, 0x2C, 0x68, 0x00, 0x60, 0x00, 0x00, 0xC4, 0x00, 0xC5, 0xD3, 
0x46, 0x45, 0x12, 0x07, 0xFF, 0x18, 0x2C, 0x68, 0x00, 0x60, 0x00, 0x00, 0xC4, 0x00, 0xC5, 0xD3, 
0x47, 0x47, 0x12, 0x07, 0xFF, 0x18, 0x2C, 0x68, 0x00, 0x60, 0x00, 0x00, 0xC8, 0x00, 0xC5, 0xD3, 
0x48, 0x41, 0x22, 0x07, 0xFF, 0x18, 0x2C, 0x68, 0x00, 0x60, 0x00, 0x00, 0xC8, 0x00, 0xC5, 0xD3, 
0x49, 0x43, 0x22, 0x07, 0xFF, 0x18, 0x2C, 0x68, 0x00, 0x60, 0x00, 0x00, 0xC8, 0x00, 0xC5, 0xD3, 
0x4A, 0x45, 0x22, 0x07, 0xFF, 0x18, 0x2C, 0x68, 0x00, 0x60, 0x00, 0x00, 0xC8, 0x00, 0xC5, 0xD3, 
0x4B, 0x47, 0x22, 0x07, 0xFF, 0x18, 0x2C, 0x68, 0x00, 0x60, 0x00, 0x00, 0xCC, 0x00, 0xC5, 0xD3, 
0x4C, 0x41, 0x32, 0x07, 0xFF, 0x18, 0x2C, 0x68, 0x00, 0x60, 0x00, 0x00, 0xCC, 0x00, 0xC5, 0xD3, 
0x4D, 0x43, 0x32, 0x07, 0xFF, 0x18, 0x2C, 0x68, 0x00, 0x60, 0x00, 0x00, 0xCC, 0x00, 0xC5, 0xD3, 
0x4E, 0x45, 0x32, 0x07, 0xFF, 0x18, 0x2C, 0x68, 0x00, 0x60, 0x00, 0x00, 0xCC, 0x00, 0xC5, 0xD3, 
0x4F, 0x47, 0x32, 0x07, 0xFF, 0x18, 0x2C, 0x68, 0x00, 0x60, 0x00, 0x00, 0xD0, 0x00, 0xC5, 0xD3, 
0x50, 0x41, 0x42, 0x07, 0xFF, 0x18, 0x2C, 0x68, 0x00, 0x60, 0x00, 0x00, 0xD0, 0x00, 0xC5, 0xD3, 
0x51, 0x43, 0x42, 0x07, 0xFF, 0x18, 0x2C, 0x68, 0x00, 0x60, 0x00, 0x00, 0xD0, 0x00, 0xC5, 0xD3, 
0x52, 0x45, 0x42, 0x07, 0xFF, 0x18, 0x2C, 0x68, 0x00, 0x60, 0x00, 0x00, 0xD0, 0x00, 0xC5, 0xD3, 
0x53, 0x47, 0x42, 0x07, 0xFF, 0x18, 0x2C, 0x68, 0x00, 0x60, 0x00, 0x00, 0xD4, 0x00, 0xC5, 0xD3, 
0x54, 0x41, 0x52, 0x07, 0xFF, 0x18, 0x2C, 0x68, 0x00, 0x60, 0x00, 0x00, 0xD4, 0x00, 0xC5, 0xD3, 
0x55, 0x43, 0x52, 0x07, 0xFF, 0x18, 0x2C, 0x68, 0x00, 0x60, 0x00, 0x00, 0xD4, 0x00, 0xC5, 0xD3, 
0x56, 0x45, 0x52, 0x07, 0xFF, 0x18, 0x2C, 0x68, 0x00, 0x60, 0x00, 0x00, 0xD4, 0x00, 0xC5, 0xD3, 
0x57, 0x47, 0x52, 0x07, 0xFF, 0x18, 0x2C, 0x68, 0x00, 0x60, 0x00, 0x00, 0xD8, 0x00, 0xC5, 0xD3, 
0x58, 0x41, 0x62, 0x07, 0xFF, 0x18, 0x2C, 0x68, 0x00, 0x60, 0x00, 0x00, 0xD8, 0x00, 0xC5, 0xD3, 
0x59, 0x43, 0x62, 0x07, 0xFF, 0x18, 0x2C, 0x68, 0x00, 0x60, 0x00, 0x00, 0xD8, 0x00, 0xC5, 0xD3, 
0x5A, 0x45, 0x62, 0x07, 0xFF, 0x18, 0x2C, 0x68, 0x00, 0x60, 0x00, 0x00, 0xD8, 0x00, 0xC5, 0xD3, 
0x5B, 0x47, 0x62, 0x07, 0xFF, 0x18, 0x2C, 0x68, 0x00, 0x60, 0x00, 0x00, 0xDC, 0x00, 0xC5, 0xD3, 
0x5C, 0x41, 0x72, 0x07, 0xFF, 0x18, 0x2C, 0x68, 0x00, 0x60, 0x00, 0x00, 0xDC, 0x00, 0xC5, 0xD3, 
0x5D, 0x43, 0x72, 0x07, 0xFF, 0x18, 0x2C, 0x68, 0x00, 0x60, 0x00, 0x00, 0xDC, 0x00, 0xC5, 0xD3, 
0x5E, 0x45, 0x72, 0x07, 0xFF, 0x18, 0x2C, 0x68, 0x00, 0x60, 0x00, 0x00, 0xDC, 0x00, 0xC5, 0xD3, 
0x5F, 0x47, 0x72, 0x07, 0xFF, 0x18, 0x2C, 0x68, 0x00, 0x60, 0x00, 0x00, 0xE0, 0x00, 0xC5, 0xD3, 
0x60, 0x41, 0x82, 0x07, 0xFF, 0x18, 0x2C, 0x68, 0x00, 0x60, 0x00, 0x00, 0xE0, 0x00, 0xC5, 0xD3, 
0x61, 0x43, 0x82, 0x07, 0xFF, 0x18, 0x2C, 0x68, 0x00, 0x60, 0x00, 0x00, 0xE0, 0x00, 0xC5, 0xD3, 
0x62, 0x45, 0x82, 0x07, 0xFF, 0x18, 0x2C, 0x68, 0x00, 0x60, 0x00, 0x00, 0xE0, 0x00, 0xC5, 0xD3, 
0x63, 0x47, 0x82, 0x07, 0xFF, 0x18, 0x2C, 0x68, 0x00, 0x60, 0x00, 0x00, 0x7F, 0xC8, 0x8C, 0xBF, 
0x00, 0x00, 0x8A, 0xBF, 0xC0, 0x80, 0xC5, 0xD3, 0x84, 0x79, 0x02, 0x07, 0xFF, 0x1C, 0x2C, 0x68, 
0x00, 0x26, 0x02, 0x00, 0x00, 0x00, 0xFE, 0xD9, 0x16, 0x00, 0x00, 0x1C, 0x00, 0x04, 0xFE, 0xD9, 
0x16, 0x00, 0x00, 0x20, 0xC0, 0x80, 0xC5, 0xD3, 0x84, 0x79, 0x02, 0x07, 0x30, 0xE8, 0xE9, 0x0B, 
0xFA, 0x02, 0xEE, 0x7F, 0xF4, 0xFF, 0x00, 0xFF, 0xC0, 0x80, 0xC5, 0xD3, 0x84, 0x79, 0x02, 0x07, 
0xFF, 0x1C, 0x2C, 0x68, 0x00, 0x26, 0x02, 0x00, 0x00, 0x08, 0xFE, 0xD9, 0x16, 0x00, 0x00, 0x24, 
0x00, 0x0C, 0xFE, 0xD9, 0x16, 0x00, 0x00, 0x28, 0xC0, 0x80, 0xC5, 0xD3, 0x84, 0x79, 0x02, 0x07, 
0xFA, 0x02, 0xEC, 0x7F, 0xF4, 0xAA, 0x00, 0xFF, 0xC4, 0x80, 0xC5, 0xD3, 0x85, 0x79, 0x12, 0x07, 
0xFF, 0x1C, 0x2C, 0x68, 0x00, 0x26, 0x02, 0x00, 0x00, 0x10, 0xFE, 0xD9, 0x16, 0x00, 0x00, 0x2C, 
0x00, 0x14, 0xFE, 0xD9, 0x16, 0x00, 0x00, 0x30, 0xC4, 0x80, 0xC5, 0xD3, 0x85, 0x79, 0x12, 0x07, 
0xFA, 0x02, 0xEA, 0x7F, 0xF4, 0x55, 0x00, 0xFF, 0xC4, 0x80, 0xC5, 0xD3, 0x85, 0x79, 0x12, 0x07, 
0xFF, 0x1C, 0x2C, 0x68, 0x00, 0x26, 0x02, 0x00, 0x00, 0x18, 0xFE, 0xD9, 0x16, 0x00, 0x00, 0x34, 
0x00, 0x1C, 0xFE, 0xD9, 0x16, 0x00, 0x00, 0x38, 0xC4, 0x80, 0xC5, 0xD3, 0x85, 0x79, 0x12, 0x07, 
0xFA, 0x02, 0xE8, 0x7F, 0xF4, 0x00, 0x00, 0xFF, 0xC8, 0x80, 0xC5, 0xD3, 0x86, 0x79, 0x22, 0x07, 
0x7A, 0x0F, 0x8C, 0xBF, 0x00, 0x00, 0x8A, 0xBF, 0xFF, 0x18, 0x2C, 0x68, 0x00, 0xC0, 0x00, 0x00, 
0x00, 0x40, 0xFE, 0xD9, 0x16, 0x00, 0x00, 0x64, 0xC8, 0x80, 0xC5, 0xD3, 0x86, 0x79, 0x22, 0x07, 
0xFF, 0x18, 0x2C, 0x68, 0x00, 0xC0, 0x00, 0x00, 0x00, 0x44, 0xFE, 0xD9, 0x16, 0x00, 0x00, 0x68, 
0xC8, 0x80, 0xC5, 0xD3, 0x86, 0x79, 0x22, 0x07, 0xFF, 0x18, 0x2C, 0x68, 0x00, 0xC0, 0x00, 0x00, 
0x00, 0x48, 0xFE, 0xD9, 0x16, 0x00, 0x00, 0x6C, 0xC8, 0x80, 0xC5, 0xD3, 0x86, 0x79, 0x22, 0x07, 
0xFF, 0x18, 0x2C, 0x68, 0x00, 0xC0, 0x00, 0x00, 0x00, 0x4C, 0xFE, 0xD9, 0x16, 0x00, 0x00, 0x70, 
0xCC, 0x80, 0xC5, 0xD3, 0x87, 0x79, 0x32, 0x07, 0xFF, 0x18, 0x2C, 0x68, 0x00, 0xC0, 0x00, 0x00, 
0x00, 0x50, 0xFE, 0xD9, 0x16, 0x00, 0x00, 0x74, 0xCC, 0x80, 0xC5, 0xD3, 0x87, 0x79, 0x32, 0x07, 
0xFF, 0x18, 0x2C, 0x68, 0x00, 0xC0, 0x00, 0x00, 0x00, 0x54, 0xFE, 0xD9, 0x16, 0x00, 0x00, 0x78, 
0xCC, 0x80, 0xC5, 0xD3, 0x87, 0x79, 0x32, 0x07, 0xFF, 0x18, 0x2C, 0x68, 0x00, 0xC0, 0x00, 0x00, 
0x00, 0x58, 0xFE, 0xD9, 0x16, 0x00, 0x00, 0x7C, 0xCC, 0x80, 0xC5, 0xD3, 0x87, 0x79, 0x32, 0x07, 
0xFF, 0x18, 0x2C, 0x68, 0x00, 0xC0, 0x00, 0x00, 0x00, 0x5C, 0xFE, 0xD9, 0x16, 0x00, 0x00, 0x80, 
0xD0, 0x80, 0xC5, 0xD3, 0x88, 0x79, 0x42, 0x07, 0xFF, 0x18, 0x2C, 0x68, 0x00, 0xC0, 0x00, 0x00, 
0xD0, 0x80, 0xC5, 0xD3, 0x88, 0x79, 0x42, 0x07, 0xFF, 0x18, 0x2C, 0x68, 0x00, 0xC0, 0x00, 0x00, 
0xD0, 0x80, 0xC5, 0xD3, 0x88, 0x79, 0x42, 0x07, 0xFF, 0x18, 0x2C, 0x68, 0x00, 0xC0, 0x00, 0x00, 
0xD0, 0x80, 0xC5, 0xD3, 0x88, 0x79, 0x42, 0x07, 0xFF, 0x18, 0x2C, 0x68, 0x00, 0xC0, 0x00, 0x00, 
0xD4, 0x80, 0xC5, 0xD3, 0x89, 0x79, 0x52, 0x07, 0xFF, 0x18, 0x2C, 0x68, 0x00, 0xC0, 0x00, 0x00, 
0xD4, 0x80, 0xC5, 0xD3, 0x89, 0x79, 0x52, 0x07, 0xFF, 0x18, 0x2C, 0x68, 0x00, 0xC0, 0x00, 0x00, 
0xD4, 0x80, 0xC5, 0xD3, 0x89, 0x79, 0x52, 0x07, 0xFF, 0x18, 0x2C, 0x68, 0x00, 0xC0, 0x00, 0x00, 
0xD4, 0x80, 0xC5, 0xD3, 0x89, 0x79, 0x52, 0x07, 0xFF, 0x18, 0x2C, 0x68, 0x00, 0xC0, 0x00, 0x00, 
0xD8, 0x80, 0xC5, 0xD3, 0x8A, 0x79, 0x62, 0x07, 0xFF, 0x18, 0x2C, 0x68, 0x00, 0xC0, 0x00, 0x00, 
0xD8, 0x80, 0xC5, 0xD3, 0x8A, 0x79, 0x62, 0x07, 0xFF, 0x18, 0x2C, 0x68, 0x00, 0xC0, 0x00, 0x00, 
0xD8, 0x80, 0xC5, 0xD3, 0x8A, 0x79, 0x62, 0x07, 0xFF, 0x18, 0x2C, 0x68, 0x00, 0xC0, 0x00, 0x00, 
0xD8, 0x80, 0xC5, 0xD3, 0x8A, 0x79, 0x62, 0x07, 0xFF, 0x18, 0x2C, 0x68, 0x00, 0xC0, 0x00, 0x00, 
0xDC, 0x80, 0xC5, 0xD3, 0x8B, 0x79, 0x72, 0x07, 0xFF, 0x18, 0x2C, 0x68, 0x00, 0xC0, 0x00, 0x00, 
0xDC, 0x80, 0xC5, 0xD3, 0x8B, 0x79, 0x72, 0x07, 0xFF, 0x18, 0x2C, 0x68, 0x00, 0xC0, 0x00, 0x00, 
0xDC, 0x80, 0xC5, 0xD3, 0x8B, 0x79, 0x72, 0x07, 0xFF, 0x18, 0x2C, 0x68, 0x00, 0xC0, 0x00, 0x00, 
0xDC, 0x80, 0xC5, 0xD3, 0x8B, 0x79, 0x72, 0x07, 0xFF, 0x18, 0x2C, 0x68, 0x00, 0xC0, 0x00, 0x00, 
0xE0, 0x80, 0xC5, 0xD3, 0x84, 0x7B, 0x82, 0x07, 0xFF, 0x18, 0x2C, 0x68, 0x00, 0xC0, 0x00, 0x00, 
0xE0, 0x80, 0xC5, 0xD3, 0x84, 0x7B, 0x82, 0x07, 0xFF, 0x18, 0x2C, 0x68, 0x00, 0xC0, 0x00, 0x00, 
0xE0, 0x80, 0xC5, 0xD3, 0x84, 0x7B, 0x82, 0x07, 0xFF, 0x18, 0x2C, 0x68, 0x00, 0xC0, 0x00, 0x00, 
0xE0, 0x80, 0xC5, 0xD3, 0x84, 0x7B, 0x82, 0x07, 0xFF, 0x18, 0x2C, 0x68, 0x00, 0xC0, 0x00, 0x00, 
0xE4, 0x80, 0xC5, 0xD3, 0x85, 0x7B, 0x92, 0x07, 0xFF, 0x18, 0x2C, 0x68, 0x00, 0xC0, 0x00, 0x00, 
0xE4, 0x80, 0xC5, 0xD3, 0x85, 0x7B, 0x92, 0x07, 0xFF, 0x18, 0x2C, 0x68, 0x00, 0xC0, 0x00, 0x00, 
0xE4, 0x80, 0xC5, 0xD3, 0x85, 0x7B, 0x92, 0x07, 0xFF, 0x18, 0x2C, 0x68, 0x00, 0xC0, 0x00, 0x00, 
0xE4, 0x80, 0xC5, 0xD3, 0x85, 0x7B, 0x92, 0x07, 0xFF, 0x18, 0x2C, 0x68, 0x00, 0xC0, 0x00, 0x00, 
0xE8, 0x80, 0xC5, 0xD3, 0x86, 0x7B, 0xA2, 0x07, 0xFF, 0x18, 0x2C, 0x68, 0x00, 0xC0, 0x00, 0x00, 
0xE8, 0x80, 0xC5, 0xD3, 0x86, 0x7B, 0xA2, 0x07, 0xFF, 0x18, 0x2C, 0x68, 0x00, 0xC0, 0x00, 0x00, 
0xE8, 0x80, 0xC5, 0xD3, 0x86, 0x7B, 0xA2, 0x07, 0xFF, 0x18, 0x2C, 0x68, 0x00, 0xC0, 0x00, 0x00, 
0xE8, 0x80, 0xC5, 0xD3, 0x86, 0x7B, 0xA2, 0x07, 0xFF, 0x18, 0x2C, 0x68, 0x00, 0xC0, 0x00, 0x00, 
0xEC, 0x80, 0xC5, 0xD3, 0x87, 0x7B, 0xB2, 0x07, 0xFF, 0x18, 0x2C, 0x68, 0x00, 0xC0, 0x00, 0x00, 
0xEC, 0x80, 0xC5, 0xD3, 0x87, 0x7B, 0xB2, 0x07, 0xFF, 0x18, 0x2C, 0x68, 0x00, 0xC0, 0x00, 0x00, 
0xEC, 0x80, 0xC5, 0xD3, 0x87, 0x7B, 0xB2, 0x07, 0xFF, 0x18, 0x2C, 0x68, 0x00, 0xC0, 0x00, 0x00, 
0xEC, 0x80, 0xC5, 0xD3, 0x87, 0x7B, 0xB2, 0x07, 0xFF, 0x18, 0x2C, 0x68, 0x00, 0xC0, 0x00, 0x00, 
0xF0, 0x80, 0xC5, 0xD3, 0x88, 0x7B, 0xC2, 0x07, 0xFF, 0x18, 0x2C, 0x68, 0x00, 0xC0, 0x00, 0x00, 
0xF0, 0x80, 0xC5, 0xD3, 0x88, 0x7B, 0xC2, 0x07, 0xFF, 0x18, 0x2C, 0x68, 0x00, 0xC0, 0x00, 0x00, 
0xF0, 0x80, 0xC5, 0xD3, 0x88, 0x7B, 0xC2, 0x07, 0xFF, 0x18, 0x2C, 0x68, 0x00, 0xC0, 0x00, 0x00, 
0xF0, 0x80, 0xC5, 0xD3, 0x88, 0x7B, 0xC2, 0x07, 0xFF, 0x18, 0x2C, 0x68, 0x00, 0xC0, 0x00, 0x00, 
0xF4, 0x80, 0xC5, 0xD3, 0x89, 0x7B, 0xD2, 0x07, 0xFF, 0x18, 0x2C, 0x68, 0x00, 0xC0, 0x00, 0x00, 
0xF4, 0x80, 0xC5, 0xD3, 0x89, 0x7B, 0xD2, 0x07, 0xFF, 0x18, 0x2C, 0x68, 0x00, 0xC0, 0x00, 0x00, 
0xF4, 0x80, 0xC5, 0xD3, 0x89, 0x7B, 0xD2, 0x07, 0xFF, 0x18, 0x2C, 0x68, 0x00, 0xC0, 0x00, 0x00, 
0xF4, 0x80, 0xC5, 0xD3, 0x89, 0x7B, 0xD2, 0x07, 0xFF, 0x18, 0x2C, 0x68, 0x00, 0xC0, 0x00, 0x00, 
0xF8, 0x80, 0xC5, 0xD3, 0x8A, 0x7B, 0xE2, 0x07, 0xFF, 0x18, 0x2C, 0x68, 0x00, 0xC0, 0x00, 0x00, 
0xF8, 0x80, 0xC5, 0xD3, 0x8A, 0x7B, 0xE2, 0x07, 0xFF, 0x18, 0x2C, 0x68, 0x00, 0xC0, 0x00, 0x00, 
0xF8, 0x80, 0xC5, 0xD3, 0x8A, 0x7B, 0xE2, 0x07, 0xFF, 0x18, 0x2C, 0x68, 0x00, 0xC0, 0x00, 0x00, 
0xF8, 0x80, 0xC5, 0xD3, 0x8A, 0x7B, 0xE2, 0x07, 0xFF, 0x18, 0x2C, 0x68, 0x00, 0xC0, 0x00, 0x00, 
0xFC, 0x80, 0xC5, 0xD3, 0x8B, 0x7B, 0xF2, 0x07, 0xFF, 0x18, 0x2C, 0x68, 0x00, 0xC0, 0x00, 0x00, 
0xFC, 0x80, 0xC5, 0xD3, 0x8B, 0x7B, 0xF2, 0x07, 0xFF, 0x18, 0x2C, 0x68, 0x00, 0xC0, 0x00, 0x00, 
0xFC, 0x80, 0xC5, 0xD3, 0x8B, 0x7B, 0xF2, 0x07, 0xFF, 0x18, 0x2C, 0x68, 0x00, 0xC0, 0x00, 0x00, 
0xFC, 0x80, 0xC5, 0xD3, 0x8B, 0x7B, 0xF2, 0x07, 0xFF, 0x18, 0x2C, 0x68, 0x00, 0xC0, 0x00, 0x00, 
0x78, 0x02, 0x8C, 0xBF, 0x00, 0x00, 0x8A, 0xBF, 0xE4, 0x00, 0xC5, 0xD3, 0x1C, 0x81, 0x02, 0x12, 
0x4A, 0x00, 0xFC, 0xBE, 0x00, 0x20, 0x51, 0xE0, 0x0B, 0x00, 0x06, 0x80, 0xE4, 0x00, 0xC5, 0xD3, 
0x1D, 0x83, 0x92, 0x17, 0x80, 0x18, 0x2C, 0x68, 0x00, 0x40, 0xFE, 0xD9, 0x16, 0x00, 0x00, 0x84, 
0x00, 0x44, 0xFE, 0xD9, 0x16, 0x00, 0x00, 0x88, 0xE4, 0x00, 0xC5, 0xD3, 0x1E, 0x85, 0x92, 0x17, 
0x50, 0x00, 0xFC, 0xBE, 0x00, 0x10, 0x5D, 0xE0, 0x03, 0x00, 0x05, 0x64, 0xFF, 0x7C, 0x7C, 0x80, 
0x00, 0x10, 0x00, 0x00, 0xE4, 0x00, 0xC5, 0xD3, 0x1F, 0x87, 0x92, 0x17, 0x80, 0x18, 0x2C, 0x68, 
0x00, 0x48, 0xFE, 0xD9, 0x16, 0x00, 0x00, 0x8C, 0x00, 0x4C, 0xFE, 0xD9, 0x16, 0x00, 0x00, 0x90, 
0xE4, 0x00, 0xC5, 0xD3, 0x20, 0x99, 0x92, 0x17, 0x50, 0x00, 0xFC, 0xBE, 0x00, 0x10, 0x5D, 0xE0, 
0x04, 0x00, 0x05, 0x64, 0xFF, 0x7C, 0x7C, 0x80, 0x00, 0x10, 0x00, 0x00, 0xE4, 0x00, 0xC5, 0xD3, 
0x21, 0x9B, 0x92, 0x17, 0x80, 0x18, 0x2C, 0x68, 0x00, 0x50, 0xFE, 0xD9, 0x16, 0x00, 0x00, 0x94, 
0x00, 0x54, 0xFE, 0xD9, 0x16, 0x00, 0x00, 0x98, 0xE4, 0x00, 0xC5, 0xD3, 0x22, 0x9D, 0x92, 0x17, 
0x53, 0x00, 0xFC, 0xBE, 0x00, 0x10, 0x5D, 0xE0, 0x03, 0x00, 0x07, 0x63, 0xFF, 0x7C, 0x7C, 0x80, 
0x00, 0x10, 0x00, 0x00, 0xE4, 0x00, 0xC5, 0xD3, 0x23, 0x9F, 0x92, 0x17, 0x80, 0x18, 0x2C, 0x68, 
0x00, 0x58, 0xFE, 0xD9, 0x16, 0x00, 0x00, 0x9C, 0x00, 0x5C, 0xFE, 0xD9, 0x16, 0x00, 0x00, 0xA0, 
0xE4, 0x00, 0xC5, 0xD3, 0x24, 0xB1, 0x92, 0x17, 0x53, 0x00, 0xFC, 0xBE, 0x00, 0x10, 0x5D, 0xE0, 
0x04, 0x00, 0x07, 0x63, 0xFF, 0x7C, 0x7C, 0x80, 0x00, 0x10, 0x00, 0x00, 0xE4, 0x00, 0xC5, 0xD3, 
0x25, 0xB3, 0x92, 0x17, 0x80, 0x18, 0x2C, 0x68, 0xE4, 0x00, 0xC5, 0xD3, 0x26, 0xB5, 0x92, 0x17, 
0x4D, 0x00, 0xFC, 0xBE, 0x00, 0x10, 0x5D, 0xE0, 0x01, 0x00, 0x02, 0x62, 0xFF, 0x7C, 0x7C, 0x80, 
0x00, 0x10, 0x00, 0x00, 0xE4, 0x00, 0xC5, 0xD3, 0x27, 0xB7, 0x92, 0x17, 0x4D, 0x00, 0xFC, 0xBE, 
0x00, 0x10, 0x5D, 0xE0, 0x02, 0x00, 0x02, 0x62, 0xFF, 0x7C, 0x7C, 0x80, 0x00, 0x10, 0x00, 0x00, 
0xE4, 0x00, 0xC5, 0xD3, 0x28, 0xC9, 0x92, 0x17, 0xE4, 0x00, 0xC5, 0xD3, 0x29, 0xCB, 0x92, 0x17, 
0xE4, 0x00, 0xC5, 0xD3, 0x2A, 0xCD, 0x92, 0x17, 0xE4, 0x00, 0xC5, 0xD3, 0x2B, 0xCF, 0x92, 0x17, 
0xE4, 0x00, 0xC5, 0xD3, 0x2C, 0xE1, 0x92, 0x17, 0xE4, 0x00, 0xC5, 0xD3, 0x2D, 0xE3, 0x92, 0x17, 
0xE4, 0x00, 0xC5, 0xD3, 0x2E, 0xE5, 0x92, 0x17, 0xE4, 0x00, 0xC5, 0xD3, 0x2F, 0xE7, 0x92, 0x17, 
0xE4, 0x00, 0xC5, 0xD3, 0x30, 0xF9, 0x92, 0x17, 0xE4, 0x00, 0xC5, 0xD3, 0x31, 0xFB, 0x92, 0x17, 
0xE4, 0x00, 0xC5, 0xD3, 0x32, 0xFD, 0x92, 0x17, 0xE4, 0x00, 0xC5, 0xD3, 0x33, 0xFF, 0x92, 0x17, 
0xE4, 0x00, 0xC5, 0xD3, 0x34, 0x11, 0x93, 0x17, 0xE4, 0x00, 0xC5, 0xD3, 0x35, 0x13, 0x93, 0x17, 
0xE4, 0x00, 0xC5, 0xD3, 0x36, 0x15, 0x93, 0x17, 0xE4, 0x00, 0xC5, 0xD3, 0x37, 0x17, 0x93, 0x17, 
0xE4, 0x00, 0xC5, 0xD3, 0x38, 0x29, 0x93, 0x17, 0xE4, 0x00, 0xC5, 0xD3, 0x39, 0x2B, 0x93, 0x17, 
0xE4, 0x00, 0xC5, 0xD3, 0x3A, 0x2D, 0x93, 0x17, 0xE4, 0x00, 0xC5, 0xD3, 0x3B, 0x2F, 0x93, 0x17, 
0xE8, 0x00, 0xC5, 0xD3, 0x1C, 0x89, 0x02, 0x12, 0xE8, 0x00, 0xC5, 0xD3, 0x1D, 0x8B, 0xA2, 0x17, 
0xE8, 0x00, 0xC5, 0xD3, 0x1E, 0x8D, 0xA2, 0x17, 0xE8, 0x00, 0xC5, 0xD3, 0x1F, 0x8F, 0xA2, 0x17, 
0xE8, 0x00, 0xC5, 0xD3, 0x20, 0xA1, 0xA2, 0x17, 0xE8, 0x00, 0xC5, 0xD3, 0x21, 0xA3, 0xA2, 0x17, 
0xE8, 0x00, 0xC5, 0xD3, 0x22, 0xA5, 0xA2, 0x17, 0xE8, 0x00, 0xC5, 0xD3, 0x23, 0xA7, 0xA2, 0x17, 
0xE8, 0x00, 0xC5, 0xD3, 0x24, 0xB9, 0xA2, 0x17, 0xE8, 0x00, 0xC5, 0xD3, 0x25, 0xBB, 0xA2, 0x17, 
0xE8, 0x00, 0xC5, 0xD3, 0x26, 0xBD, 0xA2, 0x17, 0xE8, 0x00, 0xC5, 0xD3, 0x27, 0xBF, 0xA2, 0x17, 
0xE8, 0x00, 0xC5, 0xD3, 0x28, 0xD1, 0xA2, 0x17, 0xE8, 0x00, 0xC5, 0xD3, 0x29, 0xD3, 0xA2, 0x17, 
0xE8, 0x00, 0xC5, 0xD3, 0x2A, 0xD5, 0xA2, 0x17, 0xE8, 0x00, 0xC5, 0xD3, 0x2B, 0xD7, 0xA2, 0x17, 
0xE8, 0x00, 0xC5, 0xD3, 0x2C, 0xE9, 0xA2, 0x17, 0xE8, 0x00, 0xC5, 0xD3, 0x2D, 0xEB, 0xA2, 0x17, 
0xE8, 0x00, 0xC5, 0xD3, 0x2E, 0xED, 0xA2, 0x17, 0xE8, 0x00, 0xC5, 0xD3, 0x2F, 0xEF, 0xA2, 0x17, 
0xE8, 0x00, 0xC5, 0xD3, 0x30, 0x01, 0xA3, 0x17, 0xE8, 0x00, 0xC5, 0xD3, 0x31, 0x03, 0xA3, 0x17, 
0xE8, 0x00, 0xC5, 0xD3, 0x32, 0x05, 0xA3, 0x17, 0xE8, 0x00, 0xC5, 0xD3, 0x33, 0x07, 0xA3, 0x17, 
0xE8, 0x00, 0xC5, 0xD3, 0x34, 0x19, 0xA3, 0x17, 0xE8, 0x00, 0xC5, 0xD3, 0x35, 0x1B, 0xA3, 0x17, 
0xE8, 0x00, 0xC5, 0xD3, 0x36, 0x1D, 0xA3, 0x17, 0xE8, 0x00, 0xC5, 0xD3, 0x37, 0x1F, 0xA3, 0x17, 
0xE8, 0x00, 0xC5, 0xD3, 0x38, 0x31, 0xA3, 0x17, 0xB0, 0x3B, 0x3C, 0x80, 0x3C, 0x3A, 0x0A, 0xBF, 
0x44, 0x80, 0x44, 0x85, 0x46, 0x80, 0x46, 0x85, 0x45, 0x80, 0x45, 0x85, 0xE8, 0x00, 0xC5, 0xD3, 
0x39, 0x33, 0xA3, 0x17, 0x45, 0x16, 0x16, 0x68, 0x46, 0x64, 0x64, 0x80, 0xE8, 0x00, 0xC5, 0xD3, 
0x3A, 0x35, 0xA3, 0x17, 0x46, 0x63, 0x63, 0x80, 0x44, 0x62, 0x62, 0x80, 0xE8, 0x00, 0xC5, 0xD3, 
0x3B, 0x37, 0xA3, 0x17, 0x3B, 0x90, 0x09, 0xBF, 0x43, 0x42, 0x42, 0x85, 0x10, 0x00, 0x3B, 0xB7, 
0x00, 0x00, 0x80, 0xBF, 0x3B, 0x3A, 0x04, 0xBF, 0xD5, 0x16, 0x84, 0xBF, 0x7F, 0xC0, 0x8C, 0xBF, 
0x80, 0x02, 0x2C, 0x7E, 0xFF, 0x36, 0x2E, 0x68, 0x00, 0x46, 0x02, 0x00, 0x00, 0x00, 0x1A, 0xD8, 
0x17, 0x16, 0x00, 0x00, 0x00, 0x00, 0x8A, 0xBF, 0x1C, 0x00, 0xC5, 0xD3, 0x84, 0x01, 0x02, 0x12, 
0x2F, 0xC8, 0xC9, 0x0B, 0x2F, 0xCA, 0xCB, 0x0B, 0x2F, 0xCC, 0xCD, 0x0B, 0x2F, 0xCE, 0xCF, 0x0B, 
0x1C, 0x00, 0xC5, 0xD3, 0x85, 0x03, 0x72, 0x14, 0x2F, 0xD0, 0xD1, 0x0B, 0x2F, 0xD2, 0xD3, 0x0B, 
0x2F, 0xD4, 0xD5, 0x0B, 0x2F, 0xD6, 0xD7, 0x0B, 0x1C, 0x00, 0xC5, 0xD3, 0x86, 0x05, 0x72, 0x14, 
0x2E, 0x88, 0x3C, 0x92, 0x3C, 0x01, 0x11, 0xBF, 0x64, 0xF1, 0xF1, 0x0B, 0x00, 0x00, 0x9C, 0xBF, 
0x3C, 0x01, 0x11, 0xBF, 0x65, 0xF3, 0xF3, 0x0B, 0x00, 0x00, 0x9C, 0xBF, 0x3C, 0x01, 0x11, 0xBF, 
0x66, 0xF5, 0xF5, 0x0B, 0x00, 0x00, 0x9C, 0xBF, 0x3C, 0x01, 0x11, 0xBF, 0x67, 0xF7, 0xF7, 0x0B, 
0x00, 0x00, 0x9C, 0xBF, 0x1C, 0x00, 0xC5, 0xD3, 0x87, 0x07, 0x72, 0x14, 0x00, 0x10, 0x34, 0xE1, 
0x07, 0xEC, 0x08, 0x80, 0x1C, 0x00, 0xC5, 0xD3, 0x88, 0x09, 0x72, 0x14, 0x2E, 0x88, 0x3C, 0x92, 
0x3C, 0x01, 0x11, 0xBF, 0x68, 0xF9, 0xF9, 0x0B, 0x00, 0x00, 0x9C, 0xBF, 0x3C, 0x01, 0x11, 0xBF, 
0x69, 0xFB, 0xFB, 0x0B, 0x00, 0x00, 0x9C, 0xBF, 0x3C, 0x01, 0x11, 0xBF, 0x6A, 0xFD, 0xFD, 0x0B, 
0x00, 0x00, 0x9C, 0xBF, 0x3C, 0x01, 0x11, 0xBF, 0x6B, 0xFF, 0xFF, 0x0B, 0x00, 0x00, 0x9C, 0xBF, 
0x1C, 0x00, 0xC5, 0xD3, 0x89, 0x0B, 0x72, 0x14, 0x00, 0x10, 0x34, 0xE1, 0x08, 0xED, 0x08, 0x80, 
0x1C, 0x00, 0xC5, 0xD3, 0x8A, 0x0D, 0x72, 0x14, 0xF8, 0x40, 0xB2, 0xD3, 0xFA, 0xF1, 0x03, 0x18, 
0xFC, 0x40, 0xB2, 0xD3, 0xFE, 0xF9, 0x03, 0x18, 0xF8, 0x40, 0xB2, 0xD3, 0xFC, 0xF1, 0x03, 0x18, 
0xF9, 0xF1, 0xF1, 0x03, 0xF8, 0x03, 0xF2, 0x7F, 0xF9, 0xB5, 0xF0, 0x7F, 0xF9, 0xF1, 0xF1, 0x03, 
0xF8, 0x03, 0xF2, 0x7F, 0xF9, 0xB3, 0xF0, 0x7F, 0xF9, 0xF1, 0xF1, 0x03, 0xFF, 0x36, 0x2C, 0x68, 
0x00, 0x46, 0x02, 0x00, 0x00, 0x00, 0x2A, 0xD8, 0x16, 0xF8, 0x00, 0x00, 0x1C, 0x00, 0xC5, 0xD3, 
0x8B, 0x0F, 0x72, 0x14, 0x00, 0xA0, 0x6C, 0xD8, 0x0D, 0x00, 0x00, 0x44, 0x40, 0xA0, 0x6C, 0xD8, 
0x0D, 0x00, 0x00, 0x45, 0x80, 0xA0, 0x6C, 0xD8, 0x0D, 0x00, 0x00, 0x46, 0xC0, 0xA0, 0x6C, 0xD8, 
0x0D, 0x00, 0x00, 0x47, 0x00, 0xA4, 0x6C, 0xD8, 0x0D, 0x00, 0x00, 0x48, 0x40, 0xA4, 0x6C, 0xD8, 
0x0D, 0x00, 0x00, 0x49, 0x80, 0xA4, 0x6C, 0xD8, 0x0D, 0x00, 0x00, 0x4A, 0xC0, 0xA4, 0x6C, 0xD8, 
0x0D, 0x00, 0x00, 0x4B, 0x1C, 0x00, 0xC5, 0xD3, 0x8C, 0x11, 0x72, 0x14, 0x00, 0xA8, 0x6C, 0xD8, 
0x0D, 0x00, 0x00, 0x4C, 0x40, 0xA8, 0x6C, 0xD8, 0x0D, 0x00, 0x00, 0x4D, 0x80, 0xA8, 0x6C, 0xD8, 
0x0D, 0x00, 0x00, 0x4E, 0xC0, 0xA8, 0x6C, 0xD8, 0x0D, 0x00, 0x00, 0x4F, 0x00, 0xAC, 0x6C, 0xD8, 
0x0D, 0x00, 0x00, 0x50, 0x40, 0xAC, 0x6C, 0xD8, 0x0D, 0x00, 0x00, 0x51, 0x80, 0xAC, 0x6C, 0xD8, 
0x0D, 0x00, 0x00, 0x52, 0xC0, 0xAC, 0x6C, 0xD8, 0x0D, 0x00, 0x00, 0x53, 0x1C, 0x00, 0xC5, 0xD3, 
0x8D, 0x13, 0x72, 0x14, 0x00, 0xB0, 0x6C, 0xD8, 0x0D, 0x00, 0x00, 0x54, 0x40, 0xB0, 0x6C, 0xD8, 
0x0D, 0x00, 0x00, 0x55, 0x80, 0xB0, 0x6C, 0xD8, 0x0D, 0x00, 0x00, 0x56, 0xC0, 0xB0, 0x6C, 0xD8, 
0x0D, 0x00, 0x00, 0x57, 0x00, 0xB4, 0x6C, 0xD8, 0x0D, 0x00, 0x00, 0x58, 0x40, 0xB4, 0x6C, 0xD8, 
0x0D, 0x00, 0x00, 0x59, 0x80, 0xB4, 0x6C, 0xD8, 0x0D, 0x00, 0x00, 0x5A, 0xC0, 0xB4, 0x6C, 0xD8, 
0x0D, 0x00, 0x00, 0x5B, 0x1C, 0x00, 0xC5, 0xD3, 0x8E, 0x15, 0x72, 0x14, 0x00, 0xB8, 0x6C, 0xD8, 
0x0D, 0x00, 0x00, 0x5C, 0x40, 0xB8, 0x6C, 0xD8, 0x0D, 0x00, 0x00, 0x5D, 0x80, 0xB8, 0x6C, 0xD8, 
0x0D, 0x00, 0x00, 0x5E, 0xC0, 0xB8, 0x6C, 0xD8, 0x0D, 0x00, 0x00, 0x5F, 0x00, 0xBC, 0x6C, 0xD8, 
0x0D, 0x00, 0x00, 0x60, 0x40, 0xBC, 0x6C, 0xD8, 0x0D, 0x00, 0x00, 0x61, 0x80, 0xBC, 0x6C, 0xD8, 
0x0D, 0x00, 0x00, 0x62, 0xC0, 0xBC, 0x6C, 0xD8, 0x0D, 0x00, 0x00, 0x63, 0x1C, 0x00, 0xC5, 0xD3, 
0x8F, 0x17, 0x72, 0x14, 0x1C, 0x00, 0xC5, 0xD3, 0x90, 0x19, 0x72, 0x14, 0x1C, 0x00, 0xC5, 0xD3, 
0x91, 0x1B, 0x72, 0x14, 0x1C, 0x00, 0xC5, 0xD3, 0x92, 0x1D, 0x72, 0x14, 0x1C, 0x00, 0xC5, 0xD3, 
0x93, 0x1F, 0x72, 0x14, 0x1C, 0x00, 0xC5, 0xD3, 0x94, 0x21, 0x72, 0x14, 0x1C, 0x00, 0xC5, 0xD3, 
0x95, 0x23, 0x72, 0x14, 0x1C, 0x00, 0xC5, 0xD3, 0x96, 0x25, 0x72, 0x14, 0x1C, 0x00, 0xC5, 0xD3, 
0x97, 0x27, 0x72, 0x14, 0x1C, 0x00, 0xC5, 0xD3, 0x98, 0x29, 0x72, 0x14, 0x1C, 0x00, 0xC5, 0xD3, 
0x99, 0x2B, 0x72, 0x14, 0x1C, 0x00, 0xC5, 0xD3, 0x9A, 0x2D, 0x72, 0x14, 0x1C, 0x00, 0xC5, 0xD3, 
0x9B, 0x2F, 0x72, 0x14, 0x1C, 0x00, 0xC5, 0xD3, 0x9C, 0x31, 0x72, 0x14, 0x1C, 0x00, 0xC5, 0xD3, 
0x9D, 0x33, 0x72, 0x14, 0x1C, 0x00, 0xC5, 0xD3, 0x9E, 0x35, 0x72, 0x14, 0x1C, 0x00, 0xC5, 0xD3, 
0x9F, 0x37, 0x72, 0x14, 0x1C, 0x00, 0xC5, 0xD3, 0xA0, 0x39, 0x72, 0x14, 0x1C, 0x00, 0xC5, 0xD3, 
0xA1, 0x3B, 0x72, 0x14, 0x1C, 0x00, 0xC5, 0xD3, 0xA2, 0x3D, 0x72, 0x14, 0x1C, 0x00, 0xC5, 0xD3, 
0xA3, 0x3F, 0x72, 0x14, 0x20, 0x00, 0xC5, 0xD3, 0x84, 0x21, 0x02, 0x12, 0x20, 0x00, 0xC5, 0xD3, 
0x85, 0x23, 0x82, 0x14, 0x20, 0x00, 0xC5, 0xD3, 0x86, 0x25, 0x82, 0x14, 0x20, 0x00, 0xC5, 0xD3, 
0x87, 0x27, 0x82, 0x14, 0x20, 0x00, 0xC5, 0xD3, 0x88, 0x29, 0x82, 0x14, 0x20, 0x00, 0xC5, 0xD3, 
0x89, 0x2B, 0x82, 0x14, 0x20, 0x00, 0xC5, 0xD3, 0x8A, 0x2D, 0x82, 0x14, 0x20, 0x00, 0xC5, 0xD3, 
0x8B, 0x2F, 0x82, 0x14, 0x20, 0x00, 0xC5, 0xD3, 0x8C, 0x31, 0x82, 0x14, 0x20, 0x00, 0xC5, 0xD3, 
0x8D, 0x33, 0x82, 0x14, 0x20, 0x00, 0xC5, 0xD3, 0x8E, 0x35, 0x82, 0x14, 0x20, 0x00, 0xC5, 0xD3, 
0x8F, 0x37, 0x82, 0x14, 0x20, 0x00, 0xC5, 0xD3, 0x90, 0x39, 0x82, 0x14, 0x20, 0x00, 0xC5, 0xD3, 
0x91, 0x3B, 0x82, 0x14, 0x20, 0x00, 0xC5, 0xD3, 0x92, 0x3D, 0x82, 0x14, 0x20, 0x00, 0xC5, 0xD3, 
0x93, 0x3F, 0x82, 0x14, 0x20, 0x00, 0xC5, 0xD3, 0x94, 0x41, 0x82, 0x14, 0x20, 0x00, 0xC5, 0xD3, 
0x95, 0x43, 0x82, 0x14, 0x20, 0x00, 0xC5, 0xD3, 0x96, 0x45, 0x82, 0x14, 0x20, 0x00, 0xC5, 0xD3, 
0x97, 0x47, 0x82, 0x14, 0x20, 0x00, 0xC5, 0xD3, 0x98, 0x49, 0x82, 0x14, 0x20, 0x00, 0xC5, 0xD3, 
0x99, 0x4B, 0x82, 0x14, 0x20, 0x00, 0xC5, 0xD3, 0x9A, 0x4D, 0x82, 0x14, 0x20, 0x00, 0xC5, 0xD3, 
0x9B, 0x4F, 0x82, 0x14, 0x20, 0x00, 0xC5, 0xD3, 0x9C, 0x51, 0x82, 0x14, 0x20, 0x00, 0xC5, 0xD3, 
0x9D, 0x53, 0x82, 0x14, 0x20, 0x00, 0xC5, 0xD3, 0x9E, 0x55, 0x82, 0x14, 0x20, 0x00, 0xC5, 0xD3, 
0x9F, 0x57, 0x82, 0x14, 0x20, 0x00, 0xC5, 0xD3, 0xA0, 0x59, 0x82, 0x14, 0x20, 0x00, 0xC5, 0xD3, 
0xA1, 0x5B, 0x82, 0x14, 0x20, 0x00, 0xC5, 0xD3, 0xA2, 0x5D, 0x82, 0x14, 0x20, 0x00, 0xC5, 0xD3, 
0xA3, 0x5F, 0x82, 0x14, 0x7F, 0xCF, 0x8C, 0xBF, 0x00, 0x00, 0x8A, 0xBF, 0x3C, 0x00, 0xC5, 0xD3, 
0x64, 0x01, 0x03, 0x12, 0x00, 0x10, 0x34, 0xE1, 0x09, 0xEE, 0x08, 0x80, 0xFF, 0x20, 0x2C, 0x68, 
0x00, 0x46, 0x02, 0x00, 0x00, 0x00, 0x6C, 0xD8, 0x16, 0x00, 0x00, 0x1A, 0x3C, 0x00, 0xC5, 0xD3, 
0x65, 0x03, 0xF3, 0x14, 0x1C, 0x00, 0xCB, 0xD1, 0x1C, 0x73, 0xD0, 0x87, 0x1D, 0x00, 0xCB, 0xD1, 
0x1D, 0x73, 0xD4, 0x87, 0x1E, 0x00, 0xCB, 0xD1, 0x1E, 0x73, 0xD8, 0x87, 0x1F, 0x00, 0xCB, 0xD1, 
0x1F, 0x73, 0xDC, 0x87, 0x3C, 0x00, 0xC5, 0xD3, 0x66, 0x05, 0xF3, 0x14, 0x00, 0x10, 0x34, 0xE1, 
0x0A, 0xEF, 0x08, 0x80, 0xFF, 0x20, 0x2C, 0x68, 0x00, 0x46, 0x02, 0x00, 0x3C, 0x00, 0xC5, 0xD3, 
0x67, 0x07, 0xF3, 0x14, 0x20, 0x00, 0xCB, 0xD1, 0x20, 0x73, 0xD0, 0x87, 0x21, 0x00, 0xCB, 0xD1, 
0x21, 0x73, 0xD4, 0x87, 0x22, 0x00, 0xCB, 0xD1, 0x22, 0x73, 0xD8, 0x87, 0x23, 0x00, 0xCB, 0xD1, 
0x23, 0x73, 0xDC, 0x87, 0x3C, 0x00, 0xC5, 0xD3, 0x68, 0x09, 0xF3, 0x14, 0x80, 0x1A, 0x2C, 0x68, 
0x00, 0x40, 0x6C, 0xD8, 0x16, 0x00, 0x00, 0x84, 0x40, 0x40, 0x6C, 0xD8, 0x16, 0x00, 0x00, 0x85, 
0x80, 0x40, 0x6C, 0xD8, 0x16, 0x00, 0x00, 0x86, 0xC0, 0x40, 0x6C, 0xD8, 0x16, 0x00, 0x00, 0x87, 
0x3C, 0x00, 0xC5, 0xD3, 0x69, 0x0B, 0xF3, 0x14, 0x24, 0x00, 0xCB, 0xD1, 0x24, 0x73, 0xD0, 0x87, 
0x25, 0x00, 0xCB, 0xD1, 0x25, 0x73, 0xD4, 0x87, 0x26, 0x00, 0xCB, 0xD1, 0x26, 0x73, 0xD8, 0x87, 
0x27, 0x00, 0xCB, 0xD1, 0x27, 0x73, 0xDC, 0x87, 0x1C, 0x41, 0x38, 0x7E, 0xFF, 0x02, 0x2C, 0x7E, 
0x07, 0x02, 0x00, 0x00, 0x3C, 0x00, 0x10, 0xD0, 0x1C, 0x2D, 0x02, 0x00, 0x00, 0x00, 0x80, 0xBF, 
0x1C, 0x00, 0x00, 0xD1, 0x1C, 0x01, 0xF1, 0x00, 0x1D, 0x41, 0x3A, 0x7E, 0xFF, 0x02, 0x2C, 0x7E, 
0x07, 0x02, 0x00, 0x00, 0x3C, 0x00, 0x10, 0xD0, 0x1D, 0x2D, 0x02, 0x00, 0x00, 0x00, 0x80, 0xBF, 
0x1D, 0x00, 0x00, 0xD1, 0x1D, 0x01, 0xF1, 0x00, 0x3C, 0x00, 0xC5, 0xD3, 0x6A, 0x0D, 0xF3, 0x14, 
0x80, 0x1A, 0x2C, 0x68, 0x00, 0x44, 0x6C, 0xD8, 0x16, 0x00, 0x00, 0x88, 0x40, 0x44, 0x6C, 0xD8, 
0x16, 0x00, 0x00, 0x89, 0x80, 0x44, 0x6C, 0xD8, 0x16, 0x00, 0x00, 0x8A, 0xC0, 0x44, 0x6C, 0xD8, 
0x16, 0x00, 0x00, 0x8B, 0x3C, 0x00, 0xC5, 0xD3, 0x6B, 0x0F, 0xF3, 0x14, 0x28, 0x00, 0xCB, 0xD1, 
0x28, 0x73, 0xD0, 0x87, 0x29, 0x00, 0xCB, 0xD1, 0x29, 0x73, 0xD4, 0x87, 0x2A, 0x00, 0xCB, 0xD1, 
0x2A, 0x73, 0xD8, 0x87, 0x2B, 0x00, 0xCB, 0xD1, 0x2B, 0x73, 0xDC, 0x87, 0x1E, 0x41, 0x3C, 0x7E, 
0xFF, 0x02, 0x2C, 0x7E, 0x07, 0x02, 0x00, 0x00, 0x3C, 0x00, 0x10, 0xD0, 0x1E, 0x2D, 0x02, 0x00, 
0x00, 0x00, 0x80, 0xBF, 0x1E, 0x00, 0x00, 0xD1, 0x1E, 0x01, 0xF1, 0x00, 0x1F, 0x41, 0x3E, 0x7E, 
0xFF, 0x02, 0x2C, 0x7E, 0x07, 0x02, 0x00, 0x00, 0x3C, 0x00, 0x10, 0xD0, 0x1F, 0x2D, 0x02, 0x00, 
0x00, 0x00, 0x80, 0xBF, 0x1F, 0x00, 0x00, 0xD1, 0x1F, 0x01, 0xF1, 0x00, 0x3C, 0x00, 0xC5, 0xD3, 
0x6C, 0x11, 0xF3, 0x14, 0x80, 0x1A, 0x2C, 0x68, 0x00, 0x48, 0x6C, 0xD8, 0x16, 0x00, 0x00, 0x8C, 
0x40, 0x48, 0x6C, 0xD8, 0x16, 0x00, 0x00, 0x8D, 0x80, 0x48, 0x6C, 0xD8, 0x16, 0x00, 0x00, 0x8E, 
0xC0, 0x48, 0x6C, 0xD8, 0x16, 0x00, 0x00, 0x8F, 0x3C, 0x00, 0xC5, 0xD3, 0x6D, 0x13, 0xF3, 0x14, 
0x20, 0x41, 0x40, 0x7E, 0xFF, 0x02, 0x2C, 0x7E, 0x07, 0x02, 0x00, 0x00, 0x3C, 0x00, 0x10, 0xD0, 
0x20, 0x2D, 0x02, 0x00, 0x00, 0x00, 0x80, 0xBF, 0x20, 0x00, 0x00, 0xD1, 0x20, 0x01, 0xF1, 0x00, 
0x21, 0x41, 0x42, 0x7E, 0xFF, 0x02, 0x2C, 0x7E, 0x07, 0x02, 0x00, 0x00, 0x3C, 0x00, 0x10, 0xD0, 
0x21, 0x2D, 0x02, 0x00, 0x00, 0x00, 0x80, 0xBF, 0x21, 0x00, 0x00, 0xD1, 0x21, 0x01, 0xF1, 0x00, 
0x3C, 0x00, 0xC5, 0xD3, 0x6E, 0x15, 0xF3, 0x14, 0x80, 0x1A, 0x2C, 0x68, 0x00, 0x4C, 0x6C, 0xD8, 
0x16, 0x00, 0x00, 0x90, 0x40, 0x4C, 0x6C, 0xD8, 0x16, 0x00, 0x00, 0x91, 0x80, 0x4C, 0x6C, 0xD8, 
0x16, 0x00, 0x00, 0x92, 0xC0, 0x4C, 0x6C, 0xD8, 0x16, 0x00, 0x00, 0x93, 0x3C, 0x00, 0xC5, 0xD3, 
0x6F, 0x17, 0xF3, 0x14, 0x22, 0x41, 0x44, 0x7E, 0xFF, 0x02, 0x2C, 0x7E, 0x07, 0x02, 0x00, 0x00, 
0x3C, 0x00, 0x10, 0xD0, 0x22, 0x2D, 0x02, 0x00, 0x00, 0x00, 0x80, 0xBF, 0x22, 0x00, 0x00, 0xD1, 
0x22, 0x01, 0xF1, 0x00, 0x23, 0x41, 0x46, 0x7E, 0xFF, 0x02, 0x2C, 0x7E, 0x07, 0x02, 0x00, 0x00, 
0x3C, 0x00, 0x10, 0xD0, 0x23, 0x2D, 0x02, 0x00, 0x00, 0x00, 0x80, 0xBF, 0x23, 0x00, 0x00, 0xD1, 
0x23, 0x01, 0xF1, 0x00, 0x3C, 0x00, 0xC5, 0xD3, 0x70, 0x19, 0xF3, 0x14, 0x80, 0x1A, 0x2C, 0x68, 
0x00, 0x50, 0x6C, 0xD8, 0x16, 0x00, 0x00, 0x94, 0x40, 0x50, 0x6C, 0xD8, 0x16, 0x00, 0x00, 0x95, 
0x80, 0x50, 0x6C, 0xD8, 0x16, 0x00, 0x00, 0x96, 0xC0, 0x50, 0x6C, 0xD8, 0x16, 0x00, 0x00, 0x97, 
0x3C, 0x00, 0xC5, 0xD3, 0x71, 0x1B, 0xF3, 0x14, 0x24, 0x41, 0x48, 0x7E, 0xFF, 0x02, 0x2C, 0x7E, 
0x07, 0x02, 0x00, 0x00, 0x3C, 0x00, 0x10, 0xD0, 0x24, 0x2D, 0x02, 0x00, 0x00, 0x00, 0x80, 0xBF, 
0x24, 0x00, 0x00, 0xD1, 0x24, 0x01, 0xF1, 0x00, 0x25, 0x41, 0x4A, 0x7E, 0xFF, 0x02, 0x2C, 0x7E, 
0x07, 0x02, 0x00, 0x00, 0x3C, 0x00, 0x10, 0xD0, 0x25, 0x2D, 0x02, 0x00, 0x00, 0x00, 0x80, 0xBF, 
0x25, 0x00, 0x00, 0xD1, 0x25, 0x01, 0xF1, 0x00, 0x3C, 0x00, 0xC5, 0xD3, 0x72, 0x1D, 0xF3, 0x14, 
0x80, 0x1A, 0x2C, 0x68, 0x00, 0x54, 0x6C, 0xD8, 0x16, 0x00, 0x00, 0x98, 0x40, 0x54, 0x6C, 0xD8, 
0x16, 0x00, 0x00, 0x99, 0x80, 0x54, 0x6C, 0xD8, 0x16, 0x00, 0x00, 0x9A, 0xC0, 0x54, 0x6C, 0xD8, 
0x16, 0x00, 0x00, 0x9B, 0x3C, 0x00, 0xC5, 0xD3, 0x73, 0x1F, 0xF3, 0x14, 0x26, 0x41, 0x4C, 0x7E, 
0xFF, 0x02, 0x2C, 0x7E, 0x07, 0x02, 0x00, 0x00, 0x3C, 0x00, 0x10, 0xD0, 0x26, 0x2D, 0x02, 0x00, 
0x00, 0x00, 0x80, 0xBF, 0x26, 0x00, 0x00, 0xD1, 0x26, 0x01, 0xF1, 0x00, 0x27, 0x41, 0x4E, 0x7E, 
0xFF, 0x02, 0x2C, 0x7E, 0x07, 0x02, 0x00, 0x00, 0x3C, 0x00, 0x10, 0xD0, 0x27, 0x2D, 0x02, 0x00, 
0x00, 0x00, 0x80, 0xBF, 0x27, 0x00, 0x00, 0xD1, 0x27, 0x01, 0xF1, 0x00, 0x3C, 0x00, 0xC5, 0xD3, 
0x74, 0x21, 0xF3, 0x14, 0x80, 0x1A, 0x2C, 0x68, 0x00, 0x58, 0x6C, 0xD8, 0x16, 0x00, 0x00, 0x9C, 
0x40, 0x58, 0x6C, 0xD8, 0x16, 0x00, 0x00, 0x9D, 0x80, 0x58, 0x6C, 0xD8, 0x16, 0x00, 0x00, 0x9E, 
0xC0, 0x58, 0x6C, 0xD8, 0x16, 0x00, 0x00, 0x9F, 0x3C, 0x00, 0xC5, 0xD3, 0x75, 0x23, 0xF3, 0x14, 
0x28, 0x41, 0x50, 0x7E, 0xFF, 0x02, 0x2C, 0x7E, 0x07, 0x02, 0x00, 0x00, 0x3C, 0x00, 0x10, 0xD0, 
0x28, 0x2D, 0x02, 0x00, 0x00, 0x00, 0x80, 0xBF, 0x28, 0x00, 0x00, 0xD1, 0x28, 0x01, 0xF1, 0x00, 
0x29, 0x41, 0x52, 0x7E, 0xFF, 0x02, 0x2C, 0x7E, 0x07, 0x02, 0x00, 0x00, 0x3C, 0x00, 0x10, 0xD0, 
0x29, 0x2D, 0x02, 0x00, 0x00, 0x00, 0x80, 0xBF, 0x29, 0x00, 0x00, 0xD1, 0x29, 0x01, 0xF1, 0x00, 
0x3C, 0x00, 0xC5, 0xD3, 0x76, 0x25, 0xF3, 0x14, 0x80, 0x1A, 0x2C, 0x68, 0x00, 0x5C, 0x6C, 0xD8, 
0x16, 0x00, 0x00, 0xA0, 0x40, 0x5C, 0x6C, 0xD8, 0x16, 0x00, 0x00, 0xA1, 0x80, 0x5C, 0x6C, 0xD8, 
0x16, 0x00, 0x00, 0xA2, 0xC0, 0x5C, 0x6C, 0xD8, 0x16, 0x00, 0x00, 0xA3, 0x3C, 0x00, 0xC5, 0xD3, 
0x77, 0x27, 0xF3, 0x14, 0x2A, 0x41, 0x54, 0x7E, 0xFF, 0x02, 0x2C, 0x7E, 0x07, 0x02, 0x00, 0x00, 
0x3C, 0x00, 0x10, 0xD0, 0x2A, 0x2D, 0x02, 0x00, 0x00, 0x00, 0x80, 0xBF, 0x2A, 0x00, 0x00, 0xD1, 
0x2A, 0x01, 0xF1, 0x00, 0x2B, 0x41, 0x56, 0x7E, 0xFF, 0x02, 0x2C, 0x7E, 0x07, 0x02, 0x00, 0x00, 
0x3C, 0x00, 0x10, 0xD0, 0x2B, 0x2D, 0x02, 0x00, 0x00, 0x00, 0x80, 0xBF, 0x2B, 0x00, 0x00, 0xD1, 
0x2B, 0x01, 0xF1, 0x00, 0x3C, 0x00, 0xC5, 0xD3, 0x78, 0x29, 0xF3, 0x14, 0x3C, 0x00, 0xC5, 0xD3, 
0x79, 0x2B, 0xF3, 0x14, 0x3C, 0x00, 0xC5, 0xD3, 0x7A, 0x2D, 0xF3, 0x14, 0x3C, 0x00, 0xC5, 0xD3, 
0x7B, 0x2F, 0xF3, 0x14, 0x3C, 0x00, 0xC5, 0xD3, 0x7C, 0x31, 0xF3, 0x14, 0x3C, 0x00, 0xC5, 0xD3, 
0x7D, 0x33, 0xF3, 0x14, 0x3C, 0x00, 0xC5, 0xD3, 0x7E, 0x35, 0xF3, 0x14, 0x3C, 0x00, 0xC5, 0xD3, 
0x7F, 0x37, 0xF3, 0x14, 0x3C, 0x00, 0xC5, 0xD3, 0x80, 0x39, 0xF3, 0x14, 0x3C, 0x00, 0xC5, 0xD3, 
0x81, 0x3B, 0xF3, 0x14, 0x3C, 0x00, 0xC5, 0xD3, 0x82, 0x3D, 0xF3, 0x14, 0x3C, 0x00, 0xC5, 0xD3, 
0x83, 0x3F, 0xF3, 0x14, 0x40, 0x00, 0xC5, 0xD3, 0x64, 0x21, 0x03, 0x12, 0x40, 0x00, 0xC5, 0xD3, 
0x65, 0x23, 0x03, 0x15, 0x40, 0x00, 0xC5, 0xD3, 0x66, 0x25, 0x03, 0x15, 0x40, 0x00, 0xC5, 0xD3, 
0x67, 0x27, 0x03, 0x15, 0x40, 0x00, 0xC5, 0xD3, 0x68, 0x29, 0x03, 0x15, 0x40, 0x00, 0xC5, 0xD3, 
0x69, 0x2B, 0x03, 0x15, 0x40, 0x00, 0xC5, 0xD3, 0x6A, 0x2D, 0x03, 0x15, 0x40, 0x00, 0xC5, 0xD3, 
0x6B, 0x2F, 0x03, 0x15, 0x40, 0x00, 0xC5, 0xD3, 0x6C, 0x31, 0x03, 0x15, 0x40, 0x00, 0xC5, 0xD3, 
0x6D, 0x33, 0x03, 0x15, 0x40, 0x00, 0xC5, 0xD3, 0x6E, 0x35, 0x03, 0x15, 0x40, 0x00, 0xC5, 0xD3, 
0x6F, 0x37, 0x03, 0x15, 0x40, 0x00, 0xC5, 0xD3, 0x70, 0x39, 0x03, 0x15, 0x40, 0x00, 0xC5, 0xD3, 
0x71, 0x3B, 0x03, 0x15, 0x40, 0x00, 0xC5, 0xD3, 0x72, 0x3D, 0x03, 0x15, 0x40, 0x00, 0xC5, 0xD3, 
0x73, 0x3F, 0x03, 0x15, 0x40, 0x00, 0xC5, 0xD3, 0x74, 0x41, 0x03, 0x15, 0x40, 0x00, 0xC5, 0xD3, 
0x75, 0x43, 0x03, 0x15, 0x40, 0x00, 0xC5, 0xD3, 0x76, 0x45, 0x03, 0x15, 0x40, 0x00, 0xC5, 0xD3, 
0x77, 0x47, 0x03, 0x15, 0x40, 0x00, 0xC5, 0xD3, 0x78, 0x49, 0x03, 0x15, 0x40, 0x00, 0xC5, 0xD3, 
0x79, 0x4B, 0x03, 0x15, 0x40, 0x00, 0xC5, 0xD3, 0x7A, 0x4D, 0x03, 0x15, 0x40, 0x00, 0xC5, 0xD3, 
0x7B, 0x4F, 0x03, 0x15, 0x40, 0x00, 0xC5, 0xD3, 0x7C, 0x51, 0x03, 0x15, 0x40, 0x00, 0xC5, 0xD3, 
0x7D, 0x53, 0x03, 0x15, 0x40, 0x00, 0xC5, 0xD3, 0x7E, 0x55, 0x03, 0x15, 0x40, 0x00, 0xC5, 0xD3, 
0x7F, 0x57, 0x03, 0x15, 0x40, 0x00, 0xC5, 0xD3, 0x80, 0x59, 0x03, 0x15, 0x40, 0x00, 0xC5, 0xD3, 
0x81, 0x5B, 0x03, 0x15, 0x40, 0x00, 0xC5, 0xD3, 0x82, 0x5D, 0x03, 0x15, 0x40, 0x00, 0xC5, 0xD3, 
0x83, 0x5F, 0x03, 0x15, 0x7F, 0xCF, 0x8C, 0xBF, 0x7A, 0x0F, 0x8C, 0xBF, 0x00, 0x00, 0x8A, 0xBF, 
0xA4, 0x00, 0xC5, 0xD3, 0x44, 0x39, 0x92, 0x06, 0xFF, 0x20, 0x2C, 0x68, 0x00, 0x20, 0x01, 0x00, 
0x00, 0x00, 0x6C, 0xD8, 0x16, 0x00, 0x00, 0xF4, 0x40, 0x10, 0x34, 0xE1, 0x07, 0xF0, 0x08, 0x80, 
0xA4, 0x00, 0xC5, 0xD3, 0x45, 0x3B, 0x92, 0x06, 0xFA, 0x78, 0x78, 0x06, 0x1A, 0x00, 0x00, 0xFF, 
0xFA, 0x7A, 0x7A, 0x06, 0x1A, 0x55, 0x00, 0xFF, 0xFA, 0x7C, 0x7C, 0x06, 0x1A, 0xAA, 0x00, 0xFF, 
0xFA, 0x7E, 0x7E, 0x06, 0x1A, 0xFF, 0x00, 0xFF, 0x1C, 0x79, 0x78, 0x0A, 0x1D, 0x7B, 0x7A, 0x0A, 
0x1E, 0x7D, 0x7C, 0x0A, 0x1F, 0x7F, 0x7E, 0x0A, 0xA4, 0x00, 0xC5, 0xD3, 0x46, 0x3D, 0x92, 0x06, 
0xFF, 0x20, 0x2C, 0x68, 0x00, 0x20, 0x01, 0x00, 0x40, 0x10, 0x34, 0xE1, 0x08, 0xF1, 0x08, 0x80, 
0xA4, 0x00, 0xC5, 0xD3, 0x47, 0x3F, 0x92, 0x06, 0xFA, 0x80, 0x80, 0x06, 0x1A, 0x00, 0x00, 0xFF, 
0xFA, 0x82, 0x82, 0x06, 0x1A, 0x55, 0x00, 0xFF, 0xFA, 0x84, 0x84, 0x06, 0x1A, 0xAA, 0x00, 0xFF, 
0xFA, 0x86, 0x86, 0x06, 0x1A, 0xFF, 0x00, 0xFF, 0x20, 0x81, 0x80, 0x0A, 0x21, 0x83, 0x82, 0x0A, 
0x22, 0x85, 0x84, 0x0A, 0x23, 0x87, 0x86, 0x0A, 0xA8, 0x00, 0xC5, 0xD3, 0x48, 0x39, 0xA2, 0x06, 
0xFF, 0x20, 0x2C, 0x68, 0x00, 0x20, 0x01, 0x00, 0x40, 0x10, 0x34, 0xE1, 0x09, 0xF2, 0x08, 0x80, 
0xA8, 0x00, 0xC5, 0xD3, 0x49, 0x3B, 0xA2, 0x06, 0xFA, 0x88, 0x88, 0x06, 0x1A, 0x00, 0x00, 0xFF, 
0xFA, 0x8A, 0x8A, 0x06, 0x1A, 0x55, 0x00, 0xFF, 0xFA, 0x8C, 0x8C, 0x06, 0x1A, 0xAA, 0x00, 0xFF, 
0xFA, 0x8E, 0x8E, 0x06, 0x1A, 0xFF, 0x00, 0xFF, 0x24, 0x89, 0x88, 0x0A, 0x25, 0x8B, 0x8A, 0x0A, 
0x26, 0x8D, 0x8C, 0x0A, 0x27, 0x8F, 0x8E, 0x0A, 0xA8, 0x00, 0xC5, 0xD3, 0x4A, 0x3D, 0xA2, 0x06, 
0xFF, 0x20, 0x2C, 0x68, 0x00, 0x20, 0x01, 0x00, 0x40, 0x10, 0x34, 0xE1, 0x0A, 0xF3, 0x08, 0x80, 
0xA8, 0x00, 0xC5, 0xD3, 0x4B, 0x3F, 0xA2, 0x06, 0xFA, 0x90, 0x90, 0x06, 0x1A, 0x00, 0x00, 0xFF, 
0xFA, 0x92, 0x92, 0x06, 0x1A, 0x55, 0x00, 0xFF, 0xFA, 0x94, 0x94, 0x06, 0x1A, 0xAA, 0x00, 0xFF, 
0xFA, 0x96, 0x96, 0x06, 0x1A, 0xFF, 0x00, 0xFF, 0x28, 0x91, 0x90, 0x0A, 0x29, 0x93, 0x92, 0x0A, 
0x2A, 0x95, 0x94, 0x0A, 0x2B, 0x97, 0x96, 0x0A, 0xAC, 0x00, 0xC5, 0xD3, 0x4C, 0x39, 0xB2, 0x06, 
0xFF, 0x1E, 0x2C, 0x68, 0x00, 0x26, 0x02, 0x00, 0x00, 0x00, 0x1A, 0xD8, 0x16, 0x3C, 0x00, 0x00, 
0x40, 0x00, 0x1A, 0xD8, 0x16, 0x3D, 0x00, 0x00, 0x80, 0x00, 0x1A, 0xD8, 0x16, 0x3E, 0x00, 0x00, 
0xC0, 0x00, 0x1A, 0xD8, 0x16, 0x3F, 0x00, 0x00, 0xAC, 0x00, 0xC5, 0xD3, 0x4D, 0x3B, 0xB2, 0x06, 
0xFF, 0x1E, 0x2C, 0x68, 0x00, 0x26, 0x02, 0x00, 0x00, 0x10, 0x1A, 0xD8, 0x16, 0x40, 0x00, 0x00, 
0x40, 0x10, 0x1A, 0xD8, 0x16, 0x41, 0x00, 0x00, 0x80, 0x10, 0x1A, 0xD8, 0x16, 0x42, 0x00, 0x00, 
0xC0, 0x10, 0x1A, 0xD8, 0x16, 0x43, 0x00, 0x00, 0xAC, 0x00, 0xC5, 0xD3, 0x4E, 0x3D, 0xB2, 0x06, 
0x7C, 0x0F, 0x8C, 0xBF, 0x00, 0x00, 0x8A, 0xBF, 0xFF, 0x18, 0x2C, 0x68, 0x00, 0x60, 0x00, 0x00, 
0x00, 0x00, 0xFE, 0xD9, 0x16, 0x00, 0x00, 0x64, 0xAC, 0x00, 0xC5, 0xD3, 0x4F, 0x3F, 0xB2, 0x06, 
0xFF, 0x18, 0x2C, 0x68, 0x00, 0x60, 0x00, 0x00, 0x00, 0x04, 0xFE, 0xD9, 0x16, 0x00, 0x00, 0x68, 
0xB0, 0x00, 0xC5, 0xD3, 0x50, 0x39, 0xC2, 0x06, 0xFF, 0x18, 0x2C, 0x68, 0x00, 0x60, 0x00, 0x00, 
0x00, 0x08, 0xFE, 0xD9, 0x16, 0x00, 0x00, 0x6C, 0xB0, 0x00, 0xC5, 0xD3, 0x51, 0x3B, 0xC2, 0x06, 
0xFF, 0x18, 0x2C, 0x68, 0x00, 0x60, 0x00, 0x00, 0x00, 0x0C, 0xFE, 0xD9, 0x16, 0x00, 0x00, 0x70, 
0xB0, 0x00, 0xC5, 0xD3, 0x52, 0x3D, 0xC2, 0x06, 0xFF, 0x18, 0x2C, 0x68, 0x00, 0x60, 0x00, 0x00, 
0x00, 0x10, 0xFE, 0xD9, 0x16, 0x00, 0x00, 0x74, 0xB0, 0x00, 0xC5, 0xD3, 0x53, 0x3F, 0xC2, 0x06, 
0xFF, 0x18, 0x2C, 0x68, 0x00, 0x60, 0x00, 0x00, 0x00, 0x14, 0xFE, 0xD9, 0x16, 0x00, 0x00, 0x78, 
0xB4, 0x00, 0xC5, 0xD3, 0x54, 0x39, 0xD2, 0x06, 0xFF, 0x18, 0x2C, 0x68, 0x00, 0x60, 0x00, 0x00, 
0x00, 0x18, 0xFE, 0xD9, 0x16, 0x00, 0x00, 0x7C, 0xB4, 0x00, 0xC5, 0xD3, 0x55, 0x3B, 0xD2, 0x06, 
0xFF, 0x18, 0x2C, 0x68, 0x00, 0x60, 0x00, 0x00, 0x00, 0x1C, 0xFE, 0xD9, 0x16, 0x00, 0x00, 0x80, 
0xB4, 0x00, 0xC5, 0xD3, 0x56, 0x3D, 0xD2, 0x06, 0xFF, 0x18, 0x2C, 0x68, 0x00, 0x60, 0x00, 0x00, 
0xB4, 0x00, 0xC5, 0xD3, 0x57, 0x3F, 0xD2, 0x06, 0xFF, 0x18, 0x2C, 0x68, 0x00, 0x60, 0x00, 0x00, 
0xB8, 0x00, 0xC5, 0xD3, 0x58, 0x39, 0xE2, 0x06, 0xFF, 0x18, 0x2C, 0x68, 0x00, 0x60, 0x00, 0x00, 
0xB8, 0x00, 0xC5, 0xD3, 0x59, 0x3B, 0xE2, 0x06, 0xFF, 0x18, 0x2C, 0x68, 0x00, 0x60, 0x00, 0x00, 
0xB8, 0x00, 0xC5, 0xD3, 0x5A, 0x3D, 0xE2, 0x06, 0xFF, 0x18, 0x2C, 0x68, 0x00, 0x60, 0x00, 0x00, 
0xB8, 0x00, 0xC5, 0xD3, 0x5B, 0x3F, 0xE2, 0x06, 0xFF, 0x18, 0x2C, 0x68, 0x00, 0x60, 0x00, 0x00, 
0xBC, 0x00, 0xC5, 0xD3, 0x5C, 0x39, 0xF2, 0x06, 0xFF, 0x18, 0x2C, 0x68, 0x00, 0x60, 0x00, 0x00, 
0xBC, 0x00, 0xC5, 0xD3, 0x5D, 0x3B, 0xF2, 0x06, 0xFF, 0x18, 0x2C, 0x68, 0x00, 0x60, 0x00, 0x00, 
0xBC, 0x00, 0xC5, 0xD3, 0x5E, 0x3D, 0xF2, 0x06, 0xFF, 0x18, 0x2C, 0x68, 0x00, 0x60, 0x00, 0x00, 
0xBC, 0x00, 0xC5, 0xD3, 0x5F, 0x3F, 0xF2, 0x06, 0xFF, 0x18, 0x2C, 0x68, 0x00, 0x60, 0x00, 0x00, 
0xC0, 0x00, 0xC5, 0xD3, 0x60, 0x39, 0x02, 0x07, 0xFF, 0x18, 0x2C, 0x68, 0x00, 0x60, 0x00, 0x00, 
0xC0, 0x00, 0xC5, 0xD3, 0x61, 0x3B, 0x02, 0x07, 0xFF, 0x18, 0x2C, 0x68, 0x00, 0x60, 0x00, 0x00, 
0xC0, 0x00, 0xC5, 0xD3, 0x62, 0x3D, 0x02, 0x07, 0xFF, 0x18, 0x2C, 0x68, 0x00, 0x60, 0x00, 0x00, 
0xC0, 0x00, 0xC5, 0xD3, 0x63, 0x3F, 0x02, 0x07, 0xFF, 0x18, 0x2C, 0x68, 0x00, 0x60, 0x00, 0x00, 
0xC4, 0x00, 0xC5, 0xD3, 0x44, 0x41, 0x12, 0x07, 0xFF, 0x18, 0x2C, 0x68, 0x00, 0x60, 0x00, 0x00, 
0xC4, 0x00, 0xC5, 0xD3, 0x45, 0x43, 0x12, 0x07, 0xFF, 0x18, 0x2C, 0x68, 0x00, 0x60, 0x00, 0x00, 
0xC4, 0x00, 0xC5, 0xD3, 0x46, 0x45, 0x12, 0x07, 0xFF, 0x18, 0x2C, 0x68, 0x00, 0x60, 0x00, 0x00, 
0xC4, 0x00, 0xC5, 0xD3, 0x47, 0x47, 0x12, 0x07, 0xFF, 0x18, 0x2C, 0x68, 0x00, 0x60, 0x00, 0x00, 
0xC8, 0x00, 0xC5, 0xD3, 0x48, 0x41, 0x22, 0x07, 0xFF, 0x18, 0x2C, 0x68, 0x00, 0x60, 0x00, 0x00, 
0xC8, 0x00, 0xC5, 0xD3, 0x49, 0x43, 0x22, 0x07, 0xFF, 0x18, 0x2C, 0x68, 0x00, 0x60, 0x00, 0x00, 
0xC8, 0x00, 0xC5, 0xD3, 0x4A, 0x45, 0x22, 0x07, 0xFF, 0x18, 0x2C, 0x68, 0x00, 0x60, 0x00, 0x00, 
0xC8, 0x00, 0xC5, 0xD3, 0x4B, 0x47, 0x22, 0x07, 0xFF, 0x18, 0x2C, 0x68, 0x00, 0x60, 0x00, 0x00, 
0xCC, 0x00, 0xC5, 0xD3, 0x4C, 0x41, 0x32, 0x07, 0xFF, 0x18, 0x2C, 0x68, 0x00, 0x60, 0x00, 0x00, 
0xCC, 0x00, 0xC5, 0xD3, 0x4D, 0x43, 0x32, 0x07, 0xFF, 0x18, 0x2C, 0x68, 0x00, 0x60, 0x00, 0x00, 
0xCC, 0x00, 0xC5, 0xD3, 0x4E, 0x45, 0x32, 0x07, 0xFF, 0x18, 0x2C, 0x68, 0x00, 0x60, 0x00, 0x00, 
0xCC, 0x00, 0xC5, 0xD3, 0x4F, 0x47, 0x32, 0x07, 0xFF, 0x18, 0x2C, 0x68, 0x00, 0x60, 0x00, 0x00, 
0xD0, 0x00, 0xC5, 0xD3, 0x50, 0x41, 0x42, 0x07, 0xFF, 0x18, 0x2C, 0x68, 0x00, 0x60, 0x00, 0x00, 
0xD0, 0x00, 0xC5, 0xD3, 0x51, 0x43, 0x42, 0x07, 0xFF, 0x18, 0x2C, 0x68, 0x00, 0x60, 0x00, 0x00, 
0xD0, 0x00, 0xC5, 0xD3, 0x52, 0x45, 0x42, 0x07, 0xFF, 0x18, 0x2C, 0x68, 0x00, 0x60, 0x00, 0x00, 
0xD0, 0x00, 0xC5, 0xD3, 0x53, 0x47, 0x42, 0x07, 0xFF, 0x18, 0x2C, 0x68, 0x00, 0x60, 0x00, 0x00, 
0xD4, 0x00, 0xC5, 0xD3, 0x54, 0x41, 0x52, 0x07, 0xFF, 0x18, 0x2C, 0x68, 0x00, 0x60, 0x00, 0x00, 
0xD4, 0x00, 0xC5, 0xD3, 0x55, 0x43, 0x52, 0x07, 0xFF, 0x18, 0x2C, 0x68, 0x00, 0x60, 0x00, 0x00, 
0xD4, 0x00, 0xC5, 0xD3, 0x56, 0x45, 0x52, 0x07, 0xFF, 0x18, 0x2C, 0x68, 0x00, 0x60, 0x00, 0x00, 
0xD4, 0x00, 0xC5, 0xD3, 0x57, 0x47, 0x52, 0x07, 0xFF, 0x18, 0x2C, 0x68, 0x00, 0x60, 0x00, 0x00, 
0xD8, 0x00, 0xC5, 0xD3, 0x58, 0x41, 0x62, 0x07, 0xFF, 0x18, 0x2C, 0x68, 0x00, 0x60, 0x00, 0x00, 
0xD8, 0x00, 0xC5, 0xD3, 0x59, 0x43, 0x62, 0x07, 0xFF, 0x18, 0x2C, 0x68, 0x00, 0x60, 0x00, 0x00, 
0xD8, 0x00, 0xC5, 0xD3, 0x5A, 0x45, 0x62, 0x07, 0xFF, 0x18, 0x2C, 0x68, 0x00, 0x60, 0x00, 0x00, 
0xD8, 0x00, 0xC5, 0xD3, 0x5B, 0x47, 0x62, 0x07, 0xFF, 0x18, 0x2C, 0x68, 0x00, 0x60, 0x00, 0x00, 
0xDC, 0x00, 0xC5, 0xD3, 0x5C, 0x41, 0x72, 0x07, 0xFF, 0x18, 0x2C, 0x68, 0x00, 0x60, 0x00, 0x00, 
0xDC, 0x00, 0xC5, 0xD3, 0x5D, 0x43, 0x72, 0x07, 0xFF, 0x18, 0x2C, 0x68, 0x00, 0x60, 0x00, 0x00, 
0xDC, 0x00, 0xC5, 0xD3, 0x5E, 0x45, 0x72, 0x07, 0xFF, 0x18, 0x2C, 0x68, 0x00, 0x60, 0x00, 0x00, 
0xDC, 0x00, 0xC5, 0xD3, 0x5F, 0x47, 0x72, 0x07, 0xFF, 0x18, 0x2C, 0x68, 0x00, 0x60, 0x00, 0x00, 
0xE0, 0x00, 0xC5, 0xD3, 0x60, 0x41, 0x82, 0x07, 0xFF, 0x18, 0x2C, 0x68, 0x00, 0x60, 0x00, 0x00, 
0xE0, 0x00, 0xC5, 0xD3, 0x61, 0x43, 0x82, 0x07, 0xFF, 0x18, 0x2C, 0x68, 0x00, 0x60, 0x00, 0x00, 
0xE0, 0x00, 0xC5, 0xD3, 0x62, 0x45, 0x82, 0x07, 0xFF, 0x18, 0x2C, 0x68, 0x00, 0x60, 0x00, 0x00, 
0xE0, 0x00, 0xC5, 0xD3, 0x63, 0x47, 0x82, 0x07, 0xFF, 0x18, 0x2C, 0x68, 0x00, 0x60, 0x00, 0x00, 
0x7F, 0xC8, 0x8C, 0xBF, 0x00, 0x00, 0x8A, 0xBF, 0xC0, 0x80, 0xC5, 0xD3, 0x84, 0x79, 0x02, 0x07, 
0xFF, 0x1C, 0x2C, 0x68, 0x00, 0x26, 0x02, 0x00, 0x00, 0x00, 0xFE, 0xD9, 0x16, 0x00, 0x00, 0x1C, 
0x00, 0x04, 0xFE, 0xD9, 0x16, 0x00, 0x00, 0x20, 0xC0, 0x80, 0xC5, 0xD3, 0x84, 0x79, 0x02, 0x07, 
0x30, 0xE8, 0xE9, 0x0B, 0xFA, 0x02, 0xEE, 0x7F, 0xF4, 0xFF, 0x00, 0xFF, 0xC0, 0x80, 0xC5, 0xD3, 
0x84, 0x79, 0x02, 0x07, 0xFF, 0x1C, 0x2C, 0x68, 0x00, 0x26, 0x02, 0x00, 0x00, 0x08, 0xFE, 0xD9, 
0x16, 0x00, 0x00, 0x24, 0x00, 0x0C, 0xFE, 0xD9, 0x16, 0x00, 0x00, 0x28, 0xC0, 0x80, 0xC5, 0xD3, 
0x84, 0x79, 0x02, 0x07, 0xFA, 0x02, 0xEC, 0x7F, 0xF4, 0xAA, 0x00, 0xFF, 0xC4, 0x80, 0xC5, 0xD3, 
0x85, 0x79, 0x12, 0x07, 0xFF, 0x1C, 0x2C, 0x68, 0x00, 0x26, 0x02, 0x00, 0x00, 0x10, 0xFE, 0xD9, 
0x16, 0x00, 0x00, 0x2C, 0x00, 0x14, 0xFE, 0xD9, 0x16, 0x00, 0x00, 0x30, 0xC4, 0x80, 0xC5, 0xD3, 
0x85, 0x79, 0x12, 0x07, 0xFA, 0x02, 0xEA, 0x7F, 0xF4, 0x55, 0x00, 0xFF, 0xC4, 0x80, 0xC5, 0xD3, 
0x85, 0x79, 0x12, 0x07, 0xFF, 0x1C, 0x2C, 0x68, 0x00, 0x26, 0x02, 0x00, 0x00, 0x18, 0xFE, 0xD9, 
0x16, 0x00, 0x00, 0x34, 0x00, 0x1C, 0xFE, 0xD9, 0x16, 0x00, 0x00, 0x38, 0xC4, 0x80, 0xC5, 0xD3, 
0x85, 0x79, 0x12, 0x07, 0xFA, 0x02, 0xE8, 0x7F, 0xF4, 0x00, 0x00, 0xFF, 0xC8, 0x80, 0xC5, 0xD3, 
0x86, 0x79, 0x22, 0x07, 0x7A, 0x0F, 0x8C, 0xBF, 0x00, 0x00, 0x8A, 0xBF, 0xFF, 0x18, 0x2C, 0x68, 
0x00, 0xC0, 0x00, 0x00, 0x00, 0x00, 0xFE, 0xD9, 0x16, 0x00, 0x00, 0x64, 0xC8, 0x80, 0xC5, 0xD3, 
0x86, 0x79, 0x22, 0x07, 0xFF, 0x18, 0x2C, 0x68, 0x00, 0xC0, 0x00, 0x00, 0x00, 0x04, 0xFE, 0xD9, 
0x16, 0x00, 0x00, 0x68, 0xC8, 0x80, 0xC5, 0xD3, 0x86, 0x79, 0x22, 0x07, 0xFF, 0x18, 0x2C, 0x68, 
0x00, 0xC0, 0x00, 0x00, 0x00, 0x08, 0xFE, 0xD9, 0x16, 0x00, 0x00, 0x6C, 0xC8, 0x80, 0xC5, 0xD3, 
0x86, 0x79, 0x22, 0x07, 0xFF, 0x18, 0x2C, 0x68, 0x00, 0xC0, 0x00, 0x00, 0x00, 0x0C, 0xFE, 0xD9, 
0x16, 0x00, 0x00, 0x70, 0xCC, 0x80, 0xC5, 0xD3, 0x87, 0x79, 0x32, 0x07, 0xFF, 0x18, 0x2C, 0x68, 
0x00, 0xC0, 0x00, 0x00, 0x00, 0x10, 0xFE, 0xD9, 0x16, 0x00, 0x00, 0x74, 0xCC, 0x80, 0xC5, 0xD3, 
0x87, 0x79, 0x32, 0x07, 0xFF, 0x18, 0x2C, 0x68, 0x00, 0xC0, 0x00, 0x00, 0x00, 0x14, 0xFE, 0xD9, 
0x16, 0x00, 0x00, 0x78, 0xCC, 0x80, 0xC5, 0xD3, 0x87, 0x79, 0x32, 0x07, 0xFF, 0x18, 0x2C, 0x68, 
0x00, 0xC0, 0x00, 0x00, 0x00, 0x18, 0xFE, 0xD9, 0x16, 0x00, 0x00, 0x7C, 0xCC, 0x80, 0xC5, 0xD3, 
0x87, 0x79, 0x32, 0x07, 0xFF, 0x18, 0x2C, 0x68, 0x00, 0xC0, 0x00, 0x00, 0x00, 0x1C, 0xFE, 0xD9, 
0x16, 0x00, 0x00, 0x80, 0xD0, 0x80, 0xC5, 0xD3, 0x88, 0x79, 0x42, 0x07, 0xFF, 0x18, 0x2C, 0x68, 
0x00, 0xC0, 0x00, 0x00, 0xD0, 0x80, 0xC5, 0xD3, 0x88, 0x79, 0x42, 0x07, 0xFF, 0x18, 0x2C, 0x68, 
0x00, 0xC0, 0x00, 0x00, 0xD0, 0x80, 0xC5, 0xD3, 0x88, 0x79, 0x42, 0x07, 0xFF, 0x18, 0x2C, 0x68, 
0x00, 0xC0, 0x00, 0x00, 0xD0, 0x80, 0xC5, 0xD3, 0x88, 0x79, 0x42, 0x07, 0xFF, 0x18, 0x2C, 0x68, 
0x00, 0xC0, 0x00, 0x00, 0xD4, 0x80, 0xC5, 0xD3, 0x89, 0x79, 0x52, 0x07, 0xFF, 0x18, 0x2C, 0x68, 
0x00, 0xC0, 0x00, 0x00, 0xD4, 0x80, 0xC5, 0xD3, 0x89, 0x79, 0x52, 0x07, 0xFF, 0x18, 0x2C, 0x68, 
0x00, 0xC0, 0x00, 0x00, 0xD4, 0x80, 0xC5, 0xD3, 0x89, 0x79, 0x52, 0x07, 0xFF, 0x18, 0x2C, 0x68, 
0x00, 0xC0, 0x00, 0x00, 0xD4, 0x80, 0xC5, 0xD3, 0x89, 0x79, 0x52, 0x07, 0xFF, 0x18, 0x2C, 0x68, 
0x00, 0xC0, 0x00, 0x00, 0xD8, 0x80, 0xC5, 0xD3, 0x8A, 0x79, 0x62, 0x07, 0xFF, 0x18, 0x2C, 0x68, 
0x00, 0xC0, 0x00, 0x00, 0xD8, 0x80, 0xC5, 0xD3, 0x8A, 0x79, 0x62, 0x07, 0xFF, 0x18, 0x2C, 0x68, 
0x00, 0xC0, 0x00, 0x00, 0xD8, 0x80, 0xC5, 0xD3, 0x8A, 0x79, 0x62, 0x07, 0xFF, 0x18, 0x2C, 0x68, 
0x00, 0xC0, 0x00, 0x00, 0xD8, 0x80, 0xC5, 0xD3, 0x8A, 0x79, 0x62, 0x07, 0xFF, 0x18, 0x2C, 0x68, 
0x00, 0xC0, 0x00, 0x00, 0xDC, 0x80, 0xC5, 0xD3, 0x8B, 0x79, 0x72, 0x07, 0xFF, 0x18, 0x2C, 0x68, 
0x00, 0xC0, 0x00, 0x00, 0xDC, 0x80, 0xC5, 0xD3, 0x8B, 0x79, 0x72, 0x07, 0xFF, 0x18, 0x2C, 0x68, 
0x00, 0xC0, 0x00, 0x00, 0xDC, 0x80, 0xC5, 0xD3, 0x8B, 0x79, 0x72, 0x07, 0xFF, 0x18, 0x2C, 0x68, 
0x00, 0xC0, 0x00, 0x00, 0xDC, 0x80, 0xC5, 0xD3, 0x8B, 0x79, 0x72, 0x07, 0xFF, 0x18, 0x2C, 0x68, 
0x00, 0xC0, 0x00, 0x00, 0xE0, 0x80, 0xC5, 0xD3, 0x84, 0x7B, 0x82, 0x07, 0xFF, 0x18, 0x2C, 0x68, 
0x00, 0xC0, 0x00, 0x00, 0xE0, 0x80, 0xC5, 0xD3, 0x84, 0x7B, 0x82, 0x07, 0xFF, 0x18, 0x2C, 0x68, 
0x00, 0xC0, 0x00, 0x00, 0xE0, 0x80, 0xC5, 0xD3, 0x84, 0x7B, 0x82, 0x07, 0xFF, 0x18, 0x2C, 0x68, 
0x00, 0xC0, 0x00, 0x00, 0xE0, 0x80, 0xC5, 0xD3, 0x84, 0x7B, 0x82, 0x07, 0xFF, 0x18, 0x2C, 0x68, 
0x00, 0xC0, 0x00, 0x00, 0xE4, 0x80, 0xC5, 0xD3, 0x85, 0x7B, 0x92, 0x07, 0xFF, 0x18, 0x2C, 0x68, 
0x00, 0xC0, 0x00, 0x00, 0xE4, 0x80, 0xC5, 0xD3, 0x85, 0x7B, 0x92, 0x07, 0xFF, 0x18, 0x2C, 0x68, 
0x00, 0xC0, 0x00, 0x00, 0xE4, 0x80, 0xC5, 0xD3, 0x85, 0x7B, 0x92, 0x07, 0xFF, 0x18, 0x2C, 0x68, 
0x00, 0xC0, 0x00, 0x00, 0xE4, 0x80, 0xC5, 0xD3, 0x85, 0x7B, 0x92, 0x07, 0xFF, 0x18, 0x2C, 0x68, 
0x00, 0xC0, 0x00, 0x00, 0xE8, 0x80, 0xC5, 0xD3, 0x86, 0x7B, 0xA2, 0x07, 0xFF, 0x18, 0x2C, 0x68, 
0x00, 0xC0, 0x00, 0x00, 0xE8, 0x80, 0xC5, 0xD3, 0x86, 0x7B, 0xA2, 0x07, 0xFF, 0x18, 0x2C, 0x68, 
0x00, 0xC0, 0x00, 0x00, 0xE8, 0x80, 0xC5, 0xD3, 0x86, 0x7B, 0xA2, 0x07, 0xFF, 0x18, 0x2C, 0x68, 
0x00, 0xC0, 0x00, 0x00, 0xE8, 0x80, 0xC5, 0xD3, 0x86, 0x7B, 0xA2, 0x07, 0xFF, 0x18, 0x2C, 0x68, 
0x00, 0xC0, 0x00, 0x00, 0xEC, 0x80, 0xC5, 0xD3, 0x87, 0x7B, 0xB2, 0x07, 0xFF, 0x18, 0x2C, 0x68, 
0x00, 0xC0, 0x00, 0x00, 0xEC, 0x80, 0xC5, 0xD3, 0x87, 0x7B, 0xB2, 0x07, 0xFF, 0x18, 0x2C, 0x68, 
0x00, 0xC0, 0x00, 0x00, 0xEC, 0x80, 0xC5, 0xD3, 0x87, 0x7B, 0xB2, 0x07, 0xFF, 0x18, 0x2C, 0x68, 
0x00, 0xC0, 0x00, 0x00, 0xEC, 0x80, 0xC5, 0xD3, 0x87, 0x7B, 0xB2, 0x07, 0xFF, 0x18, 0x2C, 0x68, 
0x00, 0xC0, 0x00, 0x00, 0xF0, 0x80, 0xC5, 0xD3, 0x88, 0x7B, 0xC2, 0x07, 0xFF, 0x18, 0x2C, 0x68, 
0x00, 0xC0, 0x00, 0x00, 0xF0, 0x80, 0xC5, 0xD3, 0x88, 0x7B, 0xC2, 0x07, 0xFF, 0x18, 0x2C, 0x68, 
0x00, 0xC0, 0x00, 0x00, 0xF0, 0x80, 0xC5, 0xD3, 0x88, 0x7B, 0xC2, 0x07, 0xFF, 0x18, 0x2C, 0x68, 
0x00, 0xC0, 0x00, 0x00, 0xF0, 0x80, 0xC5, 0xD3, 0x88, 0x7B, 0xC2, 0x07, 0xFF, 0x18, 0x2C, 0x68, 
0x00, 0xC0, 0x00, 0x00, 0xF4, 0x80, 0xC5, 0xD3, 0x89, 0x7B, 0xD2, 0x07, 0xFF, 0x18, 0x2C, 0x68, 
0x00, 0xC0, 0x00, 0x00, 0xF4, 0x80, 0xC5, 0xD3, 0x89, 0x7B, 0xD2, 0x07, 0xFF, 0x18, 0x2C, 0x68, 
0x00, 0xC0, 0x00, 0x00, 0xF4, 0x80, 0xC5, 0xD3, 0x89, 0x7B, 0xD2, 0x07, 0xFF, 0x18, 0x2C, 0x68, 
0x00, 0xC0, 0x00, 0x00, 0xF4, 0x80, 0xC5, 0xD3, 0x89, 0x7B, 0xD2, 0x07, 0xFF, 0x18, 0x2C, 0x68, 
0x00, 0xC0, 0x00, 0x00, 0xF8, 0x80, 0xC5, 0xD3, 0x8A, 0x7B, 0xE2, 0x07, 0xFF, 0x18, 0x2C, 0x68, 
0x00, 0xC0, 0x00, 0x00, 0xF8, 0x80, 0xC5, 0xD3, 0x8A, 0x7B, 0xE2, 0x07, 0xFF, 0x18, 0x2C, 0x68, 
0x00, 0xC0, 0x00, 0x00, 0xF8, 0x80, 0xC5, 0xD3, 0x8A, 0x7B, 0xE2, 0x07, 0xFF, 0x18, 0x2C, 0x68, 
0x00, 0xC0, 0x00, 0x00, 0xF8, 0x80, 0xC5, 0xD3, 0x8A, 0x7B, 0xE2, 0x07, 0xFF, 0x18, 0x2C, 0x68, 
0x00, 0xC0, 0x00, 0x00, 0xFC, 0x80, 0xC5, 0xD3, 0x8B, 0x7B, 0xF2, 0x07, 0xFF, 0x18, 0x2C, 0x68, 
0x00, 0xC0, 0x00, 0x00, 0xFC, 0x80, 0xC5, 0xD3, 0x8B, 0x7B, 0xF2, 0x07, 0xFF, 0x18, 0x2C, 0x68, 
0x00, 0xC0, 0x00, 0x00, 0xFC, 0x80, 0xC5, 0xD3, 0x8B, 0x7B, 0xF2, 0x07, 0xFF, 0x18, 0x2C, 0x68, 
0x00, 0xC0, 0x00, 0x00, 0xFC, 0x80, 0xC5, 0xD3, 0x8B, 0x7B, 0xF2, 0x07, 0xFF, 0x18, 0x2C, 0x68, 
0x00, 0xC0, 0x00, 0x00, 0x78, 0x02, 0x8C, 0xBF, 0x00, 0x00, 0x8A, 0xBF, 0xE4, 0x00, 0xC5, 0xD3, 
0x1C, 0x81, 0x02, 0x12, 0x4B, 0x00, 0xFC, 0xBE, 0x00, 0x20, 0x51, 0xE0, 0x0B, 0x00, 0x06, 0x80, 
0xE4, 0x00, 0xC5, 0xD3, 0x1D, 0x83, 0x92, 0x17, 0x80, 0x18, 0x2C, 0x68, 0x00, 0x00, 0xFE, 0xD9, 
0x16, 0x00, 0x00, 0x84, 0x00, 0x04, 0xFE, 0xD9, 0x16, 0x00, 0x00, 0x88, 0xE4, 0x00, 0xC5, 0xD3, 
0x1E, 0x85, 0x92, 0x17, 0x51, 0x00, 0xFC, 0xBE, 0x00, 0x10, 0x5D, 0xE0, 0x03, 0x00, 0x05, 0x64, 
0xFF, 0x7C, 0x7C, 0x80, 0x00, 0x10, 0x00, 0x00, 0xE4, 0x00, 0xC5, 0xD3, 0x1F, 0x87, 0x92, 0x17, 
0x80, 0x18, 0x2C, 0x68, 0x00, 0x08, 0xFE, 0xD9, 0x16, 0x00, 0x00, 0x8C, 0x00, 0x0C, 0xFE, 0xD9, 
0x16, 0x00, 0x00, 0x90, 0xE4, 0x00, 0xC5, 0xD3, 0x20, 0x99, 0x92, 0x17, 0x51, 0x00, 0xFC, 0xBE, 
0x00, 0x10, 0x5D, 0xE0, 0x04, 0x00, 0x05, 0x64, 0xFF, 0x7C, 0x7C, 0x80, 0x00, 0x10, 0x00, 0x00, 
0xE4, 0x00, 0xC5, 0xD3, 0x21, 0x9B, 0x92, 0x17, 0x80, 0x18, 0x2C, 0x68, 0x00, 0x10, 0xFE, 0xD9, 
0x16, 0x00, 0x00, 0x94, 0x00, 0x14, 0xFE, 0xD9, 0x16, 0x00, 0x00, 0x98, 0xE4, 0x00, 0xC5, 0xD3, 
0x22, 0x9D, 0x92, 0x17, 0x54, 0x00, 0xFC, 0xBE, 0x00, 0x10, 0x5D, 0xE0, 0x03, 0x00, 0x07, 0x63, 
0xFF, 0x7C, 0x7C, 0x80, 0x00, 0x10, 0x00, 0x00, 0xE4, 0x00, 0xC5, 0xD3, 0x23, 0x9F, 0x92, 0x17, 
0x80, 0x18, 0x2C, 0x68, 0x00, 0x18, 0xFE, 0xD9, 0x16, 0x00, 0x00, 0x9C, 0x00, 0x1C, 0xFE, 0xD9, 
0x16, 0x00, 0x00, 0xA0, 0xE4, 0x00, 0xC5, 0xD3, 0x24, 0xB1, 0x92, 0x17, 0x54, 0x00, 0xFC, 0xBE, 
0x00, 0x10, 0x5D, 0xE0, 0x04, 0x00, 0x07, 0x63, 0xFF, 0x7C, 0x7C, 0x80, 0x00, 0x10, 0x00, 0x00, 
0xE4, 0x00, 0xC5, 0xD3, 0x25, 0xB3, 0x92, 0x17, 0x80, 0x18, 0x2C, 0x68, 0xE4, 0x00, 0xC5, 0xD3, 
0x26, 0xB5, 0x92, 0x17, 0x4E, 0x00, 0xFC, 0xBE, 0x00, 0x10, 0x5D, 0xE0, 0x01, 0x00, 0x02, 0x62, 
0xFF, 0x7C, 0x7C, 0x80, 0x00, 0x10, 0x00, 0x00, 0xE4, 0x00, 0xC5, 0xD3, 0x27, 0xB7, 0x92, 0x17, 
0x4E, 0x00, 0xFC, 0xBE, 0x00, 0x10, 0x5D, 0xE0, 0x02, 0x00, 0x02, 0x62, 0xFF, 0x7C, 0x7C, 0x80, 
0x00, 0x10, 0x00, 0x00, 0xE4, 0x00, 0xC5, 0xD3, 0x28, 0xC9, 0x92, 0x17, 0xE4, 0x00, 0xC5, 0xD3, 
0x29, 0xCB, 0x92, 0x17, 0xE4, 0x00, 0xC5, 0xD3, 0x2A, 0xCD, 0x92, 0x17, 0xE4, 0x00, 0xC5, 0xD3, 
0x2B, 0xCF, 0x92, 0x17, 0xE4, 0x00, 0xC5, 0xD3, 0x2C, 0xE1, 0x92, 0x17, 0xE4, 0x00, 0xC5, 0xD3, 
0x2D, 0xE3, 0x92, 0x17, 0xE4, 0x00, 0xC5, 0xD3, 0x2E, 0xE5, 0x92, 0x17, 0xE4, 0x00, 0xC5, 0xD3, 
0x2F, 0xE7, 0x92, 0x17, 0xE4, 0x00, 0xC5, 0xD3, 0x30, 0xF9, 0x92, 0x17, 0xE4, 0x00, 0xC5, 0xD3, 
0x31, 0xFB, 0x92, 0x17, 0xE4, 0x00, 0xC5, 0xD3, 0x32, 0xFD, 0x92, 0x17, 0xE4, 0x00, 0xC5, 0xD3, 
0x33, 0xFF, 0x92, 0x17, 0xE4, 0x00, 0xC5, 0xD3, 0x34, 0x11, 0x93, 0x17, 0xE4, 0x00, 0xC5, 0xD3, 
0x35, 0x13, 0x93, 0x17, 0xE4, 0x00, 0xC5, 0xD3, 0x36, 0x15, 0x93, 0x17, 0xE4, 0x00, 0xC5, 0xD3, 
0x37, 0x17, 0x93, 0x17, 0xE4, 0x00, 0xC5, 0xD3, 0x38, 0x29, 0x93, 0x17, 0xE4, 0x00, 0xC5, 0xD3, 
0x39, 0x2B, 0x93, 0x17, 0xE4, 0x00, 0xC5, 0xD3, 0x3A, 0x2D, 0x93, 0x17, 0xE4, 0x00, 0xC5, 0xD3, 
0x3B, 0x2F, 0x93, 0x17, 0xE8, 0x00, 0xC5, 0xD3, 0x1C, 0x89, 0x02, 0x12, 0xE8, 0x00, 0xC5, 0xD3, 
0x1D, 0x8B, 0xA2, 0x17, 0xE8, 0x00, 0xC5, 0xD3, 0x1E, 0x8D, 0xA2, 0x17, 0xE8, 0x00, 0xC5, 0xD3, 
0x1F, 0x8F, 0xA2, 0x17, 0xE8, 0x00, 0xC5, 0xD3, 0x20, 0xA1, 0xA2, 0x17, 0xE8, 0x00, 0xC5, 0xD3, 
0x21, 0xA3, 0xA2, 0x17, 0xE8, 0x00, 0xC5, 0xD3, 0x22, 0xA5, 0xA2, 0x17, 0xE8, 0x00, 0xC5, 0xD3, 
0x23, 0xA7, 0xA2, 0x17, 0xE8, 0x00, 0xC5, 0xD3, 0x24, 0xB9, 0xA2, 0x17, 0xE8, 0x00, 0xC5, 0xD3, 
0x25, 0xBB, 0xA2, 0x17, 0xE8, 0x00, 0xC5, 0xD3, 0x26, 0xBD, 0xA2, 0x17, 0xE8, 0x00, 0xC5, 0xD3, 
0x27, 0xBF, 0xA2, 0x17, 0xE8, 0x00, 0xC5, 0xD3, 0x28, 0xD1, 0xA2, 0x17, 0xE8, 0x00, 0xC5, 0xD3, 
0x29, 0xD3, 0xA2, 0x17, 0xE8, 0x00, 0xC5, 0xD3, 0x2A, 0xD5, 0xA2, 0x17, 0xE8, 0x00, 0xC5, 0xD3, 
0x2B, 0xD7, 0xA2, 0x17, 0xE8, 0x00, 0xC5, 0xD3, 0x2C, 0xE9, 0xA2, 0x17, 0xE8, 0x00, 0xC5, 0xD3, 
0x2D, 0xEB, 0xA2, 0x17, 0xE8, 0x00, 0xC5, 0xD3, 0x2E, 0xED, 0xA2, 0x17, 0xE8, 0x00, 0xC5, 0xD3, 
0x2F, 0xEF, 0xA2, 0x17, 0xE8, 0x00, 0xC5, 0xD3, 0x30, 0x01, 0xA3, 0x17, 0xE8, 0x00, 0xC5, 0xD3, 
0x31, 0x03, 0xA3, 0x17, 0xE8, 0x00, 0xC5, 0xD3, 0x32, 0x05, 0xA3, 0x17, 0xE8, 0x00, 0xC5, 0xD3, 
0x33, 0x07, 0xA3, 0x17, 0xE8, 0x00, 0xC5, 0xD3, 0x34, 0x19, 0xA3, 0x17, 0xE8, 0x00, 0xC5, 0xD3, 
0x35, 0x1B, 0xA3, 0x17, 0xE8, 0x00, 0xC5, 0xD3, 0x36, 0x1D, 0xA3, 0x17, 0xE8, 0x00, 0xC5, 0xD3, 
0x37, 0x1F, 0xA3, 0x17, 0xE8, 0x00, 0xC5, 0xD3, 0x38, 0x31, 0xA3, 0x17, 0xB0, 0x3B, 0x3C, 0x80, 
0x3C, 0x3A, 0x0A, 0xBF, 0x44, 0x80, 0x44, 0x85, 0x46, 0x80, 0x46, 0x85, 0x45, 0x80, 0x45, 0x85, 
0xE8, 0x00, 0xC5, 0xD3, 0x39, 0x33, 0xA3, 0x17, 0x45, 0x16, 0x16, 0x68, 0x46, 0x64, 0x64, 0x80, 
0xE8, 0x00, 0xC5, 0xD3, 0x3A, 0x35, 0xA3, 0x17, 0x46, 0x63, 0x63, 0x80, 0x44, 0x62, 0x62, 0x80, 
0xE8, 0x00, 0xC5, 0xD3, 0x3B, 0x37, 0xA3, 0x17, 0x3B, 0x90, 0x09, 0xBF, 0x43, 0x42, 0x42, 0x85, 
0x10, 0x00, 0x3B, 0xB7, 0x00, 0x00, 0x80, 0xBF, 0x3B, 0x3A, 0x04, 0xBF, 0x20, 0x11, 0x84, 0xBF, 
0x7F, 0xC0, 0x8C, 0xBF, 0x80, 0x02, 0x2C, 0x7E, 0xFF, 0x36, 0x2E, 0x68, 0x00, 0x46, 0x02, 0x00, 
0x00, 0x00, 0x1A, 0xD8, 0x17, 0x16, 0x00, 0x00, 0x00, 0x00, 0x8A, 0xBF, 0x1C, 0x00, 0xC5, 0xD3, 
0x84, 0x01, 0x02, 0x12, 0x2F, 0xC8, 0xC9, 0x0B, 0x2F, 0xCA, 0xCB, 0x0B, 0x2F, 0xCC, 0xCD, 0x0B, 
0x2F, 0xCE, 0xCF, 0x0B, 0x1C, 0x00, 0xC5, 0xD3, 0x85, 0x03, 0x72, 0x14, 0x2F, 0xD0, 0xD1, 0x0B, 
0x2F, 0xD2, 0xD3, 0x0B, 0x2F, 0xD4, 0xD5, 0x0B, 0x2F, 0xD6, 0xD7, 0x0B, 0x1C, 0x00, 0xC5, 0xD3, 
0x86, 0x05, 0x72, 0x14, 0x2E, 0x88, 0x3C, 0x92, 0x3C, 0x01, 0x11, 0xBF, 0x64, 0xF1, 0xF1, 0x0B, 
0x00, 0x00, 0x9C, 0xBF, 0x3C, 0x01, 0x11, 0xBF, 0x65, 0xF3, 0xF3, 0x0B, 0x00, 0x00, 0x9C, 0xBF, 
0x3C, 0x01, 0x11, 0xBF, 0x66, 0xF5, 0xF5, 0x0B, 0x00, 0x00, 0x9C, 0xBF, 0x3C, 0x01, 0x11, 0xBF, 
0x67, 0xF7, 0xF7, 0x0B, 0x00, 0x00, 0x9C, 0xBF, 0x1C, 0x00, 0xC5, 0xD3, 0x87, 0x07, 0x72, 0x14, 
0x00, 0x10, 0x34, 0xE1, 0x07, 0xEC, 0x08, 0x80, 0x1C, 0x00, 0xC5, 0xD3, 0x88, 0x09, 0x72, 0x14, 
0x2E, 0x88, 0x3C, 0x92, 0x3C, 0x01, 0x11, 0xBF, 0x68, 0xF9, 0xF9, 0x0B, 0x00, 0x00, 0x9C, 0xBF, 
0x3C, 0x01, 0x11, 0xBF, 0x69, 0xFB, 0xFB, 0x0B, 0x00, 0x00, 0x9C, 0xBF, 0x3C, 0x01, 0x11, 0xBF, 
0x6A, 0xFD, 0xFD, 0x0B, 0x00, 0x00, 0x9C, 0xBF, 0x3C, 0x01, 0x11, 0xBF, 0x6B, 0xFF, 0xFF, 0x0B, 
0x00, 0x00, 0x9C, 0xBF, 0x1C, 0x00, 0xC5, 0xD3, 0x89, 0x0B, 0x72, 0x14, 0x00, 0x10, 0x34, 0xE1, 
0x08, 0xED, 0x08, 0x80, 0x1C, 0x00, 0xC5, 0xD3, 0x8A, 0x0D, 0x72, 0x14, 0xF8, 0x40, 0xB2, 0xD3, 
0xFA, 0xF1, 0x03, 0x18, 0xFC, 0x40, 0xB2, 0xD3, 0xFE, 0xF9, 0x03, 0x18, 0xF8, 0x40, 0xB2, 0xD3, 
0xFC, 0xF1, 0x03, 0x18, 0xF9, 0xF1, 0xF1, 0x03, 0xF8, 0x03, 0xF2, 0x7F, 0xF9, 0xB5, 0xF0, 0x7F, 
0xF9, 0xF1, 0xF1, 0x03, 0xF8, 0x03, 0xF2, 0x7F, 0xF9, 0xB3, 0xF0, 0x7F, 0xF9, 0xF1, 0xF1, 0x03, 
0xFF, 0x36, 0x2C, 0x68, 0x00, 0x46, 0x02, 0x00, 0x00, 0x00, 0x2A, 0xD8, 0x16, 0xF8, 0x00, 0x00, 
0x1C, 0x00, 0xC5, 0xD3, 0x8B, 0x0F, 0x72, 0x14, 0x00, 0x60, 0x6C, 0xD8, 0x0D, 0x00, 0x00, 0x44, 
0x40, 0x60, 0x6C, 0xD8, 0x0D, 0x00, 0x00, 0x45, 0x80, 0x60, 0x6C, 0xD8, 0x0D, 0x00, 0x00, 0x46, 
0xC0, 0x60, 0x6C, 0xD8, 0x0D, 0x00, 0x00, 0x47, 0x00, 0x64, 0x6C, 0xD8, 0x0D, 0x00, 0x00, 0x48, 
0x40, 0x64, 0x6C, 0xD8, 0x0D, 0x00, 0x00, 0x49, 0x80, 0x64, 0x6C, 0xD8, 0x0D, 0x00, 0x00, 0x4A, 
0xC0, 0x64, 0x6C, 0xD8, 0x0D, 0x00, 0x00, 0x4B, 0x1C, 0x00, 0xC5, 0xD3, 0x8C, 0x11, 0x72, 0x14, 
0x00, 0x68, 0x6C, 0xD8, 0x0D, 0x00, 0x00, 0x4C, 0x40, 0x68, 0x6C, 0xD8, 0x0D, 0x00, 0x00, 0x4D, 
0x80, 0x68, 0x6C, 0xD8, 0x0D, 0x00, 0x00, 0x4E, 0xC0, 0x68, 0x6C, 0xD8, 0x0D, 0x00, 0x00, 0x4F, 
0x00, 0x6C, 0x6C, 0xD8, 0x0D, 0x00, 0x00, 0x50, 0x40, 0x6C, 0x6C, 0xD8, 0x0D, 0x00, 0x00, 0x51, 
0x80, 0x6C, 0x6C, 0xD8, 0x0D, 0x00, 0x00, 0x52, 0xC0, 0x6C, 0x6C, 0xD8, 0x0D, 0x00, 0x00, 0x53, 
0x1C, 0x00, 0xC5, 0xD3, 0x8D, 0x13, 0x72, 0x14, 0x00, 0x70, 0x6C, 0xD8, 0x0D, 0x00, 0x00, 0x54, 
0x40, 0x70, 0x6C, 0xD8, 0x0D, 0x00, 0x00, 0x55, 0x80, 0x70, 0x6C, 0xD8, 0x0D, 0x00, 0x00, 0x56, 
0xC0, 0x70, 0x6C, 0xD8, 0x0D, 0x00, 0x00, 0x57, 0x00, 0x74, 0x6C, 0xD8, 0x0D, 0x00, 0x00, 0x58, 
0x40, 0x74, 0x6C, 0xD8, 0x0D, 0x00, 0x00, 0x59, 0x80, 0x74, 0x6C, 0xD8, 0x0D, 0x00, 0x00, 0x5A, 
0xC0, 0x74, 0x6C, 0xD8, 0x0D, 0x00, 0x00, 0x5B, 0x1C, 0x00, 0xC5, 0xD3, 0x8E, 0x15, 0x72, 0x14, 
0x00, 0x78, 0x6C, 0xD8, 0x0D, 0x00, 0x00, 0x5C, 0x40, 0x78, 0x6C, 0xD8, 0x0D, 0x00, 0x00, 0x5D, 
0x80, 0x78, 0x6C, 0xD8, 0x0D, 0x00, 0x00, 0x5E, 0xC0, 0x78, 0x6C, 0xD8, 0x0D, 0x00, 0x00, 0x5F, 
0x00, 0x7C, 0x6C, 0xD8, 0x0D, 0x00, 0x00, 0x60, 0x40, 0x7C, 0x6C, 0xD8, 0x0D, 0x00, 0x00, 0x61, 
0x80, 0x7C, 0x6C, 0xD8, 0x0D, 0x00, 0x00, 0x62, 0xC0, 0x7C, 0x6C, 0xD8, 0x0D, 0x00, 0x00, 0x63, 
0x1C, 0x00, 0xC5, 0xD3, 0x8F, 0x17, 0x72, 0x14, 0x1C, 0x00, 0xC5, 0xD3, 0x90, 0x19, 0x72, 0x14, 
0x1C, 0x00, 0xC5, 0xD3, 0x91, 0x1B, 0x72, 0x14, 0x1C, 0x00, 0xC5, 0xD3, 0x92, 0x1D, 0x72, 0x14, 
0x1C, 0x00, 0xC5, 0xD3, 0x93, 0x1F, 0x72, 0x14, 0x1C, 0x00, 0xC5, 0xD3, 0x94, 0x21, 0x72, 0x14, 
0x1C, 0x00, 0xC5, 0xD3, 0x95, 0x23, 0x72, 0x14, 0x1C, 0x00, 0xC5, 0xD3, 0x96, 0x25, 0x72, 0x14, 
0x1C, 0x00, 0xC5, 0xD3, 0x97, 0x27, 0x72, 0x14, 0x1C, 0x00, 0xC5, 0xD3, 0x98, 0x29, 0x72, 0x14, 
0x1C, 0x00, 0xC5, 0xD3, 0x99, 0x2B, 0x72, 0x14, 0x1C, 0x00, 0xC5, 0xD3, 0x9A, 0x2D, 0x72, 0x14, 
0x1C, 0x00, 0xC5, 0xD3, 0x9B, 0x2F, 0x72, 0x14, 0x1C, 0x00, 0xC5, 0xD3, 0x9C, 0x31, 0x72, 0x14, 
0x1C, 0x00, 0xC5, 0xD3, 0x9D, 0x33, 0x72, 0x14, 0x1C, 0x00, 0xC5, 0xD3, 0x9E, 0x35, 0x72, 0x14, 
0x1C, 0x00, 0xC5, 0xD3, 0x9F, 0x37, 0x72, 0x14, 0x1C, 0x00, 0xC5, 0xD3, 0xA0, 0x39, 0x72, 0x14, 
0x1C, 0x00, 0xC5, 0xD3, 0xA1, 0x3B, 0x72, 0x14, 0x1C, 0x00, 0xC5, 0xD3, 0xA2, 0x3D, 0x72, 0x14, 
0x1C, 0x00, 0xC5, 0xD3, 0xA3, 0x3F, 0x72, 0x14, 0x20, 0x00, 0xC5, 0xD3, 0x84, 0x21, 0x02, 0x12, 
0x20, 0x00, 0xC5, 0xD3, 0x85, 0x23, 0x82, 0x14, 0x20, 0x00, 0xC5, 0xD3, 0x86, 0x25, 0x82, 0x14, 
0x20, 0x00, 0xC5, 0xD3, 0x87, 0x27, 0x82, 0x14, 0x20, 0x00, 0xC5, 0xD3, 0x88, 0x29, 0x82, 0x14, 
0x20, 0x00, 0xC5, 0xD3, 0x89, 0x2B, 0x82, 0x14, 0x20, 0x00, 0xC5, 0xD3, 0x8A, 0x2D, 0x82, 0x14, 
0x20, 0x00, 0xC5, 0xD3, 0x8B, 0x2F, 0x82, 0x14, 0x20, 0x00, 0xC5, 0xD3, 0x8C, 0x31, 0x82, 0x14, 
0x20, 0x00, 0xC5, 0xD3, 0x8D, 0x33, 0x82, 0x14, 0x20, 0x00, 0xC5, 0xD3, 0x8E, 0x35, 0x82, 0x14, 
0x20, 0x00, 0xC5, 0xD3, 0x8F, 0x37, 0x82, 0x14, 0x20, 0x00, 0xC5, 0xD3, 0x90, 0x39, 0x82, 0x14, 
0x20, 0x00, 0xC5, 0xD3, 0x91, 0x3B, 0x82, 0x14, 0x20, 0x00, 0xC5, 0xD3, 0x92, 0x3D, 0x82, 0x14, 
0x20, 0x00, 0xC5, 0xD3, 0x93, 0x3F, 0x82, 0x14, 0x20, 0x00, 0xC5, 0xD3, 0x94, 0x41, 0x82, 0x14, 
0x20, 0x00, 0xC5, 0xD3, 0x95, 0x43, 0x82, 0x14, 0x20, 0x00, 0xC5, 0xD3, 0x96, 0x45, 0x82, 0x14, 
0x20, 0x00, 0xC5, 0xD3, 0x97, 0x47, 0x82, 0x14, 0x20, 0x00, 0xC5, 0xD3, 0x98, 0x49, 0x82, 0x14, 
0x20, 0x00, 0xC5, 0xD3, 0x99, 0x4B, 0x82, 0x14, 0x20, 0x00, 0xC5, 0xD3, 0x9A, 0x4D, 0x82, 0x14, 
0x20, 0x00, 0xC5, 0xD3, 0x9B, 0x4F, 0x82, 0x14, 0x20, 0x00, 0xC5, 0xD3, 0x9C, 0x51, 0x82, 0x14, 
0x20, 0x00, 0xC5, 0xD3, 0x9D, 0x53, 0x82, 0x14, 0x20, 0x00, 0xC5, 0xD3, 0x9E, 0x55, 0x82, 0x14, 
0x20, 0x00, 0xC5, 0xD3, 0x9F, 0x57, 0x82, 0x14, 0x20, 0x00, 0xC5, 0xD3, 0xA0, 0x59, 0x82, 0x14, 
0x20, 0x00, 0xC5, 0xD3, 0xA1, 0x5B, 0x82, 0x14, 0x20, 0x00, 0xC5, 0xD3, 0xA2, 0x5D, 0x82, 0x14, 
0x20, 0x00, 0xC5, 0xD3, 0xA3, 0x5F, 0x82, 0x14, 0x7F, 0xCF, 0x8C, 0xBF, 0x00, 0x00, 0x8A, 0xBF, 
0x3C, 0x00, 0xC5, 0xD3, 0x64, 0x01, 0x03, 0x12, 0x00, 0x10, 0x34, 0xE1, 0x09, 0xEE, 0x08, 0x80, 
0xFF, 0x20, 0x2C, 0x68, 0x00, 0x46, 0x02, 0x00, 0x00, 0x00, 0x6C, 0xD8, 0x16, 0x00, 0x00, 0x1A, 
0x3C, 0x00, 0xC5, 0xD3, 0x65, 0x03, 0xF3, 0x14, 0x1C, 0x00, 0xCB, 0xD1, 0x1C, 0x73, 0xD0, 0x87, 
0x1D, 0x00, 0xCB, 0xD1, 0x1D, 0x73, 0xD4, 0x87, 0x1E, 0x00, 0xCB, 0xD1, 0x1E, 0x73, 0xD8, 0x87, 
0x1F, 0x00, 0xCB, 0xD1, 0x1F, 0x73, 0xDC, 0x87, 0x3C, 0x00, 0xC5, 0xD3, 0x66, 0x05, 0xF3, 0x14, 
0x00, 0x10, 0x34, 0xE1, 0x0A, 0xEF, 0x08, 0x80, 0xFF, 0x20, 0x2C, 0x68, 0x00, 0x46, 0x02, 0x00, 
0x3C, 0x00, 0xC5, 0xD3, 0x67, 0x07, 0xF3, 0x14, 0x20, 0x00, 0xCB, 0xD1, 0x20, 0x73, 0xD0, 0x87, 
0x21, 0x00, 0xCB, 0xD1, 0x21, 0x73, 0xD4, 0x87, 0x22, 0x00, 0xCB, 0xD1, 0x22, 0x73, 0xD8, 0x87, 
0x23, 0x00, 0xCB, 0xD1, 0x23, 0x73, 0xDC, 0x87, 0x3C, 0x00, 0xC5, 0xD3, 0x68, 0x09, 0xF3, 0x14, 
0x80, 0x1A, 0x2C, 0x68, 0x00, 0x00, 0x6C, 0xD8, 0x16, 0x00, 0x00, 0x84, 0x40, 0x00, 0x6C, 0xD8, 
0x16, 0x00, 0x00, 0x85, 0x80, 0x00, 0x6C, 0xD8, 0x16, 0x00, 0x00, 0x86, 0xC0, 0x00, 0x6C, 0xD8, 
0x16, 0x00, 0x00, 0x87, 0x3C, 0x00, 0xC5, 0xD3, 0x69, 0x0B, 0xF3, 0x14, 0x24, 0x00, 0xCB, 0xD1, 
0x24, 0x73, 0xD0, 0x87, 0x25, 0x00, 0xCB, 0xD1, 0x25, 0x73, 0xD4, 0x87, 0x26, 0x00, 0xCB, 0xD1, 
0x26, 0x73, 0xD8, 0x87, 0x27, 0x00, 0xCB, 0xD1, 0x27, 0x73, 0xDC, 0x87, 0x1C, 0x41, 0x38, 0x7E, 
0xFF, 0x02, 0x2C, 0x7E, 0x07, 0x02, 0x00, 0x00, 0x3C, 0x00, 0x10, 0xD0, 0x1C, 0x2D, 0x02, 0x00, 
0x00, 0x00, 0x80, 0xBF, 0x1C, 0x00, 0x00, 0xD1, 0x1C, 0x01, 0xF1, 0x00, 0x1D, 0x41, 0x3A, 0x7E, 
0xFF, 0x02, 0x2C, 0x7E, 0x07, 0x02, 0x00, 0x00, 0x3C, 0x00, 0x10, 0xD0, 0x1D, 0x2D, 0x02, 0x00, 
0x00, 0x00, 0x80, 0xBF, 0x1D, 0x00, 0x00, 0xD1, 0x1D, 0x01, 0xF1, 0x00, 0x3C, 0x00, 0xC5, 0xD3, 
0x6A, 0x0D, 0xF3, 0x14, 0x80, 0x1A, 0x2C, 0x68, 0x00, 0x04, 0x6C, 0xD8, 0x16, 0x00, 0x00, 0x88, 
0x40, 0x04, 0x6C, 0xD8, 0x16, 0x00, 0x00, 0x89, 0x80, 0x04, 0x6C, 0xD8, 0x16, 0x00, 0x00, 0x8A, 
0xC0, 0x04, 0x6C, 0xD8, 0x16, 0x00, 0x00, 0x8B, 0x3C, 0x00, 0xC5, 0xD3, 0x6B, 0x0F, 0xF3, 0x14, 
0x28, 0x00, 0xCB, 0xD1, 0x28, 0x73, 0xD0, 0x87, 0x29, 0x00, 0xCB, 0xD1, 0x29, 0x73, 0xD4, 0x87, 
0x2A, 0x00, 0xCB, 0xD1, 0x2A, 0x73, 0xD8, 0x87, 0x2B, 0x00, 0xCB, 0xD1, 0x2B, 0x73, 0xDC, 0x87, 
0x1E, 0x41, 0x3C, 0x7E, 0xFF, 0x02, 0x2C, 0x7E, 0x07, 0x02, 0x00, 0x00, 0x3C, 0x00, 0x10, 0xD0, 
0x1E, 0x2D, 0x02, 0x00, 0x00, 0x00, 0x80, 0xBF, 0x1E, 0x00, 0x00, 0xD1, 0x1E, 0x01, 0xF1, 0x00, 
0x1F, 0x41, 0x3E, 0x7E, 0xFF, 0x02, 0x2C, 0x7E, 0x07, 0x02, 0x00, 0x00, 0x3C, 0x00, 0x10, 0xD0, 
0x1F, 0x2D, 0x02, 0x00, 0x00, 0x00, 0x80, 0xBF, 0x1F, 0x00, 0x00, 0xD1, 0x1F, 0x01, 0xF1, 0x00, 
0x3C, 0x00, 0xC5, 0xD3, 0x6C, 0x11, 0xF3, 0x14, 0x80, 0x1A, 0x2C, 0x68, 0x00, 0x08, 0x6C, 0xD8, 
0x16, 0x00, 0x00, 0x8C, 0x40, 0x08, 0x6C, 0xD8, 0x16, 0x00, 0x00, 0x8D, 0x80, 0x08, 0x6C, 0xD8, 
0x16, 0x00, 0x00, 0x8E, 0xC0, 0x08, 0x6C, 0xD8, 0x16, 0x00, 0x00, 0x8F, 0x3C, 0x00, 0xC5, 0xD3, 
0x6D, 0x13, 0xF3, 0x14, 0x20, 0x41, 0x40, 0x7E, 0xFF, 0x02, 0x2C, 0x7E, 0x07, 0x02, 0x00, 0x00, 
0x3C, 0x00, 0x10, 0xD0, 0x20, 0x2D, 0x02, 0x00, 0x00, 0x00, 0x80, 0xBF, 0x20, 0x00, 0x00, 0xD1, 
0x20, 0x01, 0xF1, 0x00, 0x21, 0x41, 0x42, 0x7E, 0xFF, 0x02, 0x2C, 0x7E, 0x07, 0x02, 0x00, 0x00, 
0x3C, 0x00, 0x10, 0xD0, 0x21, 0x2D, 0x02, 0x00, 0x00, 0x00, 0x80, 0xBF, 0x21, 0x00, 0x00, 0xD1, 
0x21, 0x01, 0xF1, 0x00, 0x3C, 0x00, 0xC5, 0xD3, 0x6E, 0x15, 0xF3, 0x14, 0x80, 0x1A, 0x2C, 0x68, 
0x00, 0x0C, 0x6C, 0xD8, 0x16, 0x00, 0x00, 0x90, 0x40, 0x0C, 0x6C, 0xD8, 0x16, 0x00, 0x00, 0x91, 
0x80, 0x0C, 0x6C, 0xD8, 0x16, 0x00, 0x00, 0x92, 0xC0, 0x0C, 0x6C, 0xD8, 0x16, 0x00, 0x00, 0x93, 
0x3C, 0x00, 0xC5, 0xD3, 0x6F, 0x17, 0xF3, 0x14, 0x22, 0x41, 0x44, 0x7E, 0xFF, 0x02, 0x2C, 0x7E, 
0x07, 0x02, 0x00, 0x00, 0x3C, 0x00, 0x10, 0xD0, 0x22, 0x2D, 0x02, 0x00, 0x00, 0x00, 0x80, 0xBF, 
0x22, 0x00, 0x00, 0xD1, 0x22, 0x01, 0xF1, 0x00, 0x23, 0x41, 0x46, 0x7E, 0xFF, 0x02, 0x2C, 0x7E, 
0x07, 0x02, 0x00, 0x00, 0x3C, 0x00, 0x10, 0xD0, 0x23, 0x2D, 0x02, 0x00, 0x00, 0x00, 0x80, 0xBF, 
0x23, 0x00, 0x00, 0xD1, 0x23, 0x01, 0xF1, 0x00, 0x3C, 0x00, 0xC5, 0xD3, 0x70, 0x19, 0xF3, 0x14, 
0x80, 0x1A, 0x2C, 0x68, 0x00, 0x10, 0x6C, 0xD8, 0x16, 0x00, 0x00, 0x94, 0x40, 0x10, 0x6C, 0xD8, 
0x16, 0x00, 0x00, 0x95, 0x80, 0x10, 0x6C, 0xD8, 0x16, 0x00, 0x00, 0x96, 0xC0, 0x10, 0x6C, 0xD8, 
0x16, 0x00, 0x00, 0x97, 0x3C, 0x00, 0xC5, 0xD3, 0x71, 0x1B, 0xF3, 0x14, 0x24, 0x41, 0x48, 0x7E, 
0xFF, 0x02, 0x2C, 0x7E, 0x07, 0x02, 0x00, 0x00, 0x3C, 0x00, 0x10, 0xD0, 0x24, 0x2D, 0x02, 0x00, 
0x00, 0x00, 0x80, 0xBF, 0x24, 0x00, 0x00, 0xD1, 0x24, 0x01, 0xF1, 0x00, 0x25, 0x41, 0x4A, 0x7E, 
0xFF, 0x02, 0x2C, 0x7E, 0x07, 0x02, 0x00, 0x00, 0x3C, 0x00, 0x10, 0xD0, 0x25, 0x2D, 0x02, 0x00, 
0x00, 0x00, 0x80, 0xBF, 0x25, 0x00, 0x00, 0xD1, 0x25, 0x01, 0xF1, 0x00, 0x3C, 0x00, 0xC5, 0xD3, 
0x72, 0x1D, 0xF3, 0x14, 0x80, 0x1A, 0x2C, 0x68, 0x00, 0x14, 0x6C, 0xD8, 0x16, 0x00, 0x00, 0x98, 
0x40, 0x14, 0x6C, 0xD8, 0x16, 0x00, 0x00, 0x99, 0x80, 0x14, 0x6C, 0xD8, 0x16, 0x00, 0x00, 0x9A, 
0xC0, 0x14, 0x6C, 0xD8, 0x16, 0x00, 0x00, 0x9B, 0x3C, 0x00, 0xC5, 0xD3, 0x73, 0x1F, 0xF3, 0x14, 
0x26, 0x41, 0x4C, 0x7E, 0xFF, 0x02, 0x2C, 0x7E, 0x07, 0x02, 0x00, 0x00, 0x3C, 0x00, 0x10, 0xD0, 
0x26, 0x2D, 0x02, 0x00, 0x00, 0x00, 0x80, 0xBF, 0x26, 0x00, 0x00, 0xD1, 0x26, 0x01, 0xF1, 0x00, 
0x27, 0x41, 0x4E, 0x7E, 0xFF, 0x02, 0x2C, 0x7E, 0x07, 0x02, 0x00, 0x00, 0x3C, 0x00, 0x10, 0xD0, 
0x27, 0x2D, 0x02, 0x00, 0x00, 0x00, 0x80, 0xBF, 0x27, 0x00, 0x00, 0xD1, 0x27, 0x01, 0xF1, 0x00, 
0x3C, 0x00, 0xC5, 0xD3, 0x74, 0x21, 0xF3, 0x14, 0x80, 0x1A, 0x2C, 0x68, 0x00, 0x18, 0x6C, 0xD8, 
0x16, 0x00, 0x00, 0x9C, 0x40, 0x18, 0x6C, 0xD8, 0x16, 0x00, 0x00, 0x9D, 0x80, 0x18, 0x6C, 0xD8, 
0x16, 0x00, 0x00, 0x9E, 0xC0, 0x18, 0x6C, 0xD8, 0x16, 0x00, 0x00, 0x9F, 0x3C, 0x00, 0xC5, 0xD3, 
0x75, 0x23, 0xF3, 0x14, 0x28, 0x41, 0x50, 0x7E, 0xFF, 0x02, 0x2C, 0x7E, 0x07, 0x02, 0x00, 0x00, 
0x3C, 0x00, 0x10, 0xD0, 0x28, 0x2D, 0x02, 0x00, 0x00, 0x00, 0x80, 0xBF, 0x28, 0x00, 0x00, 0xD1, 
0x28, 0x01, 0xF1, 0x00, 0x29, 0x41, 0x52, 0x7E, 0xFF, 0x02, 0x2C, 0x7E, 0x07, 0x02, 0x00, 0x00, 
0x3C, 0x00, 0x10, 0xD0, 0x29, 0x2D, 0x02, 0x00, 0x00, 0x00, 0x80, 0xBF, 0x29, 0x00, 0x00, 0xD1, 
0x29, 0x01, 0xF1, 0x00, 0x3C, 0x00, 0xC5, 0xD3, 0x76, 0x25, 0xF3, 0x14, 0x80, 0x1A, 0x2C, 0x68, 
0x00, 0x1C, 0x6C, 0xD8, 0x16, 0x00, 0x00, 0xA0, 0x40, 0x1C, 0x6C, 0xD8, 0x16, 0x00, 0x00, 0xA1, 
0x80, 0x1C, 0x6C, 0xD8, 0x16, 0x00, 0x00, 0xA2, 0xC0, 0x1C, 0x6C, 0xD8, 0x16, 0x00, 0x00, 0xA3, 
0x3C, 0x00, 0xC5, 0xD3, 0x77, 0x27, 0xF3, 0x14, 0x2A, 0x41, 0x54, 0x7E, 0xFF, 0x02, 0x2C, 0x7E, 
0x07, 0x02, 0x00, 0x00, 0x3C, 0x00, 0x10, 0xD0, 0x2A, 0x2D, 0x02, 0x00, 0x00, 0x00, 0x80, 0xBF, 
0x2A, 0x00, 0x00, 0xD1, 0x2A, 0x01, 0xF1, 0x00, 0x2B, 0x41, 0x56, 0x7E, 0xFF, 0x02, 0x2C, 0x7E, 
0x07, 0x02, 0x00, 0x00, 0x3C, 0x00, 0x10, 0xD0, 0x2B, 0x2D, 0x02, 0x00, 0x00, 0x00, 0x80, 0xBF, 
0x2B, 0x00, 0x00, 0xD1, 0x2B, 0x01, 0xF1, 0x00, 0x3C, 0x00, 0xC5, 0xD3, 0x78, 0x29, 0xF3, 0x14, 
0x3C, 0x00, 0xC5, 0xD3, 0x79, 0x2B, 0xF3, 0x14, 0x3C, 0x00, 0xC5, 0xD3, 0x7A, 0x2D, 0xF3, 0x14, 
0x3C, 0x00, 0xC5, 0xD3, 0x7B, 0x2F, 0xF3, 0x14, 0x3C, 0x00, 0xC5, 0xD3, 0x7C, 0x31, 0xF3, 0x14, 
0x3C, 0x00, 0xC5, 0xD3, 0x7D, 0x33, 0xF3, 0x14, 0x3C, 0x00, 0xC5, 0xD3, 0x7E, 0x35, 0xF3, 0x14, 
0x3C, 0x00, 0xC5, 0xD3, 0x7F, 0x37, 0xF3, 0x14, 0x3C, 0x00, 0xC5, 0xD3, 0x80, 0x39, 0xF3, 0x14, 
0x3C, 0x00, 0xC5, 0xD3, 0x81, 0x3B, 0xF3, 0x14, 0x3C, 0x00, 0xC5, 0xD3, 0x82, 0x3D, 0xF3, 0x14, 
0x3C, 0x00, 0xC5, 0xD3, 0x83, 0x3F, 0xF3, 0x14, 0x40, 0x00, 0xC5, 0xD3, 0x64, 0x21, 0x03, 0x12, 
0x40, 0x00, 0xC5, 0xD3, 0x65, 0x23, 0x03, 0x15, 0x40, 0x00, 0xC5, 0xD3, 0x66, 0x25, 0x03, 0x15, 
0x40, 0x00, 0xC5, 0xD3, 0x67, 0x27, 0x03, 0x15, 0x40, 0x00, 0xC5, 0xD3, 0x68, 0x29, 0x03, 0x15, 
0x40, 0x00, 0xC5, 0xD3, 0x69, 0x2B, 0x03, 0x15, 0x40, 0x00, 0xC5, 0xD3, 0x6A, 0x2D, 0x03, 0x15, 
0x40, 0x00, 0xC5, 0xD3, 0x6B, 0x2F, 0x03, 0x15, 0x40, 0x00, 0xC5, 0xD3, 0x6C, 0x31, 0x03, 0x15, 
0x40, 0x00, 0xC5, 0xD3, 0x6D, 0x33, 0x03, 0x15, 0x40, 0x00, 0xC5, 0xD3, 0x6E, 0x35, 0x03, 0x15, 
0x40, 0x00, 0xC5, 0xD3, 0x6F, 0x37, 0x03, 0x15, 0x40, 0x00, 0xC5, 0xD3, 0x70, 0x39, 0x03, 0x15, 
0x40, 0x00, 0xC5, 0xD3, 0x71, 0x3B, 0x03, 0x15, 0x40, 0x00, 0xC5, 0xD3, 0x72, 0x3D, 0x03, 0x15, 
0x40, 0x00, 0xC5, 0xD3, 0x73, 0x3F, 0x03, 0x15, 0x40, 0x00, 0xC5, 0xD3, 0x74, 0x41, 0x03, 0x15, 
0x40, 0x00, 0xC5, 0xD3, 0x75, 0x43, 0x03, 0x15, 0x40, 0x00, 0xC5, 0xD3, 0x76, 0x45, 0x03, 0x15, 
0x40, 0x00, 0xC5, 0xD3, 0x77, 0x47, 0x03, 0x15, 0x40, 0x00, 0xC5, 0xD3, 0x78, 0x49, 0x03, 0x15, 
0x40, 0x00, 0xC5, 0xD3, 0x79, 0x4B, 0x03, 0x15, 0x40, 0x00, 0xC5, 0xD3, 0x7A, 0x4D, 0x03, 0x15, 
0x40, 0x00, 0xC5, 0xD3, 0x7B, 0x4F, 0x03, 0x15, 0x40, 0x00, 0xC5, 0xD3, 0x7C, 0x51, 0x03, 0x15, 
0x40, 0x00, 0xC5, 0xD3, 0x7D, 0x53, 0x03, 0x15, 0x40, 0x00, 0xC5, 0xD3, 0x7E, 0x55, 0x03, 0x15, 
0x40, 0x00, 0xC5, 0xD3, 0x7F, 0x57, 0x03, 0x15, 0x40, 0x00, 0xC5, 0xD3, 0x80, 0x59, 0x03, 0x15, 
0x40, 0x00, 0xC5, 0xD3, 0x81, 0x5B, 0x03, 0x15, 0x40, 0x00, 0xC5, 0xD3, 0x82, 0x5D, 0x03, 0x15, 
0x40, 0x00, 0xC5, 0xD3, 0x83, 0x5F, 0x03, 0x15, 0x7F, 0xCF, 0x8C, 0xBF, 0x7A, 0x0F, 0x8C, 0xBF, 
0x00, 0x00, 0x8A, 0xBF, 0xA4, 0x00, 0xC5, 0xD3, 0x44, 0x39, 0x92, 0x06, 0xFF, 0x20, 0x2C, 0x68, 
0x00, 0x22, 0x01, 0x00, 0x00, 0x00, 0x6C, 0xD8, 0x16, 0x00, 0x00, 0xF4, 0x40, 0x10, 0x34, 0xE1, 
0x07, 0xF0, 0x08, 0x80, 0xA4, 0x00, 0xC5, 0xD3, 0x45, 0x3B, 0x92, 0x06, 0xFA, 0x78, 0x78, 0x06, 
0x1A, 0x00, 0x00, 0xFF, 0xFA, 0x7A, 0x7A, 0x06, 0x1A, 0x55, 0x00, 0xFF, 0xFA, 0x7C, 0x7C, 0x06, 
0x1A, 0xAA, 0x00, 0xFF, 0xFA, 0x7E, 0x7E, 0x06, 0x1A, 0xFF, 0x00, 0xFF, 0x1C, 0x79, 0x78, 0x0A, 
0x1D, 0x7B, 0x7A, 0x0A, 0x1E, 0x7D, 0x7C, 0x0A, 0x1F, 0x7F, 0x7E, 0x0A, 0xA4, 0x00, 0xC5, 0xD3, 
0x46, 0x3D, 0x92, 0x06, 0xFF, 0x20, 0x2C, 0x68, 0x00, 0x22, 0x01, 0x00, 0x40, 0x10, 0x34, 0xE1, 
0x08, 0xF1, 0x08, 0x80, 0xA4, 0x00, 0xC5, 0xD3, 0x47, 0x3F, 0x92, 0x06, 0xFA, 0x80, 0x80, 0x06, 
0x1A, 0x00, 0x00, 0xFF, 0xFA, 0x82, 0x82, 0x06, 0x1A, 0x55, 0x00, 0xFF, 0xFA, 0x84, 0x84, 0x06, 
0x1A, 0xAA, 0x00, 0xFF, 0xFA, 0x86, 0x86, 0x06, 0x1A, 0xFF, 0x00, 0xFF, 0x20, 0x81, 0x80, 0x0A, 
0x21, 0x83, 0x82, 0x0A, 0x22, 0x85, 0x84, 0x0A, 0x23, 0x87, 0x86, 0x0A, 0xA8, 0x00, 0xC5, 0xD3, 
0x48, 0x39, 0xA2, 0x06, 0xFF, 0x20, 0x2C, 0x68, 0x00, 0x22, 0x01, 0x00, 0x40, 0x10, 0x34, 0xE1, 
0x09, 0xF2, 0x08, 0x80, 0xA8, 0x00, 0xC5, 0xD3, 0x49, 0x3B, 0xA2, 0x06, 0xFA, 0x88, 0x88, 0x06, 
0x1A, 0x00, 0x00, 0xFF, 0xFA, 0x8A, 0x8A, 0x06, 0x1A, 0x55, 0x00, 0xFF, 0xFA, 0x8C, 0x8C, 0x06, 
0x1A, 0xAA, 0x00, 0xFF, 0xFA, 0x8E, 0x8E, 0x06, 0x1A, 0xFF, 0x00, 0xFF, 0x24, 0x89, 0x88, 0x0A, 
0x25, 0x8B, 0x8A, 0x0A, 0x26, 0x8D, 0x8C, 0x0A, 0x27, 0x8F, 0x8E, 0x0A, 0xA8, 0x00, 0xC5, 0xD3, 
0x4A, 0x3D, 0xA2, 0x06, 0xFF, 0x20, 0x2C, 0x68, 0x00, 0x22, 0x01, 0x00, 0x40, 0x10, 0x34, 0xE1, 
0x0A, 0xF3, 0x08, 0x80, 0xA8, 0x00, 0xC5, 0xD3, 0x4B, 0x3F, 0xA2, 0x06, 0xFA, 0x90, 0x90, 0x06, 
0x1A, 0x00, 0x00, 0xFF, 0xFA, 0x92, 0x92, 0x06, 0x1A, 0x55, 0x00, 0xFF, 0xFA, 0x94, 0x94, 0x06, 
0x1A, 0xAA, 0x00, 0xFF, 0xFA, 0x96, 0x96, 0x06, 0x1A, 0xFF, 0x00, 0xFF, 0x28, 0x91, 0x90, 0x0A, 
0x29, 0x93, 0x92, 0x0A, 0x2A, 0x95, 0x94, 0x0A, 0x2B, 0x97, 0x96, 0x0A, 0xAC, 0x00, 0xC5, 0xD3, 
0x4C, 0x39, 0xB2, 0x06, 0xFF, 0x1E, 0x2C, 0x68, 0x00, 0x26, 0x02, 0x00, 0x00, 0x00, 0x1A, 0xD8, 
0x16, 0x3C, 0x00, 0x00, 0x40, 0x00, 0x1A, 0xD8, 0x16, 0x3D, 0x00, 0x00, 0x80, 0x00, 0x1A, 0xD8, 
0x16, 0x3E, 0x00, 0x00, 0xC0, 0x00, 0x1A, 0xD8, 0x16, 0x3F, 0x00, 0x00, 0xAC, 0x00, 0xC5, 0xD3, 
0x4D, 0x3B, 0xB2, 0x06, 0xFF, 0x1E, 0x2C, 0x68, 0x00, 0x26, 0x02, 0x00, 0x00, 0x10, 0x1A, 0xD8, 
0x16, 0x40, 0x00, 0x00, 0x40, 0x10, 0x1A, 0xD8, 0x16, 0x41, 0x00, 0x00, 0x80, 0x10, 0x1A, 0xD8, 
0x16, 0x42, 0x00, 0x00, 0xC0, 0x10, 0x1A, 0xD8, 0x16, 0x43, 0x00, 0x00, 0xAC, 0x00, 0xC5, 0xD3, 
0x4E, 0x3D, 0xB2, 0x06, 0x7C, 0x0F, 0x8C, 0xBF, 0x00, 0x00, 0x8A, 0xBF, 0xFF, 0x18, 0x2C, 0x68, 
0x00, 0x60, 0x00, 0x00, 0x00, 0x20, 0xFE, 0xD9, 0x16, 0x00, 0x00, 0x64, 0xAC, 0x00, 0xC5, 0xD3, 
0x4F, 0x3F, 0xB2, 0x06, 0xFF, 0x18, 0x2C, 0x68, 0x00, 0x60, 0x00, 0x00, 0x00, 0x24, 0xFE, 0xD9, 
0x16, 0x00, 0x00, 0x68, 0xB0, 0x00, 0xC5, 0xD3, 0x50, 0x39, 0xC2, 0x06, 0xFF, 0x18, 0x2C, 0x68, 
0x00, 0x60, 0x00, 0x00, 0x00, 0x28, 0xFE, 0xD9, 0x16, 0x00, 0x00, 0x6C, 0xB0, 0x00, 0xC5, 0xD3, 
0x51, 0x3B, 0xC2, 0x06, 0xFF, 0x18, 0x2C, 0x68, 0x00, 0x60, 0x00, 0x00, 0x00, 0x2C, 0xFE, 0xD9, 
0x16, 0x00, 0x00, 0x70, 0xB0, 0x00, 0xC5, 0xD3, 0x52, 0x3D, 0xC2, 0x06, 0xFF, 0x18, 0x2C, 0x68, 
0x00, 0x60, 0x00, 0x00, 0x00, 0x30, 0xFE, 0xD9, 0x16, 0x00, 0x00, 0x74, 0xB0, 0x00, 0xC5, 0xD3, 
0x53, 0x3F, 0xC2, 0x06, 0xFF, 0x18, 0x2C, 0x68, 0x00, 0x60, 0x00, 0x00, 0x00, 0x34, 0xFE, 0xD9, 
0x16, 0x00, 0x00, 0x78, 0xB4, 0x00, 0xC5, 0xD3, 0x54, 0x39, 0xD2, 0x06, 0xFF, 0x18, 0x2C, 0x68, 
0x00, 0x60, 0x00, 0x00, 0x00, 0x38, 0xFE, 0xD9, 0x16, 0x00, 0x00, 0x7C, 0xB4, 0x00, 0xC5, 0xD3, 
0x55, 0x3B, 0xD2, 0x06, 0xFF, 0x18, 0x2C, 0x68, 0x00, 0x60, 0x00, 0x00, 0x00, 0x3C, 0xFE, 0xD9, 
0x16, 0x00, 0x00, 0x80, 0xB4, 0x00, 0xC5, 0xD3, 0x56, 0x3D, 0xD2, 0x06, 0xFF, 0x18, 0x2C, 0x68, 
0x00, 0x60, 0x00, 0x00, 0xB4, 0x00, 0xC5, 0xD3, 0x57, 0x3F, 0xD2, 0x06, 0xFF, 0x18, 0x2C, 0x68, 
0x00, 0x60, 0x00, 0x00, 0xB8, 0x00, 0xC5, 0xD3, 0x58, 0x39, 0xE2, 0x06, 0xFF, 0x18, 0x2C, 0x68, 
0x00, 0x60, 0x00, 0x00, 0xB8, 0x00, 0xC5, 0xD3, 0x59, 0x3B, 0xE2, 0x06, 0xFF, 0x18, 0x2C, 0x68, 
0x00, 0x60, 0x00, 0x00, 0xB8, 0x00, 0xC5, 0xD3, 0x5A, 0x3D, 0xE2, 0x06, 0xFF, 0x18, 0x2C, 0x68, 
0x00, 0x60, 0x00, 0x00, 0xB8, 0x00, 0xC5, 0xD3, 0x5B, 0x3F, 0xE2, 0x06, 0xFF, 0x18, 0x2C, 0x68, 
0x00, 0x60, 0x00, 0x00, 0xBC, 0x00, 0xC5, 0xD3, 0x5C, 0x39, 0xF2, 0x06, 0xFF, 0x18, 0x2C, 0x68, 
0x00, 0x60, 0x00, 0x00, 0xBC, 0x00, 0xC5, 0xD3, 0x5D, 0x3B, 0xF2, 0x06, 0xFF, 0x18, 0x2C, 0x68, 
0x00, 0x60, 0x00, 0x00, 0xBC, 0x00, 0xC5, 0xD3, 0x5E, 0x3D, 0xF2, 0x06, 0xFF, 0x18, 0x2C, 0x68, 
0x00, 0x60, 0x00, 0x00, 0xBC, 0x00, 0xC5, 0xD3, 0x5F, 0x3F, 0xF2, 0x06, 0xFF, 0x18, 0x2C, 0x68, 
0x00, 0x60, 0x00, 0x00, 0xC0, 0x00, 0xC5, 0xD3, 0x60, 0x39, 0x02, 0x07, 0xFF, 0x18, 0x2C, 0x68, 
0x00, 0x60, 0x00, 0x00, 0xC0, 0x00, 0xC5, 0xD3, 0x61, 0x3B, 0x02, 0x07, 0xFF, 0x18, 0x2C, 0x68, 
0x00, 0x60, 0x00, 0x00, 0xC0, 0x00, 0xC5, 0xD3, 0x62, 0x3D, 0x02, 0x07, 0xFF, 0x18, 0x2C, 0x68, 
0x00, 0x60, 0x00, 0x00, 0xC0, 0x00, 0xC5, 0xD3, 0x63, 0x3F, 0x02, 0x07, 0xFF, 0x18, 0x2C, 0x68, 
0x00, 0x60, 0x00, 0x00, 0xC4, 0x00, 0xC5, 0xD3, 0x44, 0x41, 0x12, 0x07, 0xFF, 0x18, 0x2C, 0x68, 
0x00, 0x60, 0x00, 0x00, 0xC4, 0x00, 0xC5, 0xD3, 0x45, 0x43, 0x12, 0x07, 0xFF, 0x18, 0x2C, 0x68, 
0x00, 0x60, 0x00, 0x00, 0xC4, 0x00, 0xC5, 0xD3, 0x46, 0x45, 0x12, 0x07, 0xFF, 0x18, 0x2C, 0x68, 
0x00, 0x60, 0x00, 0x00, 0xC4, 0x00, 0xC5, 0xD3, 0x47, 0x47, 0x12, 0x07, 0xFF, 0x18, 0x2C, 0x68, 
0x00, 0x60, 0x00, 0x00, 0xC8, 0x00, 0xC5, 0xD3, 0x48, 0x41, 0x22, 0x07, 0xFF, 0x18, 0x2C, 0x68, 
0x00, 0x60, 0x00, 0x00, 0xC8, 0x00, 0xC5, 0xD3, 0x49, 0x43, 0x22, 0x07, 0xFF, 0x18, 0x2C, 0x68, 
0x00, 0x60, 0x00, 0x00, 0xC8, 0x00, 0xC5, 0xD3, 0x4A, 0x45, 0x22, 0x07, 0xFF, 0x18, 0x2C, 0x68, 
0x00, 0x60, 0x00, 0x00, 0xC8, 0x00, 0xC5, 0xD3, 0x4B, 0x47, 0x22, 0x07, 0xFF, 0x18, 0x2C, 0x68, 
0x00, 0x60, 0x00, 0x00, 0xCC, 0x00, 0xC5, 0xD3, 0x4C, 0x41, 0x32, 0x07, 0xFF, 0x18, 0x2C, 0x68, 
0x00, 0x60, 0x00, 0x00, 0xCC, 0x00, 0xC5, 0xD3, 0x4D, 0x43, 0x32, 0x07, 0xFF, 0x18, 0x2C, 0x68, 
0x00, 0x60, 0x00, 0x00, 0xCC, 0x00, 0xC5, 0xD3, 0x4E, 0x45, 0x32, 0x07, 0xFF, 0x18, 0x2C, 0x68, 
0x00, 0x60, 0x00, 0x00, 0xCC, 0x00, 0xC5, 0xD3, 0x4F, 0x47, 0x32, 0x07, 0xFF, 0x18, 0x2C, 0x68, 
0x00, 0x60, 0x00, 0x00, 0xD0, 0x00, 0xC5, 0xD3, 0x50, 0x41, 0x42, 0x07, 0xFF, 0x18, 0x2C, 0x68, 
0x00, 0x60, 0x00, 0x00, 0xD0, 0x00, 0xC5, 0xD3, 0x51, 0x43, 0x42, 0x07, 0xFF, 0x18, 0x2C, 0x68, 
0x00, 0x60, 0x00, 0x00, 0xD0, 0x00, 0xC5, 0xD3, 0x52, 0x45, 0x42, 0x07, 0xFF, 0x18, 0x2C, 0x68, 
0x00, 0x60, 0x00, 0x00, 0xD0, 0x00, 0xC5, 0xD3, 0x53, 0x47, 0x42, 0x07, 0xFF, 0x18, 0x2C, 0x68, 
0x00, 0x60, 0x00, 0x00, 0xD4, 0x00, 0xC5, 0xD3, 0x54, 0x41, 0x52, 0x07, 0xFF, 0x18, 0x2C, 0x68, 
0x00, 0x60, 0x00, 0x00, 0xD4, 0x00, 0xC5, 0xD3, 0x55, 0x43, 0x52, 0x07, 0xFF, 0x18, 0x2C, 0x68, 
0x00, 0x60, 0x00, 0x00, 0xD4, 0x00, 0xC5, 0xD3, 0x56, 0x45, 0x52, 0x07, 0xFF, 0x18, 0x2C, 0x68, 
0x00, 0x60, 0x00, 0x00, 0xD4, 0x00, 0xC5, 0xD3, 0x57, 0x47, 0x52, 0x07, 0xFF, 0x18, 0x2C, 0x68, 
0x00, 0x60, 0x00, 0x00, 0xD8, 0x00, 0xC5, 0xD3, 0x58, 0x41, 0x62, 0x07, 0xFF, 0x18, 0x2C, 0x68, 
0x00, 0x60, 0x00, 0x00, 0xD8, 0x00, 0xC5, 0xD3, 0x59, 0x43, 0x62, 0x07, 0xFF, 0x18, 0x2C, 0x68, 
0x00, 0x60, 0x00, 0x00, 0xD8, 0x00, 0xC5, 0xD3, 0x5A, 0x45, 0x62, 0x07, 0xFF, 0x18, 0x2C, 0x68, 
0x00, 0x60, 0x00, 0x00, 0xD8, 0x00, 0xC5, 0xD3, 0x5B, 0x47, 0x62, 0x07, 0xFF, 0x18, 0x2C, 0x68, 
0x00, 0x60, 0x00, 0x00, 0xDC, 0x00, 0xC5, 0xD3, 0x5C, 0x41, 0x72, 0x07, 0xFF, 0x18, 0x2C, 0x68, 
0x00, 0x60, 0x00, 0x00, 0xDC, 0x00, 0xC5, 0xD3, 0x5D, 0x43, 0x72, 0x07, 0xFF, 0x18, 0x2C, 0x68, 
0x00, 0x60, 0x00, 0x00, 0xDC, 0x00, 0xC5, 0xD3, 0x5E, 0x45, 0x72, 0x07, 0xFF, 0x18, 0x2C, 0x68, 
0x00, 0x60, 0x00, 0x00, 0xDC, 0x00, 0xC5, 0xD3, 0x5F, 0x47, 0x72, 0x07, 0xFF, 0x18, 0x2C, 0x68, 
0x00, 0x60, 0x00, 0x00, 0xE0, 0x00, 0xC5, 0xD3, 0x60, 0x41, 0x82, 0x07, 0xFF, 0x18, 0x2C, 0x68, 
0x00, 0x60, 0x00, 0x00, 0xE0, 0x00, 0xC5, 0xD3, 0x61, 0x43, 0x82, 0x07, 0xFF, 0x18, 0x2C, 0x68, 
0x00, 0x60, 0x00, 0x00, 0xE0, 0x00, 0xC5, 0xD3, 0x62, 0x45, 0x82, 0x07, 0xFF, 0x18, 0x2C, 0x68, 
0x00, 0x60, 0x00, 0x00, 0xE0, 0x00, 0xC5, 0xD3, 0x63, 0x47, 0x82, 0x07, 0xFF, 0x18, 0x2C, 0x68, 
0x00, 0x60, 0x00, 0x00, 0x7F, 0xC8, 0x8C, 0xBF, 0x00, 0x00, 0x8A, 0xBF, 0xC0, 0x80, 0xC5, 0xD3, 
0x84, 0x79, 0x02, 0x07, 0xFF, 0x1C, 0x2C, 0x68, 0x00, 0x26, 0x02, 0x00, 0x00, 0x00, 0xFE, 0xD9, 
0x16, 0x00, 0x00, 0x1C, 0x00, 0x04, 0xFE, 0xD9, 0x16, 0x00, 0x00, 0x20, 0xC0, 0x80, 0xC5, 0xD3, 
0x84, 0x79, 0x02, 0x07, 0x30, 0xE8, 0xE9, 0x0B, 0xFA, 0x02, 0xEE, 0x7F, 0xF4, 0xFF, 0x00, 0xFF, 
0xC0, 0x80, 0xC5, 0xD3, 0x84, 0x79, 0x02, 0x07, 0xFF, 0x1C, 0x2C, 0x68, 0x00, 0x26, 0x02, 0x00, 
0x00, 0x08, 0xFE, 0xD9, 0x16, 0x00, 0x00, 0x24, 0x00, 0x0C, 0xFE, 0xD9, 0x16, 0x00, 0x00, 0x28, 
0xC0, 0x80, 0xC5, 0xD3, 0x84, 0x79, 0x02, 0x07, 0xFA, 0x02, 0xEC, 0x7F, 0xF4, 0xAA, 0x00, 0xFF, 
0xC4, 0x80, 0xC5, 0xD3, 0x85, 0x79, 0x12, 0x07, 0xFF, 0x1C, 0x2C, 0x68, 0x00, 0x26, 0x02, 0x00, 
0x00, 0x10, 0xFE, 0xD9, 0x16, 0x00, 0x00, 0x2C, 0x00, 0x14, 0xFE, 0xD9, 0x16, 0x00, 0x00, 0x30, 
0xC4, 0x80, 0xC5, 0xD3, 0x85, 0x79, 0x12, 0x07, 0xFA, 0x02, 0xEA, 0x7F, 0xF4, 0x55, 0x00, 0xFF, 
0xC4, 0x80, 0xC5, 0xD3, 0x85, 0x79, 0x12, 0x07, 0xFF, 0x1C, 0x2C, 0x68, 0x00, 0x26, 0x02, 0x00, 
0x00, 0x18, 0xFE, 0xD9, 0x16, 0x00, 0x00, 0x34, 0x00, 0x1C, 0xFE, 0xD9, 0x16, 0x00, 0x00, 0x38, 
0xC4, 0x80, 0xC5, 0xD3, 0x85, 0x79, 0x12, 0x07, 0xFA, 0x02, 0xE8, 0x7F, 0xF4, 0x00, 0x00, 0xFF, 
0xC8, 0x80, 0xC5, 0xD3, 0x86, 0x79, 0x22, 0x07, 0x7A, 0x0F, 0x8C, 0xBF, 0x00, 0x00, 0x8A, 0xBF, 
0xFF, 0x18, 0x2C, 0x68, 0x00, 0xC0, 0x00, 0x00, 0x00, 0x20, 0xFE, 0xD9, 0x16, 0x00, 0x00, 0x64, 
0xC8, 0x80, 0xC5, 0xD3, 0x86, 0x79, 0x22, 0x07, 0xFF, 0x18, 0x2C, 0x68, 0x00, 0xC0, 0x00, 0x00, 
0x00, 0x24, 0xFE, 0xD9, 0x16, 0x00, 0x00, 0x68, 0xC8, 0x80, 0xC5, 0xD3, 0x86, 0x79, 0x22, 0x07, 
0xFF, 0x18, 0x2C, 0x68, 0x00, 0xC0, 0x00, 0x00, 0x00, 0x28, 0xFE, 0xD9, 0x16, 0x00, 0x00, 0x6C, 
0xC8, 0x80, 0xC5, 0xD3, 0x86, 0x79, 0x22, 0x07, 0xFF, 0x18, 0x2C, 0x68, 0x00, 0xC0, 0x00, 0x00, 
0x00, 0x2C, 0xFE, 0xD9, 0x16, 0x00, 0x00, 0x70, 0xCC, 0x80, 0xC5, 0xD3, 0x87, 0x79, 0x32, 0x07, 
0xFF, 0x18, 0x2C, 0x68, 0x00, 0xC0, 0x00, 0x00, 0x00, 0x30, 0xFE, 0xD9, 0x16, 0x00, 0x00, 0x74, 
0xCC, 0x80, 0xC5, 0xD3, 0x87, 0x79, 0x32, 0x07, 0xFF, 0x18, 0x2C, 0x68, 0x00, 0xC0, 0x00, 0x00, 
0x00, 0x34, 0xFE, 0xD9, 0x16, 0x00, 0x00, 0x78, 0xCC, 0x80, 0xC5, 0xD3, 0x87, 0x79, 0x32, 0x07, 
0xFF, 0x18, 0x2C, 0x68, 0x00, 0xC0, 0x00, 0x00, 0x00, 0x38, 0xFE, 0xD9, 0x16, 0x00, 0x00, 0x7C, 
0xCC, 0x80, 0xC5, 0xD3, 0x87, 0x79, 0x32, 0x07, 0xFF, 0x18, 0x2C, 0x68, 0x00, 0xC0, 0x00, 0x00, 
0x00, 0x3C, 0xFE, 0xD9, 0x16, 0x00, 0x00, 0x80, 0xD0, 0x80, 0xC5, 0xD3, 0x88, 0x79, 0x42, 0x07, 
0xFF, 0x18, 0x2C, 0x68, 0x00, 0xC0, 0x00, 0x00, 0xD0, 0x80, 0xC5, 0xD3, 0x88, 0x79, 0x42, 0x07, 
0xFF, 0x18, 0x2C, 0x68, 0x00, 0xC0, 0x00, 0x00, 0xD0, 0x80, 0xC5, 0xD3, 0x88, 0x79, 0x42, 0x07, 
0xFF, 0x18, 0x2C, 0x68, 0x00, 0xC0, 0x00, 0x00, 0xD0, 0x80, 0xC5, 0xD3, 0x88, 0x79, 0x42, 0x07, 
0xFF, 0x18, 0x2C, 0x68, 0x00, 0xC0, 0x00, 0x00, 0xD4, 0x80, 0xC5, 0xD3, 0x89, 0x79, 0x52, 0x07, 
0xFF, 0x18, 0x2C, 0x68, 0x00, 0xC0, 0x00, 0x00, 0xD4, 0x80, 0xC5, 0xD3, 0x89, 0x79, 0x52, 0x07, 
0xFF, 0x18, 0x2C, 0x68, 0x00, 0xC0, 0x00, 0x00, 0xD4, 0x80, 0xC5, 0xD3, 0x89, 0x79, 0x52, 0x07, 
0xFF, 0x18, 0x2C, 0x68, 0x00, 0xC0, 0x00, 0x00, 0xD4, 0x80, 0xC5, 0xD3, 0x89, 0x79, 0x52, 0x07, 
0xFF, 0x18, 0x2C, 0x68, 0x00, 0xC0, 0x00, 0x00, 0xD8, 0x80, 0xC5, 0xD3, 0x8A, 0x79, 0x62, 0x07, 
0xFF, 0x18, 0x2C, 0x68, 0x00, 0xC0, 0x00, 0x00, 0xD8, 0x80, 0xC5, 0xD3, 0x8A, 0x79, 0x62, 0x07, 
0xFF, 0x18, 0x2C, 0x68, 0x00, 0xC0, 0x00, 0x00, 0xD8, 0x80, 0xC5, 0xD3, 0x8A, 0x79, 0x62, 0x07, 
0xFF, 0x18, 0x2C, 0x68, 0x00, 0xC0, 0x00, 0x00, 0xD8, 0x80, 0xC5, 0xD3, 0x8A, 0x79, 0x62, 0x07, 
0xFF, 0x18, 0x2C, 0x68, 0x00, 0xC0, 0x00, 0x00, 0xDC, 0x80, 0xC5, 0xD3, 0x8B, 0x79, 0x72, 0x07, 
0xFF, 0x18, 0x2C, 0x68, 0x00, 0xC0, 0x00, 0x00, 0xDC, 0x80, 0xC5, 0xD3, 0x8B, 0x79, 0x72, 0x07, 
0xFF, 0x18, 0x2C, 0x68, 0x00, 0xC0, 0x00, 0x00, 0xDC, 0x80, 0xC5, 0xD3, 0x8B, 0x79, 0x72, 0x07, 
0xFF, 0x18, 0x2C, 0x68, 0x00, 0xC0, 0x00, 0x00, 0xDC, 0x80, 0xC5, 0xD3, 0x8B, 0x79, 0x72, 0x07, 
0xFF, 0x18, 0x2C, 0x68, 0x00, 0xC0, 0x00, 0x00, 0xE0, 0x80, 0xC5, 0xD3, 0x84, 0x7B, 0x82, 0x07, 
0xFF, 0x18, 0x2C, 0x68, 0x00, 0xC0, 0x00, 0x00, 0xE0, 0x80, 0xC5, 0xD3, 0x84, 0x7B, 0x82, 0x07, 
0xFF, 0x18, 0x2C, 0x68, 0x00, 0xC0, 0x00, 0x00, 0xE0, 0x80, 0xC5, 0xD3, 0x84, 0x7B, 0x82, 0x07, 
0xFF, 0x18, 0x2C, 0x68, 0x00, 0xC0, 0x00, 0x00, 0xE0, 0x80, 0xC5, 0xD3, 0x84, 0x7B, 0x82, 0x07, 
0xFF, 0x18, 0x2C, 0x68, 0x00, 0xC0, 0x00, 0x00, 0xE4, 0x80, 0xC5, 0xD3, 0x85, 0x7B, 0x92, 0x07, 
0xFF, 0x18, 0x2C, 0x68, 0x00, 0xC0, 0x00, 0x00, 0xE4, 0x80, 0xC5, 0xD3, 0x85, 0x7B, 0x92, 0x07, 
0xFF, 0x18, 0x2C, 0x68, 0x00, 0xC0, 0x00, 0x00, 0xE4, 0x80, 0xC5, 0xD3, 0x85, 0x7B, 0x92, 0x07, 
0xFF, 0x18, 0x2C, 0x68, 0x00, 0xC0, 0x00, 0x00, 0xE4, 0x80, 0xC5, 0xD3, 0x85, 0x7B, 0x92, 0x07, 
0xFF, 0x18, 0x2C, 0x68, 0x00, 0xC0, 0x00, 0x00, 0xE8, 0x80, 0xC5, 0xD3, 0x86, 0x7B, 0xA2, 0x07, 
0xFF, 0x18, 0x2C, 0x68, 0x00, 0xC0, 0x00, 0x00, 0xE8, 0x80, 0xC5, 0xD3, 0x86, 0x7B, 0xA2, 0x07, 
0xFF, 0x18, 0x2C, 0x68, 0x00, 0xC0, 0x00, 0x00, 0xE8, 0x80, 0xC5, 0xD3, 0x86, 0x7B, 0xA2, 0x07, 
0xFF, 0x18, 0x2C, 0x68, 0x00, 0xC0, 0x00, 0x00, 0xE8, 0x80, 0xC5, 0xD3, 0x86, 0x7B, 0xA2, 0x07, 
0xFF, 0x18, 0x2C, 0x68, 0x00, 0xC0, 0x00, 0x00, 0xEC, 0x80, 0xC5, 0xD3, 0x87, 0x7B, 0xB2, 0x07, 
0xFF, 0x18, 0x2C, 0x68, 0x00, 0xC0, 0x00, 0x00, 0xEC, 0x80, 0xC5, 0xD3, 0x87, 0x7B, 0xB2, 0x07, 
0xFF, 0x18, 0x2C, 0x68, 0x00, 0xC0, 0x00, 0x00, 0xEC, 0x80, 0xC5, 0xD3, 0x87, 0x7B, 0xB2, 0x07, 
0xFF, 0x18, 0x2C, 0x68, 0x00, 0xC0, 0x00, 0x00, 0xEC, 0x80, 0xC5, 0xD3, 0x87, 0x7B, 0xB2, 0x07, 
0xFF, 0x18, 0x2C, 0x68, 0x00, 0xC0, 0x00, 0x00, 0xF0, 0x80, 0xC5, 0xD3, 0x88, 0x7B, 0xC2, 0x07, 
0xFF, 0x18, 0x2C, 0x68, 0x00, 0xC0, 0x00, 0x00, 0xF0, 0x80, 0xC5, 0xD3, 0x88, 0x7B, 0xC2, 0x07, 
0xFF, 0x18, 0x2C, 0x68, 0x00, 0xC0, 0x00, 0x00, 0xF0, 0x80, 0xC5, 0xD3, 0x88, 0x7B, 0xC2, 0x07, 
0xFF, 0x18, 0x2C, 0x68, 0x00, 0xC0, 0x00, 0x00, 0xF0, 0x80, 0xC5, 0xD3, 0x88, 0x7B, 0xC2, 0x07, 
0xFF, 0x18, 0x2C, 0x68, 0x00, 0xC0, 0x00, 0x00, 0xF4, 0x80, 0xC5, 0xD3, 0x89, 0x7B, 0xD2, 0x07, 
0xFF, 0x18, 0x2C, 0x68, 0x00, 0xC0, 0x00, 0x00, 0xF4, 0x80, 0xC5, 0xD3, 0x89, 0x7B, 0xD2, 0x07, 
0xFF, 0x18, 0x2C, 0x68, 0x00, 0xC0, 0x00, 0x00, 0xF4, 0x80, 0xC5, 0xD3, 0x89, 0x7B, 0xD2, 0x07, 
0xFF, 0x18, 0x2C, 0x68, 0x00, 0xC0, 0x00, 0x00, 0xF4, 0x80, 0xC5, 0xD3, 0x89, 0x7B, 0xD2, 0x07, 
0xFF, 0x18, 0x2C, 0x68, 0x00, 0xC0, 0x00, 0x00, 0xF8, 0x80, 0xC5, 0xD3, 0x8A, 0x7B, 0xE2, 0x07, 
0xFF, 0x18, 0x2C, 0x68, 0x00, 0xC0, 0x00, 0x00, 0xF8, 0x80, 0xC5, 0xD3, 0x8A, 0x7B, 0xE2, 0x07, 
0xFF, 0x18, 0x2C, 0x68, 0x00, 0xC0, 0x00, 0x00, 0xF8, 0x80, 0xC5, 0xD3, 0x8A, 0x7B, 0xE2, 0x07, 
0xFF, 0x18, 0x2C, 0x68, 0x00, 0xC0, 0x00, 0x00, 0xF8, 0x80, 0xC5, 0xD3, 0x8A, 0x7B, 0xE2, 0x07, 
0xFF, 0x18, 0x2C, 0x68, 0x00, 0xC0, 0x00, 0x00, 0xFC, 0x80, 0xC5, 0xD3, 0x8B, 0x7B, 0xF2, 0x07, 
0xFF, 0x18, 0x2C, 0x68, 0x00, 0xC0, 0x00, 0x00, 0xFC, 0x80, 0xC5, 0xD3, 0x8B, 0x7B, 0xF2, 0x07, 
0xFF, 0x18, 0x2C, 0x68, 0x00, 0xC0, 0x00, 0x00, 0xFC, 0x80, 0xC5, 0xD3, 0x8B, 0x7B, 0xF2, 0x07, 
0xFF, 0x18, 0x2C, 0x68, 0x00, 0xC0, 0x00, 0x00, 0xFC, 0x80, 0xC5, 0xD3, 0x8B, 0x7B, 0xF2, 0x07, 
0xFF, 0x18, 0x2C, 0x68, 0x00, 0xC0, 0x00, 0x00, 0x78, 0x02, 0x8C, 0xBF, 0x00, 0x00, 0x8A, 0xBF, 
0xE4, 0x00, 0xC5, 0xD3, 0x1C, 0x81, 0x02, 0x12, 0x4C, 0x00, 0xFC, 0xBE, 0x00, 0x20, 0x51, 0xE0, 
0x0B, 0x00, 0x06, 0x80, 0xE4, 0x00, 0xC5, 0xD3, 0x1D, 0x83, 0x92, 0x17, 0x80, 0x18, 0x2C, 0x68, 
0x00, 0x20, 0xFE, 0xD9, 0x16, 0x00, 0x00, 0x84, 0x00, 0x24, 0xFE, 0xD9, 0x16, 0x00, 0x00, 0x88, 
0xE4, 0x00, 0xC5, 0xD3, 0x1E, 0x85, 0x92, 0x17, 0x52, 0x00, 0xFC, 0xBE, 0x00, 0x10, 0x5D, 0xE0, 
0x03, 0x00, 0x05, 0x64, 0xFF, 0x7C, 0x7C, 0x80, 0x00, 0x10, 0x00, 0x00, 0xE4, 0x00, 0xC5, 0xD3, 
0x1F, 0x87, 0x92, 0x17, 0x80, 0x18, 0x2C, 0x68, 0x00, 0x28, 0xFE, 0xD9, 0x16, 0x00, 0x00, 0x8C, 
0x00, 0x2C, 0xFE, 0xD9, 0x16, 0x00, 0x00, 0x90, 0xE4, 0x00, 0xC5, 0xD3, 0x20, 0x99, 0x92, 0x17, 
0x52, 0x00, 0xFC, 0xBE, 0x00, 0x10, 0x5D, 0xE0, 0x04, 0x00, 0x05, 0x64, 0xFF, 0x7C, 0x7C, 0x80, 
0x00, 0x10, 0x00, 0x00, 0xE4, 0x00, 0xC5, 0xD3, 0x21, 0x9B, 0x92, 0x17, 0x80, 0x18, 0x2C, 0x68, 
0x00, 0x30, 0xFE, 0xD9, 0x16, 0x00, 0x00, 0x94, 0x00, 0x34, 0xFE, 0xD9, 0x16, 0x00, 0x00, 0x98, 
0xE4, 0x00, 0xC5, 0xD3, 0x22, 0x9D, 0x92, 0x17, 0x55, 0x00, 0xFC, 0xBE, 0x00, 0x10, 0x5D, 0xE0, 
0x03, 0x00, 0x07, 0x63, 0xFF, 0x7C, 0x7C, 0x80, 0x00, 0x10, 0x00, 0x00, 0xE4, 0x00, 0xC5, 0xD3, 
0x23, 0x9F, 0x92, 0x17, 0x80, 0x18, 0x2C, 0x68, 0x00, 0x38, 0xFE, 0xD9, 0x16, 0x00, 0x00, 0x9C, 
0x00, 0x3C, 0xFE, 0xD9, 0x16, 0x00, 0x00, 0xA0, 0xE4, 0x00, 0xC5, 0xD3, 0x24, 0xB1, 0x92, 0x17, 
0x55, 0x00, 0xFC, 0xBE, 0x00, 0x10, 0x5D, 0xE0, 0x04, 0x00, 0x07, 0x63, 0xFF, 0x7C, 0x7C, 0x80, 
0x00, 0x10, 0x00, 0x00, 0xE4, 0x00, 0xC5, 0xD3, 0x25, 0xB3, 0x92, 0x17, 0x80, 0x18, 0x2C, 0x68, 
0xE4, 0x00, 0xC5, 0xD3, 0x26, 0xB5, 0x92, 0x17, 0x4F, 0x00, 0xFC, 0xBE, 0x00, 0x10, 0x5D, 0xE0, 
0x01, 0x00, 0x02, 0x62, 0xFF, 0x7C, 0x7C, 0x80, 0x00, 0x10, 0x00, 0x00, 0xE4, 0x00, 0xC5, 0xD3, 
0x27, 0xB7, 0x92, 0x17, 0x4F, 0x00, 0xFC, 0xBE, 0x00, 0x10, 0x5D, 0xE0, 0x02, 0x00, 0x02, 0x62, 
0xFF, 0x7C, 0x7C, 0x80, 0x00, 0x10, 0x00, 0x00, 0xE4, 0x00, 0xC5, 0xD3, 0x28, 0xC9, 0x92, 0x17, 
0xE4, 0x00, 0xC5, 0xD3, 0x29, 0xCB, 0x92, 0x17, 0xE4, 0x00, 0xC5, 0xD3, 0x2A, 0xCD, 0x92, 0x17, 
0xE4, 0x00, 0xC5, 0xD3, 0x2B, 0xCF, 0x92, 0x17, 0xE4, 0x00, 0xC5, 0xD3, 0x2C, 0xE1, 0x92, 0x17, 
0xE4, 0x00, 0xC5, 0xD3, 0x2D, 0xE3, 0x92, 0x17, 0xE4, 0x00, 0xC5, 0xD3, 0x2E, 0xE5, 0x92, 0x17, 
0xE4, 0x00, 0xC5, 0xD3, 0x2F, 0xE7, 0x92, 0x17, 0xE4, 0x00, 0xC5, 0xD3, 0x30, 0xF9, 0x92, 0x17, 
0xE4, 0x00, 0xC5, 0xD3, 0x31, 0xFB, 0x92, 0x17, 0xE4, 0x00, 0xC5, 0xD3, 0x32, 0xFD, 0x92, 0x17, 
0xE4, 0x00, 0xC5, 0xD3, 0x33, 0xFF, 0x92, 0x17, 0xE4, 0x00, 0xC5, 0xD3, 0x34, 0x11, 0x93, 0x17, 
0xE4, 0x00, 0xC5, 0xD3, 0x35, 0x13, 0x93, 0x17, 0xE4, 0x00, 0xC5, 0xD3, 0x36, 0x15, 0x93, 0x17, 
0xE4, 0x00, 0xC5, 0xD3, 0x37, 0x17, 0x93, 0x17, 0xE4, 0x00, 0xC5, 0xD3, 0x38, 0x29, 0x93, 0x17, 
0xE4, 0x00, 0xC5, 0xD3, 0x39, 0x2B, 0x93, 0x17, 0xE4, 0x00, 0xC5, 0xD3, 0x3A, 0x2D, 0x93, 0x17, 
0xE4, 0x00, 0xC5, 0xD3, 0x3B, 0x2F, 0x93, 0x17, 0xE8, 0x00, 0xC5, 0xD3, 0x1C, 0x89, 0x02, 0x12, 
0xE8, 0x00, 0xC5, 0xD3, 0x1D, 0x8B, 0xA2, 0x17, 0xE8, 0x00, 0xC5, 0xD3, 0x1E, 0x8D, 0xA2, 0x17, 
0xE8, 0x00, 0xC5, 0xD3, 0x1F, 0x8F, 0xA2, 0x17, 0xE8, 0x00, 0xC5, 0xD3, 0x20, 0xA1, 0xA2, 0x17, 
0xE8, 0x00, 0xC5, 0xD3, 0x21, 0xA3, 0xA2, 0x17, 0xE8, 0x00, 0xC5, 0xD3, 0x22, 0xA5, 0xA2, 0x17, 
0xE8, 0x00, 0xC5, 0xD3, 0x23, 0xA7, 0xA2, 0x17, 0xE8, 0x00, 0xC5, 0xD3, 0x24, 0xB9, 0xA2, 0x17, 
0xE8, 0x00, 0xC5, 0xD3, 0x25, 0xBB, 0xA2, 0x17, 0xE8, 0x00, 0xC5, 0xD3, 0x26, 0xBD, 0xA2, 0x17, 
0xE8, 0x00, 0xC5, 0xD3, 0x27, 0xBF, 0xA2, 0x17, 0xE8, 0x00, 0xC5, 0xD3, 0x28, 0xD1, 0xA2, 0x17, 
0xE8, 0x00, 0xC5, 0xD3, 0x29, 0xD3, 0xA2, 0x17, 0xE8, 0x00, 0xC5, 0xD3, 0x2A, 0xD5, 0xA2, 0x17, 
0xE8, 0x00, 0xC5, 0xD3, 0x2B, 0xD7, 0xA2, 0x17, 0xE8, 0x00, 0xC5, 0xD3, 0x2C, 0xE9, 0xA2, 0x17, 
0xE8, 0x00, 0xC5, 0xD3, 0x2D, 0xEB, 0xA2, 0x17, 0xE8, 0x00, 0xC5, 0xD3, 0x2E, 0xED, 0xA2, 0x17, 
0xE8, 0x00, 0xC5, 0xD3, 0x2F, 0xEF, 0xA2, 0x17, 0xE8, 0x00, 0xC5, 0xD3, 0x30, 0x01, 0xA3, 0x17, 
0xE8, 0x00, 0xC5, 0xD3, 0x31, 0x03, 0xA3, 0x17, 0xE8, 0x00, 0xC5, 0xD3, 0x32, 0x05, 0xA3, 0x17, 
0xE8, 0x00, 0xC5, 0xD3, 0x33, 0x07, 0xA3, 0x17, 0xE8, 0x00, 0xC5, 0xD3, 0x34, 0x19, 0xA3, 0x17, 
0xE8, 0x00, 0xC5, 0xD3, 0x35, 0x1B, 0xA3, 0x17, 0xE8, 0x00, 0xC5, 0xD3, 0x36, 0x1D, 0xA3, 0x17, 
0xE8, 0x00, 0xC5, 0xD3, 0x37, 0x1F, 0xA3, 0x17, 0xE8, 0x00, 0xC5, 0xD3, 0x38, 0x31, 0xA3, 0x17, 
0xB0, 0x3B, 0x3C, 0x80, 0x3C, 0x3A, 0x0A, 0xBF, 0x44, 0x80, 0x44, 0x85, 0x46, 0x80, 0x46, 0x85, 
0x45, 0x80, 0x45, 0x85, 0xE8, 0x00, 0xC5, 0xD3, 0x39, 0x33, 0xA3, 0x17, 0x45, 0x16, 0x16, 0x68, 
0x46, 0x64, 0x64, 0x80, 0xE8, 0x00, 0xC5, 0xD3, 0x3A, 0x35, 0xA3, 0x17, 0x46, 0x63, 0x63, 0x80, 
0x44, 0x62, 0x62, 0x80, 0xE8, 0x00, 0xC5, 0xD3, 0x3B, 0x37, 0xA3, 0x17, 0x3B, 0x90, 0x09, 0xBF, 
0x43, 0x42, 0x42, 0x85, 0x10, 0x00, 0x3B, 0xB7, 0x00, 0x00, 0x80, 0xBF, 0x3B, 0x3A, 0x04, 0xBF, 
0x6B, 0x0B, 0x84, 0xBF, 0x7F, 0xC0, 0x8C, 0xBF, 0x80, 0x02, 0x2C, 0x7E, 0xFF, 0x36, 0x2E, 0x68, 
0x00, 0x46, 0x02, 0x00, 0x00, 0x00, 0x1A, 0xD8, 0x17, 0x16, 0x00, 0x00, 0x00, 0x00, 0x8A, 0xBF, 
0x1C, 0x00, 0xC5, 0xD3, 0x84, 0x01, 0x02, 0x12, 0x2F, 0xC8, 0xC9, 0x0B, 0x2F, 0xCA, 0xCB, 0x0B, 
0x2F, 0xCC, 0xCD, 0x0B, 0x2F, 0xCE, 0xCF, 0x0B, 0x1C, 0x00, 0xC5, 0xD3, 0x85, 0x03, 0x72, 0x14, 
0x2F, 0xD0, 0xD1, 0x0B, 0x2F, 0xD2, 0xD3, 0x0B, 0x2F, 0xD4, 0xD5, 0x0B, 0x2F, 0xD6, 0xD7, 0x0B, 
0x1C, 0x00, 0xC5, 0xD3, 0x86, 0x05, 0x72, 0x14, 0x2E, 0x88, 0x3C, 0x92, 0x3C, 0x01, 0x11, 0xBF, 
0x64, 0xF1, 0xF1, 0x0B, 0x00, 0x00, 0x9C, 0xBF, 0x3C, 0x01, 0x11, 0xBF, 0x65, 0xF3, 0xF3, 0x0B, 
0x00, 0x00, 0x9C, 0xBF, 0x3C, 0x01, 0x11, 0xBF, 0x66, 0xF5, 0xF5, 0x0B, 0x00, 0x00, 0x9C, 0xBF, 
0x3C, 0x01, 0x11, 0xBF, 0x67, 0xF7, 0xF7, 0x0B, 0x00, 0x00, 0x9C, 0xBF, 0x1C, 0x00, 0xC5, 0xD3, 
0x87, 0x07, 0x72, 0x14, 0x00, 0x10, 0x34, 0xE1, 0x07, 0xEC, 0x08, 0x80, 0x1C, 0x00, 0xC5, 0xD3, 
0x88, 0x09, 0x72, 0x14, 0x2E, 0x88, 0x3C, 0x92, 0x3C, 0x01, 0x11, 0xBF, 0x68, 0xF9, 0xF9, 0x0B, 
0x00, 0x00, 0x9C, 0xBF, 0x3C, 0x01, 0x11, 0xBF, 0x69, 0xFB, 0xFB, 0x0B, 0x00, 0x00, 0x9C, 0xBF, 
0x3C, 0x01, 0x11, 0xBF, 0x6A, 0xFD, 0xFD, 0x0B, 0x00, 0x00, 0x9C, 0xBF, 0x3C, 0x01, 0x11, 0xBF, 
0x6B, 0xFF, 0xFF, 0x0B, 0x00, 0x00, 0x9C, 0xBF, 0x1C, 0x00, 0xC5, 0xD3, 0x89, 0x0B, 0x72, 0x14, 
0x00, 0x10, 0x34, 0xE1, 0x08, 0xED, 0x08, 0x80, 0x1C, 0x00, 0xC5, 0xD3, 0x8A, 0x0D, 0x72, 0x14, 
0xF8, 0x40, 0xB2, 0xD3, 0xFA, 0xF1, 0x03, 0x18, 0xFC, 0x40, 0xB2, 0xD3, 0xFE, 0xF9, 0x03, 0x18, 
0xF8, 0x40, 0xB2, 0xD3, 0xFC, 0xF1, 0x03, 0x18, 0xF9, 0xF1, 0xF1, 0x03, 0xF8, 0x03, 0xF2, 0x7F, 
0xF9, 0xB5, 0xF0, 0x7F, 0xF9, 0xF1, 0xF1, 0x03, 0xF8, 0x03, 0xF2, 0x7F, 0xF9, 0xB3, 0xF0, 0x7F, 
0xF9, 0xF1, 0xF1, 0x03, 0xFF, 0x36, 0x2C, 0x68, 0x00, 0x46, 0x02, 0x00, 0x00, 0x00, 0x2A, 0xD8, 
0x16, 0xF8, 0x00, 0x00, 0x1C, 0x00, 0xC5, 0xD3, 0x8B, 0x0F, 0x72, 0x14, 0x00, 0x80, 0x6C, 0xD8, 
0x0D, 0x00, 0x00, 0x44, 0x40, 0x80, 0x6C, 0xD8, 0x0D, 0x00, 0x00, 0x45, 0x80, 0x80, 0x6C, 0xD8, 
0x0D, 0x00, 0x00, 0x46, 0xC0, 0x80, 0x6C, 0xD8, 0x0D, 0x00, 0x00, 0x47, 0x00, 0x84, 0x6C, 0xD8, 
0x0D, 0x00, 0x00, 0x48, 0x40, 0x84, 0x6C, 0xD8, 0x0D, 0x00, 0x00, 0x49, 0x80, 0x84, 0x6C, 0xD8, 
0x0D, 0x00, 0x00, 0x4A, 0xC0, 0x84, 0x6C, 0xD8, 0x0D, 0x00, 0x00, 0x4B, 0x1C, 0x00, 0xC5, 0xD3, 
0x8C, 0x11, 0x72, 0x14, 0x00, 0x88, 0x6C, 0xD8, 0x0D, 0x00, 0x00, 0x4C, 0x40, 0x88, 0x6C, 0xD8, 
0x0D, 0x00, 0x00, 0x4D, 0x80, 0x88, 0x6C, 0xD8, 0x0D, 0x00, 0x00, 0x4E, 0xC0, 0x88, 0x6C, 0xD8, 
0x0D, 0x00, 0x00, 0x4F, 0x00, 0x8C, 0x6C, 0xD8, 0x0D, 0x00, 0x00, 0x50, 0x40, 0x8C, 0x6C, 0xD8, 
0x0D, 0x00, 0x00, 0x51, 0x80, 0x8C, 0x6C, 0xD8, 0x0D, 0x00, 0x00, 0x52, 0xC0, 0x8C, 0x6C, 0xD8, 
0x0D, 0x00, 0x00, 0x53, 0x1C, 0x00, 0xC5, 0xD3, 0x8D, 0x13, 0x72, 0x14, 0x00, 0x90, 0x6C, 0xD8, 
0x0D, 0x00, 0x00, 0x54, 0x40, 0x90, 0x6C, 0xD8, 0x0D, 0x00, 0x00, 0x55, 0x80, 0x90, 0x6C, 0xD8, 
0x0D, 0x00, 0x00, 0x56, 0xC0, 0x90, 0x6C, 0xD8, 0x0D, 0x00, 0x00, 0x57, 0x00, 0x94, 0x6C, 0xD8, 
0x0D, 0x00, 0x00, 0x58, 0x40, 0x94, 0x6C, 0xD8, 0x0D, 0x00, 0x00, 0x59, 0x80, 0x94, 0x6C, 0xD8, 
0x0D, 0x00, 0x00, 0x5A, 0xC0, 0x94, 0x6C, 0xD8, 0x0D, 0x00, 0x00, 0x5B, 0x1C, 0x00, 0xC5, 0xD3, 
0x8E, 0x15, 0x72, 0x14, 0x00, 0x98, 0x6C, 0xD8, 0x0D, 0x00, 0x00, 0x5C, 0x40, 0x98, 0x6C, 0xD8, 
0x0D, 0x00, 0x00, 0x5D, 0x80, 0x98, 0x6C, 0xD8, 0x0D, 0x00, 0x00, 0x5E, 0xC0, 0x98, 0x6C, 0xD8, 
0x0D, 0x00, 0x00, 0x5F, 0x00, 0x9C, 0x6C, 0xD8, 0x0D, 0x00, 0x00, 0x60, 0x40, 0x9C, 0x6C, 0xD8, 
0x0D, 0x00, 0x00, 0x61, 0x80, 0x9C, 0x6C, 0xD8, 0x0D, 0x00, 0x00, 0x62, 0xC0, 0x9C, 0x6C, 0xD8, 
0x0D, 0x00, 0x00, 0x63, 0x1C, 0x00, 0xC5, 0xD3, 0x8F, 0x17, 0x72, 0x14, 0x1C, 0x00, 0xC5, 0xD3, 
0x90, 0x19, 0x72, 0x14, 0x1C, 0x00, 0xC5, 0xD3, 0x91, 0x1B, 0x72, 0x14, 0x1C, 0x00, 0xC5, 0xD3, 
0x92, 0x1D, 0x72, 0x14, 0x1C, 0x00, 0xC5, 0xD3, 0x93, 0x1F, 0x72, 0x14, 0x1C, 0x00, 0xC5, 0xD3, 
0x94, 0x21, 0x72, 0x14, 0x1C, 0x00, 0xC5, 0xD3, 0x95, 0x23, 0x72, 0x14, 0x1C, 0x00, 0xC5, 0xD3, 
0x96, 0x25, 0x72, 0x14, 0x1C, 0x00, 0xC5, 0xD3, 0x97, 0x27, 0x72, 0x14, 0x1C, 0x00, 0xC5, 0xD3, 
0x98, 0x29, 0x72, 0x14, 0x1C, 0x00, 0xC5, 0xD3, 0x99, 0x2B, 0x72, 0x14, 0x1C, 0x00, 0xC5, 0xD3, 
0x9A, 0x2D, 0x72, 0x14, 0x1C, 0x00, 0xC5, 0xD3, 0x9B, 0x2F, 0x72, 0x14, 0x1C, 0x00, 0xC5, 0xD3, 
0x9C, 0x31, 0x72, 0x14, 0x1C, 0x00, 0xC5, 0xD3, 0x9D, 0x33, 0x72, 0x14, 0x1C, 0x00, 0xC5, 0xD3, 
0x9E, 0x35, 0x72, 0x14, 0x1C, 0x00, 0xC5, 0xD3, 0x9F, 0x37, 0x72, 0x14, 0x1C, 0x00, 0xC5, 0xD3, 
0xA0, 0x39, 0x72, 0x14, 0x1C, 0x00, 0xC5, 0xD3, 0xA1, 0x3B, 0x72, 0x14, 0x1C, 0x00, 0xC5, 0xD3, 
0xA2, 0x3D, 0x72, 0x14, 0x1C, 0x00, 0xC5, 0xD3, 0xA3, 0x3F, 0x72, 0x14, 0x20, 0x00, 0xC5, 0xD3, 
0x84, 0x21, 0x02, 0x12, 0x20, 0x00, 0xC5, 0xD3, 0x85, 0x23, 0x82, 0x14, 0x20, 0x00, 0xC5, 0xD3, 
0x86, 0x25, 0x82, 0x14, 0x20, 0x00, 0xC5, 0xD3, 0x87, 0x27, 0x82, 0x14, 0x20, 0x00, 0xC5, 0xD3, 
0x88, 0x29, 0x82, 0x14, 0x20, 0x00, 0xC5, 0xD3, 0x89, 0x2B, 0x82, 0x14, 0x20, 0x00, 0xC5, 0xD3, 
0x8A, 0x2D, 0x82, 0x14, 0x20, 0x00, 0xC5, 0xD3, 0x8B, 0x2F, 0x82, 0x14, 0x20, 0x00, 0xC5, 0xD3, 
0x8C, 0x31, 0x82, 0x14, 0x20, 0x00, 0xC5, 0xD3, 0x8D, 0x33, 0x82, 0x14, 0x20, 0x00, 0xC5, 0xD3, 
0x8E, 0x35, 0x82, 0x14, 0x20, 0x00, 0xC5, 0xD3, 0x8F, 0x37, 0x82, 0x14, 0x20, 0x00, 0xC5, 0xD3, 
0x90, 0x39, 0x82, 0x14, 0x20, 0x00, 0xC5, 0xD3, 0x91, 0x3B, 0x82, 0x14, 0x20, 0x00, 0xC5, 0xD3, 
0x92, 0x3D, 0x82, 0x14, 0x20, 0x00, 0xC5, 0xD3, 0x93, 0x3F, 0x82, 0x14, 0x20, 0x00, 0xC5, 0xD3, 
0x94, 0x41, 0x82, 0x14, 0x20, 0x00, 0xC5, 0xD3, 0x95, 0x43, 0x82, 0x14, 0x20, 0x00, 0xC5, 0xD3, 
0x96, 0x45, 0x82, 0x14, 0x20, 0x00, 0xC5, 0xD3, 0x97, 0x47, 0x82, 0x14, 0x20, 0x00, 0xC5, 0xD3, 
0x98, 0x49, 0x82, 0x14, 0x20, 0x00, 0xC5, 0xD3, 0x99, 0x4B, 0x82, 0x14, 0x20, 0x00, 0xC5, 0xD3, 
0x9A, 0x4D, 0x82, 0x14, 0x20, 0x00, 0xC5, 0xD3, 0x9B, 0x4F, 0x82, 0x14, 0x20, 0x00, 0xC5, 0xD3, 
0x9C, 0x51, 0x82, 0x14, 0x20, 0x00, 0xC5, 0xD3, 0x9D, 0x53, 0x82, 0x14, 0x20, 0x00, 0xC5, 0xD3, 
0x9E, 0x55, 0x82, 0x14, 0x20, 0x00, 0xC5, 0xD3, 0x9F, 0x57, 0x82, 0x14, 0x20, 0x00, 0xC5, 0xD3, 
0xA0, 0x59, 0x82, 0x14, 0x20, 0x00, 0xC5, 0xD3, 0xA1, 0x5B, 0x82, 0x14, 0x20, 0x00, 0xC5, 0xD3, 
0xA2, 0x5D, 0x82, 0x14, 0x20, 0x00, 0xC5, 0xD3, 0xA3, 0x5F, 0x82, 0x14, 0x7F, 0xCF, 0x8C, 0xBF, 
0x00, 0x00, 0x8A, 0xBF, 0x3C, 0x00, 0xC5, 0xD3, 0x64, 0x01, 0x03, 0x12, 0x00, 0x10, 0x34, 0xE1, 
0x09, 0xEE, 0x08, 0x80, 0xFF, 0x20, 0x2C, 0x68, 0x00, 0x46, 0x02, 0x00, 0x00, 0x00, 0x6C, 0xD8, 
0x16, 0x00, 0x00, 0x1A, 0x3C, 0x00, 0xC5, 0xD3, 0x65, 0x03, 0xF3, 0x14, 0x1C, 0x00, 0xCB, 0xD1, 
0x1C, 0x73, 0xD0, 0x87, 0x1D, 0x00, 0xCB, 0xD1, 0x1D, 0x73, 0xD4, 0x87, 0x1E, 0x00, 0xCB, 0xD1, 
0x1E, 0x73, 0xD8, 0x87, 0x1F, 0x00, 0xCB, 0xD1, 0x1F, 0x73, 0xDC, 0x87, 0x3C, 0x00, 0xC5, 0xD3, 
0x66, 0x05, 0xF3, 0x14, 0x00, 0x10, 0x34, 0xE1, 0x0A, 0xEF, 0x08, 0x80, 0xFF, 0x20, 0x2C, 0x68, 
0x00, 0x46, 0x02, 0x00, 0x3C, 0x00, 0xC5, 0xD3, 0x67, 0x07, 0xF3, 0x14, 0x20, 0x00, 0xCB, 0xD1, 
0x20, 0x73, 0xD0, 0x87, 0x21, 0x00, 0xCB, 0xD1, 0x21, 0x73, 0xD4, 0x87, 0x22, 0x00, 0xCB, 0xD1, 
0x22, 0x73, 0xD8, 0x87, 0x23, 0x00, 0xCB, 0xD1, 0x23, 0x73, 0xDC, 0x87, 0x3C, 0x00, 0xC5, 0xD3, 
0x68, 0x09, 0xF3, 0x14, 0x80, 0x1A, 0x2C, 0x68, 0x00, 0x20, 0x6C, 0xD8, 0x16, 0x00, 0x00, 0x84, 
0x40, 0x20, 0x6C, 0xD8, 0x16, 0x00, 0x00, 0x85, 0x80, 0x20, 0x6C, 0xD8, 0x16, 0x00, 0x00, 0x86, 
0xC0, 0x20, 0x6C, 0xD8, 0x16, 0x00, 0x00, 0x87, 0x3C, 0x00, 0xC5, 0xD3, 0x69, 0x0B, 0xF3, 0x14, 
0x24, 0x00, 0xCB, 0xD1, 0x24, 0x73, 0xD0, 0x87, 0x25, 0x00, 0xCB, 0xD1, 0x25, 0x73, 0xD4, 0x87, 
0x26, 0x00, 0xCB, 0xD1, 0x26, 0x73, 0xD8, 0x87, 0x27, 0x00, 0xCB, 0xD1, 0x27, 0x73, 0xDC, 0x87, 
0x1C, 0x41, 0x38, 0x7E, 0xFF, 0x02, 0x2C, 0x7E, 0x07, 0x02, 0x00, 0x00, 0x3C, 0x00, 0x10, 0xD0, 
0x1C, 0x2D, 0x02, 0x00, 0x00, 0x00, 0x80, 0xBF, 0x1C, 0x00, 0x00, 0xD1, 0x1C, 0x01, 0xF1, 0x00, 
0x1D, 0x41, 0x3A, 0x7E, 0xFF, 0x02, 0x2C, 0x7E, 0x07, 0x02, 0x00, 0x00, 0x3C, 0x00, 0x10, 0xD0, 
0x1D, 0x2D, 0x02, 0x00, 0x00, 0x00, 0x80, 0xBF, 0x1D, 0x00, 0x00, 0xD1, 0x1D, 0x01, 0xF1, 0x00, 
0x3C, 0x00, 0xC5, 0xD3, 0x6A, 0x0D, 0xF3, 0x14, 0x80, 0x1A, 0x2C, 0x68, 0x00, 0x24, 0x6C, 0xD8, 
0x16, 0x00, 0x00, 0x88, 0x40, 0x24, 0x6C, 0xD8, 0x16, 0x00, 0x00, 0x89, 0x80, 0x24, 0x6C, 0xD8, 
0x16, 0x00, 0x00, 0x8A, 0xC0, 0x24, 0x6C, 0xD8, 0x16, 0x00, 0x00, 0x8B, 0x3C, 0x00, 0xC5, 0xD3, 
0x6B, 0x0F, 0xF3, 0x14, 0x28, 0x00, 0xCB, 0xD1, 0x28, 0x73, 0xD0, 0x87, 0x29, 0x00, 0xCB, 0xD1, 
0x29, 0x73, 0xD4, 0x87, 0x2A, 0x00, 0xCB, 0xD1, 0x2A, 0x73, 0xD8, 0x87, 0x2B, 0x00, 0xCB, 0xD1, 
0x2B, 0x73, 0xDC, 0x87, 0x1E, 0x41, 0x3C, 0x7E, 0xFF, 0x02, 0x2C, 0x7E, 0x07, 0x02, 0x00, 0x00, 
0x3C, 0x00, 0x10, 0xD0, 0x1E, 0x2D, 0x02, 0x00, 0x00, 0x00, 0x80, 0xBF, 0x1E, 0x00, 0x00, 0xD1, 
0x1E, 0x01, 0xF1, 0x00, 0x1F, 0x41, 0x3E, 0x7E, 0xFF, 0x02, 0x2C, 0x7E, 0x07, 0x02, 0x00, 0x00, 
0x3C, 0x00, 0x10, 0xD0, 0x1F, 0x2D, 0x02, 0x00, 0x00, 0x00, 0x80, 0xBF, 0x1F, 0x00, 0x00, 0xD1, 
0x1F, 0x01, 0xF1, 0x00, 0x3C, 0x00, 0xC5, 0xD3, 0x6C, 0x11, 0xF3, 0x14, 0x80, 0x1A, 0x2C, 0x68, 
0x00, 0x28, 0x6C, 0xD8, 0x16, 0x00, 0x00, 0x8C, 0x40, 0x28, 0x6C, 0xD8, 0x16, 0x00, 0x00, 0x8D, 
0x80, 0x28, 0x6C, 0xD8, 0x16, 0x00, 0x00, 0x8E, 0xC0, 0x28, 0x6C, 0xD8, 0x16, 0x00, 0x00, 0x8F, 
0x3C, 0x00, 0xC5, 0xD3, 0x6D, 0x13, 0xF3, 0x14, 0x20, 0x41, 0x40, 0x7E, 0xFF, 0x02, 0x2C, 0x7E, 
0x07, 0x02, 0x00, 0x00, 0x3C, 0x00, 0x10, 0xD0, 0x20, 0x2D, 0x02, 0x00, 0x00, 0x00, 0x80, 0xBF, 
0x20, 0x00, 0x00, 0xD1, 0x20, 0x01, 0xF1, 0x00, 0x21, 0x41, 0x42, 0x7E, 0xFF, 0x02, 0x2C, 0x7E, 
0x07, 0x02, 0x00, 0x00, 0x3C, 0x00, 0x10, 0xD0, 0x21, 0x2D, 0x02, 0x00, 0x00, 0x00, 0x80, 0xBF, 
0x21, 0x00, 0x00, 0xD1, 0x21, 0x01, 0xF1, 0x00, 0x3C, 0x00, 0xC5, 0xD3, 0x6E, 0x15, 0xF3, 0x14, 
0x80, 0x1A, 0x2C, 0x68, 0x00, 0x2C, 0x6C, 0xD8, 0x16, 0x00, 0x00, 0x90, 0x40, 0x2C, 0x6C, 0xD8, 
0x16, 0x00, 0x00, 0x91, 0x80, 0x2C, 0x6C, 0xD8, 0x16, 0x00, 0x00, 0x92, 0xC0, 0x2C, 0x6C, 0xD8, 
0x16, 0x00, 0x00, 0x93, 0x3C, 0x00, 0xC5, 0xD3, 0x6F, 0x17, 0xF3, 0x14, 0x22, 0x41, 0x44, 0x7E, 
0xFF, 0x02, 0x2C, 0x7E, 0x07, 0x02, 0x00, 0x00, 0x3C, 0x00, 0x10, 0xD0, 0x22, 0x2D, 0x02, 0x00, 
0x00, 0x00, 0x80, 0xBF, 0x22, 0x00, 0x00, 0xD1, 0x22, 0x01, 0xF1, 0x00, 0x23, 0x41, 0x46, 0x7E, 
0xFF, 0x02, 0x2C, 0x7E, 0x07, 0x02, 0x00, 0x00, 0x3C, 0x00, 0x10, 0xD0, 0x23, 0x2D, 0x02, 0x00, 
0x00, 0x00, 0x80, 0xBF, 0x23, 0x00, 0x00, 0xD1, 0x23, 0x01, 0xF1, 0x00, 0x3C, 0x00, 0xC5, 0xD3, 
0x70, 0x19, 0xF3, 0x14, 0x80, 0x1A, 0x2C, 0x68, 0x00, 0x30, 0x6C, 0xD8, 0x16, 0x00, 0x00, 0x94, 
0x40, 0x30, 0x6C, 0xD8, 0x16, 0x00, 0x00, 0x95, 0x80, 0x30, 0x6C, 0xD8, 0x16, 0x00, 0x00, 0x96, 
0xC0, 0x30, 0x6C, 0xD8, 0x16, 0x00, 0x00, 0x97, 0x3C, 0x00, 0xC5, 0xD3, 0x71, 0x1B, 0xF3, 0x14, 
0x24, 0x41, 0x48, 0x7E, 0xFF, 0x02, 0x2C, 0x7E, 0x07, 0x02, 0x00, 0x00, 0x3C, 0x00, 0x10, 0xD0, 
0x24, 0x2D, 0x02, 0x00, 0x00, 0x00, 0x80, 0xBF, 0x24, 0x00, 0x00, 0xD1, 0x24, 0x01, 0xF1, 0x00, 
0x25, 0x41, 0x4A, 0x7E, 0xFF, 0x02, 0x2C, 0x7E, 0x07, 0x02, 0x00, 0x00, 0x3C, 0x00, 0x10, 0xD0, 
0x25, 0x2D, 0x02, 0x00, 0x00, 0x00, 0x80, 0xBF, 0x25, 0x00, 0x00, 0xD1, 0x25, 0x01, 0xF1, 0x00, 
0x3C, 0x00, 0xC5, 0xD3, 0x72, 0x1D, 0xF3, 0x14, 0x80, 0x1A, 0x2C, 0x68, 0x00, 0x34, 0x6C, 0xD8, 
0x16, 0x00, 0x00, 0x98, 0x40, 0x34, 0x6C, 0xD8, 0x16, 0x00, 0x00, 0x99, 0x80, 0x34, 0x6C, 0xD8, 
0x16, 0x00, 0x00, 0x9A, 0xC0, 0x34, 0x6C, 0xD8, 0x16, 0x00, 0x00, 0x9B, 0x3C, 0x00, 0xC5, 0xD3, 
0x73, 0x1F, 0xF3, 0x14, 0x26, 0x41, 0x4C, 0x7E, 0xFF, 0x02, 0x2C, 0x7E, 0x07, 0x02, 0x00, 0x00, 
0x3C, 0x00, 0x10, 0xD0, 0x26, 0x2D, 0x02, 0x00, 0x00, 0x00, 0x80, 0xBF, 0x26, 0x00, 0x00, 0xD1, 
0x26, 0x01, 0xF1, 0x00, 0x27, 0x41, 0x4E, 0x7E, 0xFF, 0x02, 0x2C, 0x7E, 0x07, 0x02, 0x00, 0x00, 
0x3C, 0x00, 0x10, 0xD0, 0x27, 0x2D, 0x02, 0x00, 0x00, 0x00, 0x80, 0xBF, 0x27, 0x00, 0x00, 0xD1, 
0x27, 0x01, 0xF1, 0x00, 0x3C, 0x00, 0xC5, 0xD3, 0x74, 0x21, 0xF3, 0x14, 0x80, 0x1A, 0x2C, 0x68, 
0x00, 0x38, 0x6C, 0xD8, 0x16, 0x00, 0x00, 0x9C, 0x40, 0x38, 0x6C, 0xD8, 0x16, 0x00, 0x00, 0x9D, 
0x80, 0x38, 0x6C, 0xD8, 0x16, 0x00, 0x00, 0x9E, 0xC0, 0x38, 0x6C, 0xD8, 0x16, 0x00, 0x00, 0x9F, 
0x3C, 0x00, 0xC5, 0xD3, 0x75, 0x23, 0xF3, 0x14, 0x28, 0x41, 0x50, 0x7E, 0xFF, 0x02, 0x2C, 0x7E, 
0x07, 0x02, 0x00, 0x00, 0x3C, 0x00, 0x10, 0xD0, 0x28, 0x2D, 0x02, 0x00, 0x00, 0x00, 0x80, 0xBF, 
0x28, 0x00, 0x00, 0xD1, 0x28, 0x01, 0xF1, 0x00, 0x29, 0x41, 0x52, 0x7E, 0xFF, 0x02, 0x2C, 0x7E, 
0x07, 0x02, 0x00, 0x00, 0x3C, 0x00, 0x10, 0xD0, 0x29, 0x2D, 0x02, 0x00, 0x00, 0x00, 0x80, 0xBF, 
0x29, 0x00, 0x00, 0xD1, 0x29, 0x01, 0xF1, 0x00, 0x3C, 0x00, 0xC5, 0xD3, 0x76, 0x25, 0xF3, 0x14, 
0x80, 0x1A, 0x2C, 0x68, 0x00, 0x3C, 0x6C, 0xD8, 0x16, 0x00, 0x00, 0xA0, 0x40, 0x3C, 0x6C, 0xD8, 
0x16, 0x00, 0x00, 0xA1, 0x80, 0x3C, 0x6C, 0xD8, 0x16, 0x00, 0x00, 0xA2, 0xC0, 0x3C, 0x6C, 0xD8, 
0x16, 0x00, 0x00, 0xA3, 0x3C, 0x00, 0xC5, 0xD3, 0x77, 0x27, 0xF3, 0x14, 0x2A, 0x41, 0x54, 0x7E, 
0xFF, 0x02, 0x2C, 0x7E, 0x07, 0x02, 0x00, 0x00, 0x3C, 0x00, 0x10, 0xD0, 0x2A, 0x2D, 0x02, 0x00, 
0x00, 0x00, 0x80, 0xBF, 0x2A, 0x00, 0x00, 0xD1, 0x2A, 0x01, 0xF1, 0x00, 0x2B, 0x41, 0x56, 0x7E, 
0xFF, 0x02, 0x2C, 0x7E, 0x07, 0x02, 0x00, 0x00, 0x3C, 0x00, 0x10, 0xD0, 0x2B, 0x2D, 0x02, 0x00, 
0x00, 0x00, 0x80, 0xBF, 0x2B, 0x00, 0x00, 0xD1, 0x2B, 0x01, 0xF1, 0x00, 0x3C, 0x00, 0xC5, 0xD3, 
0x78, 0x29, 0xF3, 0x14, 0x3C, 0x00, 0xC5, 0xD3, 0x79, 0x2B, 0xF3, 0x14, 0x3C, 0x00, 0xC5, 0xD3, 
0x7A, 0x2D, 0xF3, 0x14, 0x3C, 0x00, 0xC5, 0xD3, 0x7B, 0x2F, 0xF3, 0x14, 0x3C, 0x00, 0xC5, 0xD3, 
0x7C, 0x31, 0xF3, 0x14, 0x3C, 0x00, 0xC5, 0xD3, 0x7D, 0x33, 0xF3, 0x14, 0x3C, 0x00, 0xC5, 0xD3, 
0x7E, 0x35, 0xF3, 0x14, 0x3C, 0x00, 0xC5, 0xD3, 0x7F, 0x37, 0xF3, 0x14, 0x3C, 0x00, 0xC5, 0xD3, 
0x80, 0x39, 0xF3, 0x14, 0x3C, 0x00, 0xC5, 0xD3, 0x81, 0x3B, 0xF3, 0x14, 0x3C, 0x00, 0xC5, 0xD3, 
0x82, 0x3D, 0xF3, 0x14, 0x3C, 0x00, 0xC5, 0xD3, 0x83, 0x3F, 0xF3, 0x14, 0x40, 0x00, 0xC5, 0xD3, 
0x64, 0x21, 0x03, 0x12, 0x40, 0x00, 0xC5, 0xD3, 0x65, 0x23, 0x03, 0x15, 0x40, 0x00, 0xC5, 0xD3, 
0x66, 0x25, 0x03, 0x15, 0x40, 0x00, 0xC5, 0xD3, 0x67, 0x27, 0x03, 0x15, 0x40, 0x00, 0xC5, 0xD3, 
0x68, 0x29, 0x03, 0x15, 0x40, 0x00, 0xC5, 0xD3, 0x69, 0x2B, 0x03, 0x15, 0x40, 0x00, 0xC5, 0xD3, 
0x6A, 0x2D, 0x03, 0x15, 0x40, 0x00, 0xC5, 0xD3, 0x6B, 0x2F, 0x03, 0x15, 0x40, 0x00, 0xC5, 0xD3, 
0x6C, 0x31, 0x03, 0x15, 0x40, 0x00, 0xC5, 0xD3, 0x6D, 0x33, 0x03, 0x15, 0x40, 0x00, 0xC5, 0xD3, 
0x6E, 0x35, 0x03, 0x15, 0x40, 0x00, 0xC5, 0xD3, 0x6F, 0x37, 0x03, 0x15, 0x40, 0x00, 0xC5, 0xD3, 
0x70, 0x39, 0x03, 0x15, 0x40, 0x00, 0xC5, 0xD3, 0x71, 0x3B, 0x03, 0x15, 0x40, 0x00, 0xC5, 0xD3, 
0x72, 0x3D, 0x03, 0x15, 0x40, 0x00, 0xC5, 0xD3, 0x73, 0x3F, 0x03, 0x15, 0x40, 0x00, 0xC5, 0xD3, 
0x74, 0x41, 0x03, 0x15, 0x40, 0x00, 0xC5, 0xD3, 0x75, 0x43, 0x03, 0x15, 0x40, 0x00, 0xC5, 0xD3, 
0x76, 0x45, 0x03, 0x15, 0x40, 0x00, 0xC5, 0xD3, 0x77, 0x47, 0x03, 0x15, 0x40, 0x00, 0xC5, 0xD3, 
0x78, 0x49, 0x03, 0x15, 0x40, 0x00, 0xC5, 0xD3, 0x79, 0x4B, 0x03, 0x15, 0x40, 0x00, 0xC5, 0xD3, 
0x7A, 0x4D, 0x03, 0x15, 0x40, 0x00, 0xC5, 0xD3, 0x7B, 0x4F, 0x03, 0x15, 0x40, 0x00, 0xC5, 0xD3, 
0x7C, 0x51, 0x03, 0x15, 0x40, 0x00, 0xC5, 0xD3, 0x7D, 0x53, 0x03, 0x15, 0x40, 0x00, 0xC5, 0xD3, 
0x7E, 0x55, 0x03, 0x15, 0x40, 0x00, 0xC5, 0xD3, 0x7F, 0x57, 0x03, 0x15, 0x40, 0x00, 0xC5, 0xD3, 
0x80, 0x59, 0x03, 0x15, 0x40, 0x00, 0xC5, 0xD3, 0x81, 0x5B, 0x03, 0x15, 0x40, 0x00, 0xC5, 0xD3, 
0x82, 0x5D, 0x03, 0x15, 0x40, 0x00, 0xC5, 0xD3, 0x83, 0x5F, 0x03, 0x15, 0x7F, 0xCF, 0x8C, 0xBF, 
0x7A, 0x0F, 0x8C, 0xBF, 0x00, 0x00, 0x8A, 0xBF, 0xA4, 0x00, 0xC5, 0xD3, 0x44, 0x39, 0x92, 0x06, 
0xFF, 0x20, 0x2C, 0x68, 0x00, 0x24, 0x01, 0x00, 0x00, 0x00, 0x6C, 0xD8, 0x16, 0x00, 0x00, 0xF4, 
0x40, 0x10, 0x34, 0xE1, 0x07, 0xF0, 0x08, 0x80, 0xA4, 0x00, 0xC5, 0xD3, 0x45, 0x3B, 0x92, 0x06, 
0xFA, 0x78, 0x78, 0x06, 0x1A, 0x00, 0x00, 0xFF, 0xFA, 0x7A, 0x7A, 0x06, 0x1A, 0x55, 0x00, 0xFF, 
0xFA, 0x7C, 0x7C, 0x06, 0x1A, 0xAA, 0x00, 0xFF, 0xFA, 0x7E, 0x7E, 0x06, 0x1A, 0xFF, 0x00, 0xFF, 
0x1C, 0x79, 0x78, 0x0A, 0x1D, 0x7B, 0x7A, 0x0A, 0x1E, 0x7D, 0x7C, 0x0A, 0x1F, 0x7F, 0x7E, 0x0A, 
0xA4, 0x00, 0xC5, 0xD3, 0x46, 0x3D, 0x92, 0x06, 0xFF, 0x20, 0x2C, 0x68, 0x00, 0x24, 0x01, 0x00, 
0x40, 0x10, 0x34, 0xE1, 0x08, 0xF1, 0x08, 0x80, 0xA4, 0x00, 0xC5, 0xD3, 0x47, 0x3F, 0x92, 0x06, 
0xFA, 0x80, 0x80, 0x06, 0x1A, 0x00, 0x00, 0xFF, 0xFA, 0x82, 0x82, 0x06, 0x1A, 0x55, 0x00, 0xFF, 
0xFA, 0x84, 0x84, 0x06, 0x1A, 0xAA, 0x00, 0xFF, 0xFA, 0x86, 0x86, 0x06, 0x1A, 0xFF, 0x00, 0xFF, 
0x20, 0x81, 0x80, 0x0A, 0x21, 0x83, 0x82, 0x0A, 0x22, 0x85, 0x84, 0x0A, 0x23, 0x87, 0x86, 0x0A, 
0xA8, 0x00, 0xC5, 0xD3, 0x48, 0x39, 0xA2, 0x06, 0xFF, 0x20, 0x2C, 0x68, 0x00, 0x24, 0x01, 0x00, 
0x40, 0x10, 0x34, 0xE1, 0x09, 0xF2, 0x08, 0x80, 0xA8, 0x00, 0xC5, 0xD3, 0x49, 0x3B, 0xA2, 0x06, 
0xFA, 0x88, 0x88, 0x06, 0x1A, 0x00, 0x00, 0xFF, 0xFA, 0x8A, 0x8A, 0x06, 0x1A, 0x55, 0x00, 0xFF, 
0xFA, 0x8C, 0x8C, 0x06, 0x1A, 0xAA, 0x00, 0xFF, 0xFA, 0x8E, 0x8E, 0x06, 0x1A, 0xFF, 0x00, 0xFF, 
0x24, 0x89, 0x88, 0x0A, 0x25, 0x8B, 0x8A, 0x0A, 0x26, 0x8D, 0x8C, 0x0A, 0x27, 0x8F, 0x8E, 0x0A, 
0xA8, 0x00, 0xC5, 0xD3, 0x4A, 0x3D, 0xA2, 0x06, 0xFF, 0x20, 0x2C, 0x68, 0x00, 0x24, 0x01, 0x00, 
0x40, 0x10, 0x34, 0xE1, 0x0A, 0xF3, 0x08, 0x80, 0xA8, 0x00, 0xC5, 0xD3, 0x4B, 0x3F, 0xA2, 0x06, 
0xFA, 0x90, 0x90, 0x06, 0x1A, 0x00, 0x00, 0xFF, 0xFA, 0x92, 0x92, 0x06, 0x1A, 0x55, 0x00, 0xFF, 
0xFA, 0x94, 0x94, 0x06, 0x1A, 0xAA, 0x00, 0xFF, 0xFA, 0x96, 0x96, 0x06, 0x1A, 0xFF, 0x00, 0xFF, 
0x28, 0x91, 0x90, 0x0A, 0x29, 0x93, 0x92, 0x0A, 0x2A, 0x95, 0x94, 0x0A, 0x2B, 0x97, 0x96, 0x0A, 
0xAC, 0x00, 0xC5, 0xD3, 0x4C, 0x39, 0xB2, 0x06, 0xFF, 0x1E, 0x2C, 0x68, 0x00, 0x26, 0x02, 0x00, 
0x00, 0x00, 0x1A, 0xD8, 0x16, 0x3C, 0x00, 0x00, 0x40, 0x00, 0x1A, 0xD8, 0x16, 0x3D, 0x00, 0x00, 
0x80, 0x00, 0x1A, 0xD8, 0x16, 0x3E, 0x00, 0x00, 0xC0, 0x00, 0x1A, 0xD8, 0x16, 0x3F, 0x00, 0x00, 
0xAC, 0x00, 0xC5, 0xD3, 0x4D, 0x3B, 0xB2, 0x06, 0xFF, 0x1E, 0x2C, 0x68, 0x00, 0x26, 0x02, 0x00, 
0x00, 0x10, 0x1A, 0xD8, 0x16, 0x40, 0x00, 0x00, 0x40, 0x10, 0x1A, 0xD8, 0x16, 0x41, 0x00, 0x00, 
0x80, 0x10, 0x1A, 0xD8, 0x16, 0x42, 0x00, 0x00, 0xC0, 0x10, 0x1A, 0xD8, 0x16, 0x43, 0x00, 0x00, 
0xAC, 0x00, 0xC5, 0xD3, 0x4E, 0x3D, 0xB2, 0x06, 0x7C, 0x0F, 0x8C, 0xBF, 0x00, 0x00, 0x8A, 0xBF, 
0xFF, 0x18, 0x2C, 0x68, 0x00, 0x60, 0x00, 0x00, 0x00, 0x40, 0xFE, 0xD9, 0x16, 0x00, 0x00, 0x64, 
0xAC, 0x00, 0xC5, 0xD3, 0x4F, 0x3F, 0xB2, 0x06, 0xFF, 0x18, 0x2C, 0x68, 0x00, 0x60, 0x00, 0x00, 
0x00, 0x44, 0xFE, 0xD9, 0x16, 0x00, 0x00, 0x68, 0xB0, 0x00, 0xC5, 0xD3, 0x50, 0x39, 0xC2, 0x06, 
0xFF, 0x18, 0x2C, 0x68, 0x00, 0x60, 0x00, 0x00, 0x00, 0x48, 0xFE, 0xD9, 0x16, 0x00, 0x00, 0x6C, 
0xB0, 0x00, 0xC5, 0xD3, 0x51, 0x3B, 0xC2, 0x06, 0xFF, 0x18, 0x2C, 0x68, 0x00, 0x60, 0x00, 0x00, 
0x00, 0x4C, 0xFE, 0xD9, 0x16, 0x00, 0x00, 0x70, 0xB0, 0x00, 0xC5, 0xD3, 0x52, 0x3D, 0xC2, 0x06, 
0xFF, 0x18, 0x2C, 0x68, 0x00, 0x60, 0x00, 0x00, 0x00, 0x50, 0xFE, 0xD9, 0x16, 0x00, 0x00, 0x74, 
0xB0, 0x00, 0xC5, 0xD3, 0x53, 0x3F, 0xC2, 0x06, 0xFF, 0x18, 0x2C, 0x68, 0x00, 0x60, 0x00, 0x00, 
0x00, 0x54, 0xFE, 0xD9, 0x16, 0x00, 0x00, 0x78, 0xB4, 0x00, 0xC5, 0xD3, 0x54, 0x39, 0xD2, 0x06, 
0xFF, 0x18, 0x2C, 0x68, 0x00, 0x60, 0x00, 0x00, 0x00, 0x58, 0xFE, 0xD9, 0x16, 0x00, 0x00, 0x7C, 
0xB4, 0x00, 0xC5, 0xD3, 0x55, 0x3B, 0xD2, 0x06, 0xFF, 0x18, 0x2C, 0x68, 0x00, 0x60, 0x00, 0x00, 
0x00, 0x5C, 0xFE, 0xD9, 0x16, 0x00, 0x00, 0x80, 0xB4, 0x00, 0xC5, 0xD3, 0x56, 0x3D, 0xD2, 0x06, 
0xFF, 0x18, 0x2C, 0x68, 0x00, 0x60, 0x00, 0x00, 0xB4, 0x00, 0xC5, 0xD3, 0x57, 0x3F, 0xD2, 0x06, 
0xFF, 0x18, 0x2C, 0x68, 0x00, 0x60, 0x00, 0x00, 0xB8, 0x00, 0xC5, 0xD3, 0x58, 0x39, 0xE2, 0x06, 
0xFF, 0x18, 0x2C, 0x68, 0x00, 0x60, 0x00, 0x00, 0xB8, 0x00, 0xC5, 0xD3, 0x59, 0x3B, 0xE2, 0x06, 
0xFF, 0x18, 0x2C, 0x68, 0x00, 0x60, 0x00, 0x00, 0xB8, 0x00, 0xC5, 0xD3, 0x5A, 0x3D, 0xE2, 0x06, 
0xFF, 0x18, 0x2C, 0x68, 0x00, 0x60, 0x00, 0x00, 0xB8, 0x00, 0xC5, 0xD3, 0x5B, 0x3F, 0xE2, 0x06, 
0xFF, 0x18, 0x2C, 0x68, 0x00, 0x60, 0x00, 0x00, 0xBC, 0x00, 0xC5, 0xD3, 0x5C, 0x39, 0xF2, 0x06, 
0xFF, 0x18, 0x2C, 0x68, 0x00, 0x60, 0x00, 0x00, 0xBC, 0x00, 0xC5, 0xD3, 0x5D, 0x3B, 0xF2, 0x06, 
0xFF, 0x18, 0x2C, 0x68, 0x00, 0x60, 0x00, 0x00, 0xBC, 0x00, 0xC5, 0xD3, 0x5E, 0x3D, 0xF2, 0x06, 
0xFF, 0x18, 0x2C, 0x68, 0x00, 0x60, 0x00, 0x00, 0xBC, 0x00, 0xC5, 0xD3, 0x5F, 0x3F, 0xF2, 0x06, 
0xFF, 0x18, 0x2C, 0x68, 0x00, 0x60, 0x00, 0x00, 0xC0, 0x00, 0xC5, 0xD3, 0x60, 0x39, 0x02, 0x07, 
0xFF, 0x18, 0x2C, 0x68, 0x00, 0x60, 0x00, 0x00, 0xC0, 0x00, 0xC5, 0xD3, 0x61, 0x3B, 0x02, 0x07, 
0xFF, 0x18, 0x2C, 0x68, 0x00, 0x60, 0x00, 0x00, 0xC0, 0x00, 0xC5, 0xD3, 0x62, 0x3D, 0x02, 0x07, 
0xFF, 0x18, 0x2C, 0x68, 0x00, 0x60, 0x00, 0x00, 0xC0, 0x00, 0xC5, 0xD3, 0x63, 0x3F, 0x02, 0x07, 
0xFF, 0x18, 0x2C, 0x68, 0x00, 0x60, 0x00, 0x00, 0xC4, 0x00, 0xC5, 0xD3, 0x44, 0x41, 0x12, 0x07, 
0xFF, 0x18, 0x2C, 0x68, 0x00, 0x60, 0x00, 0x00, 0xC4, 0x00, 0xC5, 0xD3, 0x45, 0x43, 0x12, 0x07, 
0xFF, 0x18, 0x2C, 0x68, 0x00, 0x60, 0x00, 0x00, 0xC4, 0x00, 0xC5, 0xD3, 0x46, 0x45, 0x12, 0x07, 
0xFF, 0x18, 0x2C, 0x68, 0x00, 0x60, 0x00, 0x00, 0xC4, 0x00, 0xC5, 0xD3, 0x47, 0x47, 0x12, 0x07, 
0xFF, 0x18, 0x2C, 0x68, 0x00, 0x60, 0x00, 0x00, 0xC8, 0x00, 0xC5, 0xD3, 0x48, 0x41, 0x22, 0x07, 
0xFF, 0x18, 0x2C, 0x68, 0x00, 0x60, 0x00, 0x00, 0xC8, 0x00, 0xC5, 0xD3, 0x49, 0x43, 0x22, 0x07, 
0xFF, 0x18, 0x2C, 0x68, 0x00, 0x60, 0x00, 0x00, 0xC8, 0x00, 0xC5, 0xD3, 0x4A, 0x45, 0x22, 0x07, 
0xFF, 0x18, 0x2C, 0x68, 0x00, 0x60, 0x00, 0x00, 0xC8, 0x00, 0xC5, 0xD3, 0x4B, 0x47, 0x22, 0x07, 
0xFF, 0x18, 0x2C, 0x68, 0x00, 0x60, 0x00, 0x00, 0xCC, 0x00, 0xC5, 0xD3, 0x4C, 0x41, 0x32, 0x07, 
0xFF, 0x18, 0x2C, 0x68, 0x00, 0x60, 0x00, 0x00, 0xCC, 0x00, 0xC5, 0xD3, 0x4D, 0x43, 0x32, 0x07, 
0xFF, 0x18, 0x2C, 0x68, 0x00, 0x60, 0x00, 0x00, 0xCC, 0x00, 0xC5, 0xD3, 0x4E, 0x45, 0x32, 0x07, 
0xFF, 0x18, 0x2C, 0x68, 0x00, 0x60, 0x00, 0x00, 0xCC, 0x00, 0xC5, 0xD3, 0x4F, 0x47, 0x32, 0x07, 
0xFF, 0x18, 0x2C, 0x68, 0x00, 0x60, 0x00, 0x00, 0xD0, 0x00, 0xC5, 0xD3, 0x50, 0x41, 0x42, 0x07, 
0xFF, 0x18, 0x2C, 0x68, 0x00, 0x60, 0x00, 0x00, 0xD0, 0x00, 0xC5, 0xD3, 0x51, 0x43, 0x42, 0x07, 
0xFF, 0x18, 0x2C, 0x68, 0x00, 0x60, 0x00, 0x00, 0xD0, 0x00, 0xC5, 0xD3, 0x52, 0x45, 0x42, 0x07, 
0xFF, 0x18, 0x2C, 0x68, 0x00, 0x60, 0x00, 0x00, 0xD0, 0x00, 0xC5, 0xD3, 0x53, 0x47, 0x42, 0x07, 
0xFF, 0x18, 0x2C, 0x68, 0x00, 0x60, 0x00, 0x00, 0xD4, 0x00, 0xC5, 0xD3, 0x54, 0x41, 0x52, 0x07, 
0xFF, 0x18, 0x2C, 0x68, 0x00, 0x60, 0x00, 0x00, 0xD4, 0x00, 0xC5, 0xD3, 0x55, 0x43, 0x52, 0x07, 
0xFF, 0x18, 0x2C, 0x68, 0x00, 0x60, 0x00, 0x00, 0xD4, 0x00, 0xC5, 0xD3, 0x56, 0x45, 0x52, 0x07, 
0xFF, 0x18, 0x2C, 0x68, 0x00, 0x60, 0x00, 0x00, 0xD4, 0x00, 0xC5, 0xD3, 0x57, 0x47, 0x52, 0x07, 
0xFF, 0x18, 0x2C, 0x68, 0x00, 0x60, 0x00, 0x00, 0xD8, 0x00, 0xC5, 0xD3, 0x58, 0x41, 0x62, 0x07, 
0xFF, 0x18, 0x2C, 0x68, 0x00, 0x60, 0x00, 0x00, 0xD8, 0x00, 0xC5, 0xD3, 0x59, 0x43, 0x62, 0x07, 
0xFF, 0x18, 0x2C, 0x68, 0x00, 0x60, 0x00, 0x00, 0xD8, 0x00, 0xC5, 0xD3, 0x5A, 0x45, 0x62, 0x07, 
0xFF, 0x18, 0x2C, 0x68, 0x00, 0x60, 0x00, 0x00, 0xD8, 0x00, 0xC5, 0xD3, 0x5B, 0x47, 0x62, 0x07, 
0xFF, 0x18, 0x2C, 0x68, 0x00, 0x60, 0x00, 0x00, 0xDC, 0x00, 0xC5, 0xD3, 0x5C, 0x41, 0x72, 0x07, 
0xFF, 0x18, 0x2C, 0x68, 0x00, 0x60, 0x00, 0x00, 0xDC, 0x00, 0xC5, 0xD3, 0x5D, 0x43, 0x72, 0x07, 
0xFF, 0x18, 0x2C, 0x68, 0x00, 0x60, 0x00, 0x00, 0xDC, 0x00, 0xC5, 0xD3, 0x5E, 0x45, 0x72, 0x07, 
0xFF, 0x18, 0x2C, 0x68, 0x00, 0x60, 0x00, 0x00, 0xDC, 0x00, 0xC5, 0xD3, 0x5F, 0x47, 0x72, 0x07, 
0xFF, 0x18, 0x2C, 0x68, 0x00, 0x60, 0x00, 0x00, 0xE0, 0x00, 0xC5, 0xD3, 0x60, 0x41, 0x82, 0x07, 
0xFF, 0x18, 0x2C, 0x68, 0x00, 0x60, 0x00, 0x00, 0xE0, 0x00, 0xC5, 0xD3, 0x61, 0x43, 0x82, 0x07, 
0xFF, 0x18, 0x2C, 0x68, 0x00, 0x60, 0x00, 0x00, 0xE0, 0x00, 0xC5, 0xD3, 0x62, 0x45, 0x82, 0x07, 
0xFF, 0x18, 0x2C, 0x68, 0x00, 0x60, 0x00, 0x00, 0xE0, 0x00, 0xC5, 0xD3, 0x63, 0x47, 0x82, 0x07, 
0xFF, 0x18, 0x2C, 0x68, 0x00, 0x60, 0x00, 0x00, 0x7F, 0xC8, 0x8C, 0xBF, 0x00, 0x00, 0x8A, 0xBF, 
0xC0, 0x80, 0xC5, 0xD3, 0x84, 0x79, 0x02, 0x07, 0xFF, 0x1C, 0x2C, 0x68, 0x00, 0x26, 0x02, 0x00, 
0x00, 0x00, 0xFE, 0xD9, 0x16, 0x00, 0x00, 0x1C, 0x00, 0x04, 0xFE, 0xD9, 0x16, 0x00, 0x00, 0x20, 
0xC0, 0x80, 0xC5, 0xD3, 0x84, 0x79, 0x02, 0x07, 0x30, 0xE8, 0xE9, 0x0B, 0xFA, 0x02, 0xEE, 0x7F, 
0xF4, 0xFF, 0x00, 0xFF, 0xC0, 0x80, 0xC5, 0xD3, 0x84, 0x79, 0x02, 0x07, 0xFF, 0x1C, 0x2C, 0x68, 
0x00, 0x26, 0x02, 0x00, 0x00, 0x08, 0xFE, 0xD9, 0x16, 0x00, 0x00, 0x24, 0x00, 0x0C, 0xFE, 0xD9, 
0x16, 0x00, 0x00, 0x28, 0xC0, 0x80, 0xC5, 0xD3, 0x84, 0x79, 0x02, 0x07, 0xFA, 0x02, 0xEC, 0x7F, 
0xF4, 0xAA, 0x00, 0xFF, 0xC4, 0x80, 0xC5, 0xD3, 0x85, 0x79, 0x12, 0x07, 0xFF, 0x1C, 0x2C, 0x68, 
0x00, 0x26, 0x02, 0x00, 0x00, 0x10, 0xFE, 0xD9, 0x16, 0x00, 0x00, 0x2C, 0x00, 0x14, 0xFE, 0xD9, 
0x16, 0x00, 0x00, 0x30, 0xC4, 0x80, 0xC5, 0xD3, 0x85, 0x79, 0x12, 0x07, 0xFA, 0x02, 0xEA, 0x7F, 
0xF4, 0x55, 0x00, 0xFF, 0xC4, 0x80, 0xC5, 0xD3, 0x85, 0x79, 0x12, 0x07, 0xFF, 0x1C, 0x2C, 0x68, 
0x00, 0x26, 0x02, 0x00, 0x00, 0x18, 0xFE, 0xD9, 0x16, 0x00, 0x00, 0x34, 0x00, 0x1C, 0xFE, 0xD9, 
0x16, 0x00, 0x00, 0x38, 0xC4, 0x80, 0xC5, 0xD3, 0x85, 0x79, 0x12, 0x07, 0xFA, 0x02, 0xE8, 0x7F, 
0xF4, 0x00, 0x00, 0xFF, 0xC8, 0x80, 0xC5, 0xD3, 0x86, 0x79, 0x22, 0x07, 0x7A, 0x0F, 0x8C, 0xBF, 
0x00, 0x00, 0x8A, 0xBF, 0xFF, 0x18, 0x2C, 0x68, 0x00, 0xC0, 0x00, 0x00, 0x00, 0x40, 0xFE, 0xD9, 
0x16, 0x00, 0x00, 0x64, 0xC8, 0x80, 0xC5, 0xD3, 0x86, 0x79, 0x22, 0x07, 0xFF, 0x18, 0x2C, 0x68, 
0x00, 0xC0, 0x00, 0x00, 0x00, 0x44, 0xFE, 0xD9, 0x16, 0x00, 0x00, 0x68, 0xC8, 0x80, 0xC5, 0xD3, 
0x86, 0x79, 0x22, 0x07, 0xFF, 0x18, 0x2C, 0x68, 0x00, 0xC0, 0x00, 0x00, 0x00, 0x48, 0xFE, 0xD9, 
0x16, 0x00, 0x00, 0x6C, 0xC8, 0x80, 0xC5, 0xD3, 0x86, 0x79, 0x22, 0x07, 0xFF, 0x18, 0x2C, 0x68, 
0x00, 0xC0, 0x00, 0x00, 0x00, 0x4C, 0xFE, 0xD9, 0x16, 0x00, 0x00, 0x70, 0xCC, 0x80, 0xC5, 0xD3, 
0x87, 0x79, 0x32, 0x07, 0xFF, 0x18, 0x2C, 0x68, 0x00, 0xC0, 0x00, 0x00, 0x00, 0x50, 0xFE, 0xD9, 
0x16, 0x00, 0x00, 0x74, 0xCC, 0x80, 0xC5, 0xD3, 0x87, 0x79, 0x32, 0x07, 0xFF, 0x18, 0x2C, 0x68, 
0x00, 0xC0, 0x00, 0x00, 0x00, 0x54, 0xFE, 0xD9, 0x16, 0x00, 0x00, 0x78, 0xCC, 0x80, 0xC5, 0xD3, 
0x87, 0x79, 0x32, 0x07, 0xFF, 0x18, 0x2C, 0x68, 0x00, 0xC0, 0x00, 0x00, 0x00, 0x58, 0xFE, 0xD9, 
0x16, 0x00, 0x00, 0x7C, 0xCC, 0x80, 0xC5, 0xD3, 0x87, 0x79, 0x32, 0x07, 0xFF, 0x18, 0x2C, 0x68, 
0x00, 0xC0, 0x00, 0x00, 0x00, 0x5C, 0xFE, 0xD9, 0x16, 0x00, 0x00, 0x80, 0xD0, 0x80, 0xC5, 0xD3, 
0x88, 0x79, 0x42, 0x07, 0xFF, 0x18, 0x2C, 0x68, 0x00, 0xC0, 0x00, 0x00, 0xD0, 0x80, 0xC5, 0xD3, 
0x88, 0x79, 0x42, 0x07, 0xFF, 0x18, 0x2C, 0x68, 0x00, 0xC0, 0x00, 0x00, 0xD0, 0x80, 0xC5, 0xD3, 
0x88, 0x79, 0x42, 0x07, 0xFF, 0x18, 0x2C, 0x68, 0x00, 0xC0, 0x00, 0x00, 0xD0, 0x80, 0xC5, 0xD3, 
0x88, 0x79, 0x42, 0x07, 0xFF, 0x18, 0x2C, 0x68, 0x00, 0xC0, 0x00, 0x00, 0xD4, 0x80, 0xC5, 0xD3, 
0x89, 0x79, 0x52, 0x07, 0xFF, 0x18, 0x2C, 0x68, 0x00, 0xC0, 0x00, 0x00, 0xD4, 0x80, 0xC5, 0xD3, 
0x89, 0x79, 0x52, 0x07, 0xFF, 0x18, 0x2C, 0x68, 0x00, 0xC0, 0x00, 0x00, 0xD4, 0x80, 0xC5, 0xD3, 
0x89, 0x79, 0x52, 0x07, 0xFF, 0x18, 0x2C, 0x68, 0x00, 0xC0, 0x00, 0x00, 0xD4, 0x80, 0xC5, 0xD3, 
0x89, 0x79, 0x52, 0x07, 0xFF, 0x18, 0x2C, 0x68, 0x00, 0xC0, 0x00, 0x00, 0xD8, 0x80, 0xC5, 0xD3, 
0x8A, 0x79, 0x62, 0x07, 0xFF, 0x18, 0x2C, 0x68, 0x00, 0xC0, 0x00, 0x00, 0xD8, 0x80, 0xC5, 0xD3, 
0x8A, 0x79, 0x62, 0x07, 0xFF, 0x18, 0x2C, 0x68, 0x00, 0xC0, 0x00, 0x00, 0xD8, 0x80, 0xC5, 0xD3, 
0x8A, 0x79, 0x62, 0x07, 0xFF, 0x18, 0x2C, 0x68, 0x00, 0xC0, 0x00, 0x00, 0xD8, 0x80, 0xC5, 0xD3, 
0x8A, 0x79, 0x62, 0x07, 0xFF, 0x18, 0x2C, 0x68, 0x00, 0xC0, 0x00, 0x00, 0xDC, 0x80, 0xC5, 0xD3, 
0x8B, 0x79, 0x72, 0x07, 0xFF, 0x18, 0x2C, 0x68, 0x00, 0xC0, 0x00, 0x00, 0xDC, 0x80, 0xC5, 0xD3, 
0x8B, 0x79, 0x72, 0x07, 0xFF, 0x18, 0x2C, 0x68, 0x00, 0xC0, 0x00, 0x00, 0xDC, 0x80, 0xC5, 0xD3, 
0x8B, 0x79, 0x72, 0x07, 0xFF, 0x18, 0x2C, 0x68, 0x00, 0xC0, 0x00, 0x00, 0xDC, 0x80, 0xC5, 0xD3, 
0x8B, 0x79, 0x72, 0x07, 0xFF, 0x18, 0x2C, 0x68, 0x00, 0xC0, 0x00, 0x00, 0xE0, 0x80, 0xC5, 0xD3, 
0x84, 0x7B, 0x82, 0x07, 0xFF, 0x18, 0x2C, 0x68, 0x00, 0xC0, 0x00, 0x00, 0xE0, 0x80, 0xC5, 0xD3, 
0x84, 0x7B, 0x82, 0x07, 0xFF, 0x18, 0x2C, 0x68, 0x00, 0xC0, 0x00, 0x00, 0xE0, 0x80, 0xC5, 0xD3, 
0x84, 0x7B, 0x82, 0x07, 0xFF, 0x18, 0x2C, 0x68, 0x00, 0xC0, 0x00, 0x00, 0xE0, 0x80, 0xC5, 0xD3, 
0x84, 0x7B, 0x82, 0x07, 0xFF, 0x18, 0x2C, 0x68, 0x00, 0xC0, 0x00, 0x00, 0xE4, 0x80, 0xC5, 0xD3, 
0x85, 0x7B, 0x92, 0x07, 0xFF, 0x18, 0x2C, 0x68, 0x00, 0xC0, 0x00, 0x00, 0xE4, 0x80, 0xC5, 0xD3, 
0x85, 0x7B, 0x92, 0x07, 0xFF, 0x18, 0x2C, 0x68, 0x00, 0xC0, 0x00, 0x00, 0xE4, 0x80, 0xC5, 0xD3, 
0x85, 0x7B, 0x92, 0x07, 0xFF, 0x18, 0x2C, 0x68, 0x00, 0xC0, 0x00, 0x00, 0xE4, 0x80, 0xC5, 0xD3, 
0x85, 0x7B, 0x92, 0x07, 0xFF, 0x18, 0x2C, 0x68, 0x00, 0xC0, 0x00, 0x00, 0xE8, 0x80, 0xC5, 0xD3, 
0x86, 0x7B, 0xA2, 0x07, 0xFF, 0x18, 0x2C, 0x68, 0x00, 0xC0, 0x00, 0x00, 0xE8, 0x80, 0xC5, 0xD3, 
0x86, 0x7B, 0xA2, 0x07, 0xFF, 0x18, 0x2C, 0x68, 0x00, 0xC0, 0x00, 0x00, 0xE8, 0x80, 0xC5, 0xD3, 
0x86, 0x7B, 0xA2, 0x07, 0xFF, 0x18, 0x2C, 0x68, 0x00, 0xC0, 0x00, 0x00, 0xE8, 0x80, 0xC5, 0xD3, 
0x86, 0x7B, 0xA2, 0x07, 0xFF, 0x18, 0x2C, 0x68, 0x00, 0xC0, 0x00, 0x00, 0xEC, 0x80, 0xC5, 0xD3, 
0x87, 0x7B, 0xB2, 0x07, 0xFF, 0x18, 0x2C, 0x68, 0x00, 0xC0, 0x00, 0x00, 0xEC, 0x80, 0xC5, 0xD3, 
0x87, 0x7B, 0xB2, 0x07, 0xFF, 0x18, 0x2C, 0x68, 0x00, 0xC0, 0x00, 0x00, 0xEC, 0x80, 0xC5, 0xD3, 
0x87, 0x7B, 0xB2, 0x07, 0xFF, 0x18, 0x2C, 0x68, 0x00, 0xC0, 0x00, 0x00, 0xEC, 0x80, 0xC5, 0xD3, 
0x87, 0x7B, 0xB2, 0x07, 0xFF, 0x18, 0x2C, 0x68, 0x00, 0xC0, 0x00, 0x00, 0xF0, 0x80, 0xC5, 0xD3, 
0x88, 0x7B, 0xC2, 0x07, 0xFF, 0x18, 0x2C, 0x68, 0x00, 0xC0, 0x00, 0x00, 0xF0, 0x80, 0xC5, 0xD3, 
0x88, 0x7B, 0xC2, 0x07, 0xFF, 0x18, 0x2C, 0x68, 0x00, 0xC0, 0x00, 0x00, 0xF0, 0x80, 0xC5, 0xD3, 
0x88, 0x7B, 0xC2, 0x07, 0xFF, 0x18, 0x2C, 0x68, 0x00, 0xC0, 0x00, 0x00, 0xF0, 0x80, 0xC5, 0xD3, 
0x88, 0x7B, 0xC2, 0x07, 0xFF, 0x18, 0x2C, 0x68, 0x00, 0xC0, 0x00, 0x00, 0xF4, 0x80, 0xC5, 0xD3, 
0x89, 0x7B, 0xD2, 0x07, 0xFF, 0x18, 0x2C, 0x68, 0x00, 0xC0, 0x00, 0x00, 0xF4, 0x80, 0xC5, 0xD3, 
0x89, 0x7B, 0xD2, 0x07, 0xFF, 0x18, 0x2C, 0x68, 0x00, 0xC0, 0x00, 0x00, 0xF4, 0x80, 0xC5, 0xD3, 
0x89, 0x7B, 0xD2, 0x07, 0xFF, 0x18, 0x2C, 0x68, 0x00, 0xC0, 0x00, 0x00, 0xF4, 0x80, 0xC5, 0xD3, 
0x89, 0x7B, 0xD2, 0x07, 0xFF, 0x18, 0x2C, 0x68, 0x00, 0xC0, 0x00, 0x00, 0xF8, 0x80, 0xC5, 0xD3, 
0x8A, 0x7B, 0xE2, 0x07, 0xFF, 0x18, 0x2C, 0x68, 0x00, 0xC0, 0x00, 0x00, 0xF8, 0x80, 0xC5, 0xD3, 
0x8A, 0x7B, 0xE2, 0x07, 0xFF, 0x18, 0x2C, 0x68, 0x00, 0xC0, 0x00, 0x00, 0xF8, 0x80, 0xC5, 0xD3, 
0x8A, 0x7B, 0xE2, 0x07, 0xFF, 0x18, 0x2C, 0x68, 0x00, 0xC0, 0x00, 0x00, 0xF8, 0x80, 0xC5, 0xD3, 
0x8A, 0x7B, 0xE2, 0x07, 0xFF, 0x18, 0x2C, 0x68, 0x00, 0xC0, 0x00, 0x00, 0xFC, 0x80, 0xC5, 0xD3, 
0x8B, 0x7B, 0xF2, 0x07, 0xFF, 0x18, 0x2C, 0x68, 0x00, 0xC0, 0x00, 0x00, 0xFC, 0x80, 0xC5, 0xD3, 
0x8B, 0x7B, 0xF2, 0x07, 0xFF, 0x18, 0x2C, 0x68, 0x00, 0xC0, 0x00, 0x00, 0xFC, 0x80, 0xC5, 0xD3, 
0x8B, 0x7B, 0xF2, 0x07, 0xFF, 0x18, 0x2C, 0x68, 0x00, 0xC0, 0x00, 0x00, 0xFC, 0x80, 0xC5, 0xD3, 
0x8B, 0x7B, 0xF2, 0x07, 0xFF, 0x18, 0x2C, 0x68, 0x00, 0xC0, 0x00, 0x00, 0x78, 0x02, 0x8C, 0xBF, 
0x00, 0x00, 0x8A, 0xBF, 0xE4, 0x00, 0xC5, 0xD3, 0x1C, 0x81, 0x02, 0x12, 0x4A, 0x00, 0xFC, 0xBE, 
0x00, 0x20, 0x51, 0xE0, 0x0B, 0x00, 0x06, 0x80, 0xE4, 0x00, 0xC5, 0xD3, 0x1D, 0x83, 0x92, 0x17, 
0x80, 0x18, 0x2C, 0x68, 0x00, 0x40, 0xFE, 0xD9, 0x16, 0x00, 0x00, 0x84, 0x00, 0x44, 0xFE, 0xD9, 
0x16, 0x00, 0x00, 0x88, 0xE4, 0x00, 0xC5, 0xD3, 0x1E, 0x85, 0x92, 0x17, 0x50, 0x00, 0xFC, 0xBE, 
0x00, 0x10, 0x5D, 0xE0, 0x03, 0x00, 0x05, 0x64, 0xFF, 0x7C, 0x7C, 0x80, 0x00, 0x10, 0x00, 0x00, 
0xE4, 0x00, 0xC5, 0xD3, 0x1F, 0x87, 0x92, 0x17, 0x80, 0x18, 0x2C, 0x68, 0x00, 0x48, 0xFE, 0xD9, 
0x16, 0x00, 0x00, 0x8C, 0x00, 0x4C, 0xFE, 0xD9, 0x16, 0x00, 0x00, 0x90, 0xE4, 0x00, 0xC5, 0xD3, 
0x20, 0x99, 0x92, 0x17, 0x50, 0x00, 0xFC, 0xBE, 0x00, 0x10, 0x5D, 0xE0, 0x04, 0x00, 0x05, 0x64, 
0xFF, 0x7C, 0x7C, 0x80, 0x00, 0x10, 0x00, 0x00, 0xE4, 0x00, 0xC5, 0xD3, 0x21, 0x9B, 0x92, 0x17, 
0x80, 0x18, 0x2C, 0x68, 0x00, 0x50, 0xFE, 0xD9, 0x16, 0x00, 0x00, 0x94, 0x00, 0x54, 0xFE, 0xD9, 
0x16, 0x00, 0x00, 0x98, 0xE4, 0x00, 0xC5, 0xD3, 0x22, 0x9D, 0x92, 0x17, 0x53, 0x00, 0xFC, 0xBE, 
0x00, 0x10, 0x5D, 0xE0, 0x03, 0x00, 0x07, 0x63, 0xFF, 0x7C, 0x7C, 0x80, 0x00, 0x10, 0x00, 0x00, 
0xE4, 0x00, 0xC5, 0xD3, 0x23, 0x9F, 0x92, 0x17, 0x80, 0x18, 0x2C, 0x68, 0x00, 0x58, 0xFE, 0xD9, 
0x16, 0x00, 0x00, 0x9C, 0x00, 0x5C, 0xFE, 0xD9, 0x16, 0x00, 0x00, 0xA0, 0xE4, 0x00, 0xC5, 0xD3, 
0x24, 0xB1, 0x92, 0x17, 0x53, 0x00, 0xFC, 0xBE, 0x00, 0x10, 0x5D, 0xE0, 0x04, 0x00, 0x07, 0x63, 
0xFF, 0x7C, 0x7C, 0x80, 0x00, 0x10, 0x00, 0x00, 0xE4, 0x00, 0xC5, 0xD3, 0x25, 0xB3, 0x92, 0x17, 
0x80, 0x18, 0x2C, 0x68, 0xE4, 0x00, 0xC5, 0xD3, 0x26, 0xB5, 0x92, 0x17, 0x4D, 0x00, 0xFC, 0xBE, 
0x00, 0x10, 0x5D, 0xE0, 0x01, 0x00, 0x02, 0x62, 0xFF, 0x7C, 0x7C, 0x80, 0x00, 0x10, 0x00, 0x00, 
0xE4, 0x00, 0xC5, 0xD3, 0x27, 0xB7, 0x92, 0x17, 0x4D, 0x00, 0xFC, 0xBE, 0x00, 0x10, 0x5D, 0xE0, 
0x02, 0x00, 0x02, 0x62, 0xFF, 0x7C, 0x7C, 0x80, 0x00, 0x10, 0x00, 0x00, 0xE4, 0x00, 0xC5, 0xD3, 
0x28, 0xC9, 0x92, 0x17, 0xE4, 0x00, 0xC5, 0xD3, 0x29, 0xCB, 0x92, 0x17, 0xE4, 0x00, 0xC5, 0xD3, 
0x2A, 0xCD, 0x92, 0x17, 0xE4, 0x00, 0xC5, 0xD3, 0x2B, 0xCF, 0x92, 0x17, 0xE4, 0x00, 0xC5, 0xD3, 
0x2C, 0xE1, 0x92, 0x17, 0xE4, 0x00, 0xC5, 0xD3, 0x2D, 0xE3, 0x92, 0x17, 0xE4, 0x00, 0xC5, 0xD3, 
0x2E, 0xE5, 0x92, 0x17, 0xE4, 0x00, 0xC5, 0xD3, 0x2F, 0xE7, 0x92, 0x17, 0xE4, 0x00, 0xC5, 0xD3, 
0x30, 0xF9, 0x92, 0x17, 0xE4, 0x00, 0xC5, 0xD3, 0x31, 0xFB, 0x92, 0x17, 0xE4, 0x00, 0xC5, 0xD3, 
0x32, 0xFD, 0x92, 0x17, 0xE4, 0x00, 0xC5, 0xD3, 0x33, 0xFF, 0x92, 0x17, 0xE4, 0x00, 0xC5, 0xD3, 
0x34, 0x11, 0x93, 0x17, 0xE4, 0x00, 0xC5, 0xD3, 0x35, 0x13, 0x93, 0x17, 0xE4, 0x00, 0xC5, 0xD3, 
0x36, 0x15, 0x93, 0x17, 0xE4, 0x00, 0xC5, 0xD3, 0x37, 0x17, 0x93, 0x17, 0xE4, 0x00, 0xC5, 0xD3, 
0x38, 0x29, 0x93, 0x17, 0xE4, 0x00, 0xC5, 0xD3, 0x39, 0x2B, 0x93, 0x17, 0xE4, 0x00, 0xC5, 0xD3, 
0x3A, 0x2D, 0x93, 0x17, 0xE4, 0x00, 0xC5, 0xD3, 0x3B, 0x2F, 0x93, 0x17, 0xE8, 0x00, 0xC5, 0xD3, 
0x1C, 0x89, 0x02, 0x12, 0xE8, 0x00, 0xC5, 0xD3, 0x1D, 0x8B, 0xA2, 0x17, 0xE8, 0x00, 0xC5, 0xD3, 
0x1E, 0x8D, 0xA2, 0x17, 0xE8, 0x00, 0xC5, 0xD3, 0x1F, 0x8F, 0xA2, 0x17, 0xE8, 0x00, 0xC5, 0xD3, 
0x20, 0xA1, 0xA2, 0x17, 0xE8, 0x00, 0xC5, 0xD3, 0x21, 0xA3, 0xA2, 0x17, 0xE8, 0x00, 0xC5, 0xD3, 
0x22, 0xA5, 0xA2, 0x17, 0xE8, 0x00, 0xC5, 0xD3, 0x23, 0xA7, 0xA2, 0x17, 0xE8, 0x00, 0xC5, 0xD3, 
0x24, 0xB9, 0xA2, 0x17, 0xE8, 0x00, 0xC5, 0xD3, 0x25, 0xBB, 0xA2, 0x17, 0xE8, 0x00, 0xC5, 0xD3, 
0x26, 0xBD, 0xA2, 0x17, 0xE8, 0x00, 0xC5, 0xD3, 0x27, 0xBF, 0xA2, 0x17, 0xE8, 0x00, 0xC5, 0xD3, 
0x28, 0xD1, 0xA2, 0x17, 0xE8, 0x00, 0xC5, 0xD3, 0x29, 0xD3, 0xA2, 0x17, 0xE8, 0x00, 0xC5, 0xD3, 
0x2A, 0xD5, 0xA2, 0x17, 0xE8, 0x00, 0xC5, 0xD3, 0x2B, 0xD7, 0xA2, 0x17, 0xE8, 0x00, 0xC5, 0xD3, 
0x2C, 0xE9, 0xA2, 0x17, 0xE8, 0x00, 0xC5, 0xD3, 0x2D, 0xEB, 0xA2, 0x17, 0xE8, 0x00, 0xC5, 0xD3, 
0x2E, 0xED, 0xA2, 0x17, 0xE8, 0x00, 0xC5, 0xD3, 0x2F, 0xEF, 0xA2, 0x17, 0xE8, 0x00, 0xC5, 0xD3, 
0x30, 0x01, 0xA3, 0x17, 0xE8, 0x00, 0xC5, 0xD3, 0x31, 0x03, 0xA3, 0x17, 0xE8, 0x00, 0xC5, 0xD3, 
0x32, 0x05, 0xA3, 0x17, 0xE8, 0x00, 0xC5, 0xD3, 0x33, 0x07, 0xA3, 0x17, 0xE8, 0x00, 0xC5, 0xD3, 
0x34, 0x19, 0xA3, 0x17, 0xE8, 0x00, 0xC5, 0xD3, 0x35, 0x1B, 0xA3, 0x17, 0xE8, 0x00, 0xC5, 0xD3, 
0x36, 0x1D, 0xA3, 0x17, 0xE8, 0x00, 0xC5, 0xD3, 0x37, 0x1F, 0xA3, 0x17, 0xE8, 0x00, 0xC5, 0xD3, 
0x38, 0x31, 0xA3, 0x17, 0xB0, 0x3B, 0x3C, 0x80, 0x3C, 0x3A, 0x0A, 0xBF, 0x44, 0x80, 0x44, 0x85, 
0x46, 0x80, 0x46, 0x85, 0x45, 0x80, 0x45, 0x85, 0xE8, 0x00, 0xC5, 0xD3, 0x39, 0x33, 0xA3, 0x17, 
0x45, 0x16, 0x16, 0x68, 0x46, 0x64, 0x64, 0x80, 0xE8, 0x00, 0xC5, 0xD3, 0x3A, 0x35, 0xA3, 0x17, 
0x46, 0x63, 0x63, 0x80, 0x44, 0x62, 0x62, 0x80, 0xE8, 0x00, 0xC5, 0xD3, 0x3B, 0x37, 0xA3, 0x17, 
0x3B, 0x90, 0x09, 0xBF, 0x43, 0x42, 0x42, 0x85, 0x10, 0x00, 0x3B, 0xB7, 0x00, 0x00, 0x80, 0xBF, 
0x3B, 0x3A, 0x04, 0xBF, 0xB6, 0x05, 0x84, 0xBF, 0x7F, 0xC0, 0x8C, 0xBF, 0x80, 0x02, 0x2C, 0x7E, 
0xFF, 0x36, 0x2E, 0x68, 0x00, 0x46, 0x02, 0x00, 0x00, 0x00, 0x1A, 0xD8, 0x17, 0x16, 0x00, 0x00, 
0x00, 0x00, 0x8A, 0xBF, 0x1C, 0x00, 0xC5, 0xD3, 0x84, 0x01, 0x02, 0x12, 0x2F, 0xC8, 0xC9, 0x0B, 
0x2F, 0xCA, 0xCB, 0x0B, 0x2F, 0xCC, 0xCD, 0x0B, 0x2F, 0xCE, 0xCF, 0x0B, 0x1C, 0x00, 0xC5, 0xD3, 
0x85, 0x03, 0x72, 0x14, 0x2F, 0xD0, 0xD1, 0x0B, 0x2F, 0xD2, 0xD3, 0x0B, 0x2F, 0xD4, 0xD5, 0x0B, 
0x2F, 0xD6, 0xD7, 0x0B, 0x1C, 0x00, 0xC5, 0xD3, 0x86, 0x05, 0x72, 0x14, 0x2E, 0x88, 0x3C, 0x92, 
0x3C, 0x01, 0x11, 0xBF, 0x64, 0xF1, 0xF1, 0x0B, 0x00, 0x00, 0x9C, 0xBF, 0x3C, 0x01, 0x11, 0xBF, 
0x65, 0xF3, 0xF3, 0x0B, 0x00, 0x00, 0x9C, 0xBF, 0x3C, 0x01, 0x11, 0xBF, 0x66, 0xF5, 0xF5, 0x0B, 
0x00, 0x00, 0x9C, 0xBF, 0x3C, 0x01, 0x11, 0xBF, 0x67, 0xF7, 0xF7, 0x0B, 0x00, 0x00, 0x9C, 0xBF, 
0x1C, 0x00, 0xC5, 0xD3, 0x87, 0x07, 0x72, 0x14, 0x00, 0x10, 0x34, 0xE1, 0x07, 0xEC, 0x08, 0x80, 
0x1C, 0x00, 0xC5, 0xD3, 0x88, 0x09, 0x72, 0x14, 0x2E, 0x88, 0x3C, 0x92, 0x3C, 0x01, 0x11, 0xBF, 
0x68, 0xF9, 0xF9, 0x0B, 0x00, 0x00, 0x9C, 0xBF, 0x3C, 0x01, 0x11, 0xBF, 0x69, 0xFB, 0xFB, 0x0B, 
0x00, 0x00, 0x9C, 0xBF, 0x3C, 0x01, 0x11, 0xBF, 0x6A, 0xFD, 0xFD, 0x0B, 0x00, 0x00, 0x9C, 0xBF, 
0x3C, 0x01, 0x11, 0xBF, 0x6B, 0xFF, 0xFF, 0x0B, 0x00, 0x00, 0x9C, 0xBF, 0x1C, 0x00, 0xC5, 0xD3, 
0x89, 0x0B, 0x72, 0x14, 0x00, 0x10, 0x34, 0xE1, 0x08, 0xED, 0x08, 0x80, 0x1C, 0x00, 0xC5, 0xD3, 
0x8A, 0x0D, 0x72, 0x14, 0xF8, 0x40, 0xB2, 0xD3, 0xFA, 0xF1, 0x03, 0x18, 0xFC, 0x40, 0xB2, 0xD3, 
0xFE, 0xF9, 0x03, 0x18, 0xF8, 0x40, 0xB2, 0xD3, 0xFC, 0xF1, 0x03, 0x18, 0xF9, 0xF1, 0xF1, 0x03, 
0xF8, 0x03, 0xF2, 0x7F, 0xF9, 0xB5, 0xF0, 0x7F, 0xF9, 0xF1, 0xF1, 0x03, 0xF8, 0x03, 0xF2, 0x7F, 
0xF9, 0xB3, 0xF0, 0x7F, 0xF9, 0xF1, 0xF1, 0x03, 0xFF, 0x36, 0x2C, 0x68, 0x00, 0x46, 0x02, 0x00, 
0x00, 0x00, 0x2A, 0xD8, 0x16, 0xF8, 0x00, 0x00, 0x1C, 0x00, 0xC5, 0xD3, 0x8B, 0x0F, 0x72, 0x14, 
0x00, 0xA0, 0x6C, 0xD8, 0x0D, 0x00, 0x00, 0x44, 0x40, 0xA0, 0x6C, 0xD8, 0x0D, 0x00, 0x00, 0x45, 
0x80, 0xA0, 0x6C, 0xD8, 0x0D, 0x00, 0x00, 0x46, 0xC0, 0xA0, 0x6C, 0xD8, 0x0D, 0x00, 0x00, 0x47, 
0x00, 0xA4, 0x6C, 0xD8, 0x0D, 0x00, 0x00, 0x48, 0x40, 0xA4, 0x6C, 0xD8, 0x0D, 0x00, 0x00, 0x49, 
0x80, 0xA4, 0x6C, 0xD8, 0x0D, 0x00, 0x00, 0x4A, 0xC0, 0xA4, 0x6C, 0xD8, 0x0D, 0x00, 0x00, 0x4B, 
0x1C, 0x00, 0xC5, 0xD3, 0x8C, 0x11, 0x72, 0x14, 0x00, 0xA8, 0x6C, 0xD8, 0x0D, 0x00, 0x00, 0x4C, 
0x40, 0xA8, 0x6C, 0xD8, 0x0D, 0x00, 0x00, 0x4D, 0x80, 0xA8, 0x6C, 0xD8, 0x0D, 0x00, 0x00, 0x4E, 
0xC0, 0xA8, 0x6C, 0xD8, 0x0D, 0x00, 0x00, 0x4F, 0x00, 0xAC, 0x6C, 0xD8, 0x0D, 0x00, 0x00, 0x50, 
0x40, 0xAC, 0x6C, 0xD8, 0x0D, 0x00, 0x00, 0x51, 0x80, 0xAC, 0x6C, 0xD8, 0x0D, 0x00, 0x00, 0x52, 
0xC0, 0xAC, 0x6C, 0xD8, 0x0D, 0x00, 0x00, 0x53, 0x1C, 0x00, 0xC5, 0xD3, 0x8D, 0x13, 0x72, 0x14, 
0x00, 0xB0, 0x6C, 0xD8, 0x0D, 0x00, 0x00, 0x54, 0x40, 0xB0, 0x6C, 0xD8, 0x0D, 0x00, 0x00, 0x55, 
0x80, 0xB0, 0x6C, 0xD8, 0x0D, 0x00, 0x00, 0x56, 0xC0, 0xB0, 0x6C, 0xD8, 0x0D, 0x00, 0x00, 0x57, 
0x00, 0xB4, 0x6C, 0xD8, 0x0D, 0x00, 0x00, 0x58, 0x40, 0xB4, 0x6C, 0xD8, 0x0D, 0x00, 0x00, 0x59, 
0x80, 0xB4, 0x6C, 0xD8, 0x0D, 0x00, 0x00, 0x5A, 0xC0, 0xB4, 0x6C, 0xD8, 0x0D, 0x00, 0x00, 0x5B, 
0x1C, 0x00, 0xC5, 0xD3, 0x8E, 0x15, 0x72, 0x14, 0x00, 0xB8, 0x6C, 0xD8, 0x0D, 0x00, 0x00, 0x5C, 
0x40, 0xB8, 0x6C, 0xD8, 0x0D, 0x00, 0x00, 0x5D, 0x80, 0xB8, 0x6C, 0xD8, 0x0D, 0x00, 0x00, 0x5E, 
0xC0, 0xB8, 0x6C, 0xD8, 0x0D, 0x00, 0x00, 0x5F, 0x00, 0xBC, 0x6C, 0xD8, 0x0D, 0x00, 0x00, 0x60, 
0x40, 0xBC, 0x6C, 0xD8, 0x0D, 0x00, 0x00, 0x61, 0x80, 0xBC, 0x6C, 0xD8, 0x0D, 0x00, 0x00, 0x62, 
0xC0, 0xBC, 0x6C, 0xD8, 0x0D, 0x00, 0x00, 0x63, 0x1C, 0x00, 0xC5, 0xD3, 0x8F, 0x17, 0x72, 0x14, 
0x1C, 0x00, 0xC5, 0xD3, 0x90, 0x19, 0x72, 0x14, 0x1C, 0x00, 0xC5, 0xD3, 0x91, 0x1B, 0x72, 0x14, 
0x1C, 0x00, 0xC5, 0xD3, 0x92, 0x1D, 0x72, 0x14, 0x1C, 0x00, 0xC5, 0xD3, 0x93, 0x1F, 0x72, 0x14, 
0x1C, 0x00, 0xC5, 0xD3, 0x94, 0x21, 0x72, 0x14, 0x1C, 0x00, 0xC5, 0xD3, 0x95, 0x23, 0x72, 0x14, 
0x1C, 0x00, 0xC5, 0xD3, 0x96, 0x25, 0x72, 0x14, 0x1C, 0x00, 0xC5, 0xD3, 0x97, 0x27, 0x72, 0x14, 
0x1C, 0x00, 0xC5, 0xD3, 0x98, 0x29, 0x72, 0x14, 0x1C, 0x00, 0xC5, 0xD3, 0x99, 0x2B, 0x72, 0x14, 
0x1C, 0x00, 0xC5, 0xD3, 0x9A, 0x2D, 0x72, 0x14, 0x1C, 0x00, 0xC5, 0xD3, 0x9B, 0x2F, 0x72, 0x14, 
0x1C, 0x00, 0xC5, 0xD3, 0x9C, 0x31, 0x72, 0x14, 0x1C, 0x00, 0xC5, 0xD3, 0x9D, 0x33, 0x72, 0x14, 
0x1C, 0x00, 0xC5, 0xD3, 0x9E, 0x35, 0x72, 0x14, 0x1C, 0x00, 0xC5, 0xD3, 0x9F, 0x37, 0x72, 0x14, 
0x1C, 0x00, 0xC5, 0xD3, 0xA0, 0x39, 0x72, 0x14, 0x1C, 0x00, 0xC5, 0xD3, 0xA1, 0x3B, 0x72, 0x14, 
0x1C, 0x00, 0xC5, 0xD3, 0xA2, 0x3D, 0x72, 0x14, 0x1C, 0x00, 0xC5, 0xD3, 0xA3, 0x3F, 0x72, 0x14, 
0x20, 0x00, 0xC5, 0xD3, 0x84, 0x21, 0x02, 0x12, 0x20, 0x00, 0xC5, 0xD3, 0x85, 0x23, 0x82, 0x14, 
0x20, 0x00, 0xC5, 0xD3, 0x86, 0x25, 0x82, 0x14, 0x20, 0x00, 0xC5, 0xD3, 0x87, 0x27, 0x82, 0x14, 
0x20, 0x00, 0xC5, 0xD3, 0x88, 0x29, 0x82, 0x14, 0x20, 0x00, 0xC5, 0xD3, 0x89, 0x2B, 0x82, 0x14, 
0x20, 0x00, 0xC5, 0xD3, 0x8A, 0x2D, 0x82, 0x14, 0x20, 0x00, 0xC5, 0xD3, 0x8B, 0x2F, 0x82, 0x14, 
0x20, 0x00, 0xC5, 0xD3, 0x8C, 0x31, 0x82, 0x14, 0x20, 0x00, 0xC5, 0xD3, 0x8D, 0x33, 0x82, 0x14, 
0x20, 0x00, 0xC5, 0xD3, 0x8E, 0x35, 0x82, 0x14, 0x20, 0x00, 0xC5, 0xD3, 0x8F, 0x37, 0x82, 0x14, 
0x20, 0x00, 0xC5, 0xD3, 0x90, 0x39, 0x82, 0x14, 0x20, 0x00, 0xC5, 0xD3, 0x91, 0x3B, 0x82, 0x14, 
0x20, 0x00, 0xC5, 0xD3, 0x92, 0x3D, 0x82, 0x14, 0x20, 0x00, 0xC5, 0xD3, 0x93, 0x3F, 0x82, 0x14, 
0x20, 0x00, 0xC5, 0xD3, 0x94, 0x41, 0x82, 0x14, 0x20, 0x00, 0xC5, 0xD3, 0x95, 0x43, 0x82, 0x14, 
0x20, 0x00, 0xC5, 0xD3, 0x96, 0x45, 0x82, 0x14, 0x20, 0x00, 0xC5, 0xD3, 0x97, 0x47, 0x82, 0x14, 
0x20, 0x00, 0xC5, 0xD3, 0x98, 0x49, 0x82, 0x14, 0x20, 0x00, 0xC5, 0xD3, 0x99, 0x4B, 0x82, 0x14, 
0x20, 0x00, 0xC5, 0xD3, 0x9A, 0x4D, 0x82, 0x14, 0x20, 0x00, 0xC5, 0xD3, 0x9B, 0x4F, 0x82, 0x14, 
0x20, 0x00, 0xC5, 0xD3, 0x9C, 0x51, 0x82, 0x14, 0x20, 0x00, 0xC5, 0xD3, 0x9D, 0x53, 0x82, 0x14, 
0x20, 0x00, 0xC5, 0xD3, 0x9E, 0x55, 0x82, 0x14, 0x20, 0x00, 0xC5, 0xD3, 0x9F, 0x57, 0x82, 0x14, 
0x20, 0x00, 0xC5, 0xD3, 0xA0, 0x59, 0x82, 0x14, 0x20, 0x00, 0xC5, 0xD3, 0xA1, 0x5B, 0x82, 0x14, 
0x20, 0x00, 0xC5, 0xD3, 0xA2, 0x5D, 0x82, 0x14, 0x20, 0x00, 0xC5, 0xD3, 0xA3, 0x5F, 0x82, 0x14, 
0x7F, 0xCF, 0x8C, 0xBF, 0x00, 0x00, 0x8A, 0xBF, 0x3C, 0x00, 0xC5, 0xD3, 0x64, 0x01, 0x03, 0x12, 
0x00, 0x10, 0x34, 0xE1, 0x09, 0xEE, 0x08, 0x80, 0xFF, 0x20, 0x2C, 0x68, 0x00, 0x46, 0x02, 0x00, 
0x00, 0x00, 0x6C, 0xD8, 0x16, 0x00, 0x00, 0x1A, 0x3C, 0x00, 0xC5, 0xD3, 0x65, 0x03, 0xF3, 0x14, 
0x1C, 0x00, 0xCB, 0xD1, 0x1C, 0x73, 0xD0, 0x87, 0x1D, 0x00, 0xCB, 0xD1, 0x1D, 0x73, 0xD4, 0x87, 
0x1E, 0x00, 0xCB, 0xD1, 0x1E, 0x73, 0xD8, 0x87, 0x1F, 0x00, 0xCB, 0xD1, 0x1F, 0x73, 0xDC, 0x87, 
0x3C, 0x00, 0xC5, 0xD3, 0x66, 0x05, 0xF3, 0x14, 0x00, 0x10, 0x34, 0xE1, 0x0A, 0xEF, 0x08, 0x80, 
0xFF, 0x20, 0x2C, 0x68, 0x00, 0x46, 0x02, 0x00, 0x3C, 0x00, 0xC5, 0xD3, 0x67, 0x07, 0xF3, 0x14, 
0x20, 0x00, 0xCB, 0xD1, 0x20, 0x73, 0xD0, 0x87, 0x21, 0x00, 0xCB, 0xD1, 0x21, 0x73, 0xD4, 0x87, 
0x22, 0x00, 0xCB, 0xD1, 0x22, 0x73, 0xD8, 0x87, 0x23, 0x00, 0xCB, 0xD1, 0x23, 0x73, 0xDC, 0x87, 
0x3C, 0x00, 0xC5, 0xD3, 0x68, 0x09, 0xF3, 0x14, 0x80, 0x1A, 0x2C, 0x68, 0x00, 0x40, 0x6C, 0xD8, 
0x16, 0x00, 0x00, 0x84, 0x40, 0x40, 0x6C, 0xD8, 0x16, 0x00, 0x00, 0x85, 0x80, 0x40, 0x6C, 0xD8, 
0x16, 0x00, 0x00, 0x86, 0xC0, 0x40, 0x6C, 0xD8, 0x16, 0x00, 0x00, 0x87, 0x3C, 0x00, 0xC5, 0xD3, 
0x69, 0x0B, 0xF3, 0x14, 0x24, 0x00, 0xCB, 0xD1, 0x24, 0x73, 0xD0, 0x87, 0x25, 0x00, 0xCB, 0xD1, 
0x25, 0x73, 0xD4, 0x87, 0x26, 0x00, 0xCB, 0xD1, 0x26, 0x73, 0xD8, 0x87, 0x27, 0x00, 0xCB, 0xD1, 
0x27, 0x73, 0xDC, 0x87, 0x1C, 0x41, 0x38, 0x7E, 0xFF, 0x02, 0x2C, 0x7E, 0x07, 0x02, 0x00, 0x00, 
0x3C, 0x00, 0x10, 0xD0, 0x1C, 0x2D, 0x02, 0x00, 0x00, 0x00, 0x80, 0xBF, 0x1C, 0x00, 0x00, 0xD1, 
0x1C, 0x01, 0xF1, 0x00, 0x1D, 0x41, 0x3A, 0x7E, 0xFF, 0x02, 0x2C, 0x7E, 0x07, 0x02, 0x00, 0x00, 
0x3C, 0x00, 0x10, 0xD0, 0x1D, 0x2D, 0x02, 0x00, 0x00, 0x00, 0x80, 0xBF, 0x1D, 0x00, 0x00, 0xD1, 
0x1D, 0x01, 0xF1, 0x00, 0x3C, 0x00, 0xC5, 0xD3, 0x6A, 0x0D, 0xF3, 0x14, 0x80, 0x1A, 0x2C, 0x68, 
0x00, 0x44, 0x6C, 0xD8, 0x16, 0x00, 0x00, 0x88, 0x40, 0x44, 0x6C, 0xD8, 0x16, 0x00, 0x00, 0x89, 
0x80, 0x44, 0x6C, 0xD8, 0x16, 0x00, 0x00, 0x8A, 0xC0, 0x44, 0x6C, 0xD8, 0x16, 0x00, 0x00, 0x8B, 
0x3C, 0x00, 0xC5, 0xD3, 0x6B, 0x0F, 0xF3, 0x14, 0x28, 0x00, 0xCB, 0xD1, 0x28, 0x73, 0xD0, 0x87, 
0x29, 0x00, 0xCB, 0xD1, 0x29, 0x73, 0xD4, 0x87, 0x2A, 0x00, 0xCB, 0xD1, 0x2A, 0x73, 0xD8, 0x87, 
0x2B, 0x00, 0xCB, 0xD1, 0x2B, 0x73, 0xDC, 0x87, 0x1E, 0x41, 0x3C, 0x7E, 0xFF, 0x02, 0x2C, 0x7E, 
0x07, 0x02, 0x00, 0x00, 0x3C, 0x00, 0x10, 0xD0, 0x1E, 0x2D, 0x02, 0x00, 0x00, 0x00, 0x80, 0xBF, 
0x1E, 0x00, 0x00, 0xD1, 0x1E, 0x01, 0xF1, 0x00, 0x1F, 0x41, 0x3E, 0x7E, 0xFF, 0x02, 0x2C, 0x7E, 
0x07, 0x02, 0x00, 0x00, 0x3C, 0x00, 0x10, 0xD0, 0x1F, 0x2D, 0x02, 0x00, 0x00, 0x00, 0x80, 0xBF, 
0x1F, 0x00, 0x00, 0xD1, 0x1F, 0x01, 0xF1, 0x00, 0x3C, 0x00, 0xC5, 0xD3, 0x6C, 0x11, 0xF3, 0x14, 
0x80, 0x1A, 0x2C, 0x68, 0x00, 0x48, 0x6C, 0xD8, 0x16, 0x00, 0x00, 0x8C, 0x40, 0x48, 0x6C, 0xD8, 
0x16, 0x00, 0x00, 0x8D, 0x80, 0x48, 0x6C, 0xD8, 0x16, 0x00, 0x00, 0x8E, 0xC0, 0x48, 0x6C, 0xD8, 
0x16, 0x00, 0x00, 0x8F, 0x3C, 0x00, 0xC5, 0xD3, 0x6D, 0x13, 0xF3, 0x14, 0x20, 0x41, 0x40, 0x7E, 
0xFF, 0x02, 0x2C, 0x7E, 0x07, 0x02, 0x00, 0x00, 0x3C, 0x00, 0x10, 0xD0, 0x20, 0x2D, 0x02, 0x00, 
0x00, 0x00, 0x80, 0xBF, 0x20, 0x00, 0x00, 0xD1, 0x20, 0x01, 0xF1, 0x00, 0x21, 0x41, 0x42, 0x7E, 
0xFF, 0x02, 0x2C, 0x7E, 0x07, 0x02, 0x00, 0x00, 0x3C, 0x00, 0x10, 0xD0, 0x21, 0x2D, 0x02, 0x00, 
0x00, 0x00, 0x80, 0xBF, 0x21, 0x00, 0x00, 0xD1, 0x21, 0x01, 0xF1, 0x00, 0x3C, 0x00, 0xC5, 0xD3, 
0x6E, 0x15, 0xF3, 0x14, 0x80, 0x1A, 0x2C, 0x68, 0x00, 0x4C, 0x6C, 0xD8, 0x16, 0x00, 0x00, 0x90, 
0x40, 0x4C, 0x6C, 0xD8, 0x16, 0x00, 0x00, 0x91, 0x80, 0x4C, 0x6C, 0xD8, 0x16, 0x00, 0x00, 0x92, 
0xC0, 0x4C, 0x6C, 0xD8, 0x16, 0x00, 0x00, 0x93, 0x3C, 0x00, 0xC5, 0xD3, 0x6F, 0x17, 0xF3, 0x14, 
0x22, 0x41, 0x44, 0x7E, 0xFF, 0x02, 0x2C, 0x7E, 0x07, 0x02, 0x00, 0x00, 0x3C, 0x00, 0x10, 0xD0, 
0x22, 0x2D, 0x02, 0x00, 0x00, 0x00, 0x80, 0xBF, 0x22, 0x00, 0x00, 0xD1, 0x22, 0x01, 0xF1, 0x00, 
0x23, 0x41, 0x46, 0x7E, 0xFF, 0x02, 0x2C, 0x7E, 0x07, 0x02, 0x00, 0x00, 0x3C, 0x00, 0x10, 0xD0, 
0x23, 0x2D, 0x02, 0x00, 0x00, 0x00, 0x80, 0xBF, 0x23, 0x00, 0x00, 0xD1, 0x23, 0x01, 0xF1, 0x00, 
0x3C, 0x00, 0xC5, 0xD3, 0x70, 0x19, 0xF3, 0x14, 0x80, 0x1A, 0x2C, 0x68, 0x00, 0x50, 0x6C, 0xD8, 
0x16, 0x00, 0x00, 0x94, 0x40, 0x50, 0x6C, 0xD8, 0x16, 0x00, 0x00, 0x95, 0x80, 0x50, 0x6C, 0xD8, 
0x16, 0x00, 0x00, 0x96, 0xC0, 0x50, 0x6C, 0xD8, 0x16, 0x00, 0x00, 0x97, 0x3C, 0x00, 0xC5, 0xD3, 
0x71, 0x1B, 0xF3, 0x14, 0x24, 0x41, 0x48, 0x7E, 0xFF, 0x02, 0x2C, 0x7E, 0x07, 0x02, 0x00, 0x00, 
0x3C, 0x00, 0x10, 0xD0, 0x24, 0x2D, 0x02, 0x00, 0x00, 0x00, 0x80, 0xBF, 0x24, 0x00, 0x00, 0xD1, 
0x24, 0x01, 0xF1, 0x00, 0x25, 0x41, 0x4A, 0x7E, 0xFF, 0x02, 0x2C, 0x7E, 0x07, 0x02, 0x00, 0x00, 
0x3C, 0x00, 0x10, 0xD0, 0x25, 0x2D, 0x02, 0x00, 0x00, 0x00, 0x80, 0xBF, 0x25, 0x00, 0x00, 0xD1, 
0x25, 0x01, 0xF1, 0x00, 0x3C, 0x00, 0xC5, 0xD3, 0x72, 0x1D, 0xF3, 0x14, 0x80, 0x1A, 0x2C, 0x68, 
0x00, 0x54, 0x6C, 0xD8, 0x16, 0x00, 0x00, 0x98, 0x40, 0x54, 0x6C, 0xD8, 0x16, 0x00, 0x00, 0x99, 
0x80, 0x54, 0x6C, 0xD8, 0x16, 0x00, 0x00, 0x9A, 0xC0, 0x54, 0x6C, 0xD8, 0x16, 0x00, 0x00, 0x9B, 
0x3C, 0x00, 0xC5, 0xD3, 0x73, 0x1F, 0xF3, 0x14, 0x26, 0x41, 0x4C, 0x7E, 0xFF, 0x02, 0x2C, 0x7E, 
0x07, 0x02, 0x00, 0x00, 0x3C, 0x00, 0x10, 0xD0, 0x26, 0x2D, 0x02, 0x00, 0x00, 0x00, 0x80, 0xBF, 
0x26, 0x00, 0x00, 0xD1, 0x26, 0x01, 0xF1, 0x00, 0x27, 0x41, 0x4E, 0x7E, 0xFF, 0x02, 0x2C, 0x7E, 
0x07, 0x02, 0x00, 0x00, 0x3C, 0x00, 0x10, 0xD0, 0x27, 0x2D, 0x02, 0x00, 0x00, 0x00, 0x80, 0xBF, 
0x27, 0x00, 0x00, 0xD1, 0x27, 0x01, 0xF1, 0x00, 0x3C, 0x00, 0xC5, 0xD3, 0x74, 0x21, 0xF3, 0x14, 
0x80, 0x1A, 0x2C, 0x68, 0x00, 0x58, 0x6C, 0xD8, 0x16, 0x00, 0x00, 0x9C, 0x40, 0x58, 0x6C, 0xD8, 
0x16, 0x00, 0x00, 0x9D, 0x80, 0x58, 0x6C, 0xD8, 0x16, 0x00, 0x00, 0x9E, 0xC0, 0x58, 0x6C, 0xD8, 
0x16, 0x00, 0x00, 0x9F, 0x3C, 0x00, 0xC5, 0xD3, 0x75, 0x23, 0xF3, 0x14, 0x28, 0x41, 0x50, 0x7E, 
0xFF, 0x02, 0x2C, 0x7E, 0x07, 0x02, 0x00, 0x00, 0x3C, 0x00, 0x10, 0xD0, 0x28, 0x2D, 0x02, 0x00, 
0x00, 0x00, 0x80, 0xBF, 0x28, 0x00, 0x00, 0xD1, 0x28, 0x01, 0xF1, 0x00, 0x29, 0x41, 0x52, 0x7E, 
0xFF, 0x02, 0x2C, 0x7E, 0x07, 0x02, 0x00, 0x00, 0x3C, 0x00, 0x10, 0xD0, 0x29, 0x2D, 0x02, 0x00, 
0x00, 0x00, 0x80, 0xBF, 0x29, 0x00, 0x00, 0xD1, 0x29, 0x01, 0xF1, 0x00, 0x3C, 0x00, 0xC5, 0xD3, 
0x76, 0x25, 0xF3, 0x14, 0x80, 0x1A, 0x2C, 0x68, 0x00, 0x5C, 0x6C, 0xD8, 0x16, 0x00, 0x00, 0xA0, 
0x40, 0x5C, 0x6C, 0xD8, 0x16, 0x00, 0x00, 0xA1, 0x80, 0x5C, 0x6C, 0xD8, 0x16, 0x00, 0x00, 0xA2, 
0xC0, 0x5C, 0x6C, 0xD8, 0x16, 0x00, 0x00, 0xA3, 0x3C, 0x00, 0xC5, 0xD3, 0x77, 0x27, 0xF3, 0x14, 
0x2A, 0x41, 0x54, 0x7E, 0xFF, 0x02, 0x2C, 0x7E, 0x07, 0x02, 0x00, 0x00, 0x3C, 0x00, 0x10, 0xD0, 
0x2A, 0x2D, 0x02, 0x00, 0x00, 0x00, 0x80, 0xBF, 0x2A, 0x00, 0x00, 0xD1, 0x2A, 0x01, 0xF1, 0x00, 
0x2B, 0x41, 0x56, 0x7E, 0xFF, 0x02, 0x2C, 0x7E, 0x07, 0x02, 0x00, 0x00, 0x3C, 0x00, 0x10, 0xD0, 
0x2B, 0x2D, 0x02, 0x00, 0x00, 0x00, 0x80, 0xBF, 0x2B, 0x00, 0x00, 0xD1, 0x2B, 0x01, 0xF1, 0x00, 
0x3C, 0x00, 0xC5, 0xD3, 0x78, 0x29, 0xF3, 0x14, 0x3C, 0x00, 0xC5, 0xD3, 0x79, 0x2B, 0xF3, 0x14, 
0x3C, 0x00, 0xC5, 0xD3, 0x7A, 0x2D, 0xF3, 0x14, 0x3C, 0x00, 0xC5, 0xD3, 0x7B, 0x2F, 0xF3, 0x14, 
0x3C, 0x00, 0xC5, 0xD3, 0x7C, 0x31, 0xF3, 0x14, 0x3C, 0x00, 0xC5, 0xD3, 0x7D, 0x33, 0xF3, 0x14, 
0x3C, 0x00, 0xC5, 0xD3, 0x7E, 0x35, 0xF3, 0x14, 0x3C, 0x00, 0xC5, 0xD3, 0x7F, 0x37, 0xF3, 0x14, 
0x3C, 0x00, 0xC5, 0xD3, 0x80, 0x39, 0xF3, 0x14, 0x3C, 0x00, 0xC5, 0xD3, 0x81, 0x3B, 0xF3, 0x14, 
0x3C, 0x00, 0xC5, 0xD3, 0x82, 0x3D, 0xF3, 0x14, 0x3C, 0x00, 0xC5, 0xD3, 0x83, 0x3F, 0xF3, 0x14, 
0x40, 0x00, 0xC5, 0xD3, 0x64, 0x21, 0x03, 0x12, 0x40, 0x00, 0xC5, 0xD3, 0x65, 0x23, 0x03, 0x15, 
0x40, 0x00, 0xC5, 0xD3, 0x66, 0x25, 0x03, 0x15, 0x40, 0x00, 0xC5, 0xD3, 0x67, 0x27, 0x03, 0x15, 
0x40, 0x00, 0xC5, 0xD3, 0x68, 0x29, 0x03, 0x15, 0x40, 0x00, 0xC5, 0xD3, 0x69, 0x2B, 0x03, 0x15, 
0x40, 0x00, 0xC5, 0xD3, 0x6A, 0x2D, 0x03, 0x15, 0x40, 0x00, 0xC5, 0xD3, 0x6B, 0x2F, 0x03, 0x15, 
0x40, 0x00, 0xC5, 0xD3, 0x6C, 0x31, 0x03, 0x15, 0x40, 0x00, 0xC5, 0xD3, 0x6D, 0x33, 0x03, 0x15, 
0x40, 0x00, 0xC5, 0xD3, 0x6E, 0x35, 0x03, 0x15, 0x40, 0x00, 0xC5, 0xD3, 0x6F, 0x37, 0x03, 0x15, 
0x40, 0x00, 0xC5, 0xD3, 0x70, 0x39, 0x03, 0x15, 0x40, 0x00, 0xC5, 0xD3, 0x71, 0x3B, 0x03, 0x15, 
0x40, 0x00, 0xC5, 0xD3, 0x72, 0x3D, 0x03, 0x15, 0x40, 0x00, 0xC5, 0xD3, 0x73, 0x3F, 0x03, 0x15, 
0x40, 0x00, 0xC5, 0xD3, 0x74, 0x41, 0x03, 0x15, 0x40, 0x00, 0xC5, 0xD3, 0x75, 0x43, 0x03, 0x15, 
0x40, 0x00, 0xC5, 0xD3, 0x76, 0x45, 0x03, 0x15, 0x40, 0x00, 0xC5, 0xD3, 0x77, 0x47, 0x03, 0x15, 
0x40, 0x00, 0xC5, 0xD3, 0x78, 0x49, 0x03, 0x15, 0x40, 0x00, 0xC5, 0xD3, 0x79, 0x4B, 0x03, 0x15, 
0x40, 0x00, 0xC5, 0xD3, 0x7A, 0x4D, 0x03, 0x15, 0x40, 0x00, 0xC5, 0xD3, 0x7B, 0x4F, 0x03, 0x15, 
0x40, 0x00, 0xC5, 0xD3, 0x7C, 0x51, 0x03, 0x15, 0x40, 0x00, 0xC5, 0xD3, 0x7D, 0x53, 0x03, 0x15, 
0x40, 0x00, 0xC5, 0xD3, 0x7E, 0x55, 0x03, 0x15, 0x40, 0x00, 0xC5, 0xD3, 0x7F, 0x57, 0x03, 0x15, 
0x40, 0x00, 0xC5, 0xD3, 0x80, 0x59, 0x03, 0x15, 0x40, 0x00, 0xC5, 0xD3, 0x81, 0x5B, 0x03, 0x15, 
0x40, 0x00, 0xC5, 0xD3, 0x82, 0x5D, 0x03, 0x15, 0x40, 0x00, 0xC5, 0xD3, 0x83, 0x5F, 0x03, 0x15, 
0x7F, 0xCF, 0x8C, 0xBF, 0x7A, 0x0F, 0x8C, 0xBF, 0x00, 0x00, 0x8A, 0xBF, 0xA4, 0x00, 0xC5, 0xD3, 
0x44, 0x39, 0x92, 0x06, 0xFF, 0x20, 0x2C, 0x68, 0x00, 0x20, 0x01, 0x00, 0x00, 0x00, 0x6C, 0xD8, 
0x16, 0x00, 0x00, 0xF4, 0x40, 0x10, 0x34, 0xE1, 0x07, 0xF0, 0x08, 0x80, 0xA4, 0x00, 0xC5, 0xD3, 
0x45, 0x3B, 0x92, 0x06, 0xFA, 0x78, 0x78, 0x06, 0x1A, 0x00, 0x00, 0xFF, 0xFA, 0x7A, 0x7A, 0x06, 
0x1A, 0x55, 0x00, 0xFF, 0xFA, 0x7C, 0x7C, 0x06, 0x1A, 0xAA, 0x00, 0xFF, 0xFA, 0x7E, 0x7E, 0x06, 
0x1A, 0xFF, 0x00, 0xFF, 0x1C, 0x79, 0x78, 0x0A, 0x1D, 0x7B, 0x7A, 0x0A, 0x1E, 0x7D, 0x7C, 0x0A, 
0x1F, 0x7F, 0x7E, 0x0A, 0xA4, 0x00, 0xC5, 0xD3, 0x46, 0x3D, 0x92, 0x06, 0xFF, 0x20, 0x2C, 0x68, 
0x00, 0x20, 0x01, 0x00, 0x40, 0x10, 0x34, 0xE1, 0x08, 0xF1, 0x08, 0x80, 0xA4, 0x00, 0xC5, 0xD3, 
0x47, 0x3F, 0x92, 0x06, 0xFA, 0x80, 0x80, 0x06, 0x1A, 0x00, 0x00, 0xFF, 0xFA, 0x82, 0x82, 0x06, 
0x1A, 0x55, 0x00, 0xFF, 0xFA, 0x84, 0x84, 0x06, 0x1A, 0xAA, 0x00, 0xFF, 0xFA, 0x86, 0x86, 0x06, 
0x1A, 0xFF, 0x00, 0xFF, 0x20, 0x81, 0x80, 0x0A, 0x21, 0x83, 0x82, 0x0A, 0x22, 0x85, 0x84, 0x0A, 
0x23, 0x87, 0x86, 0x0A, 0xA8, 0x00, 0xC5, 0xD3, 0x48, 0x39, 0xA2, 0x06, 0xFF, 0x20, 0x2C, 0x68, 
0x00, 0x20, 0x01, 0x00, 0x40, 0x10, 0x34, 0xE1, 0x09, 0xF2, 0x08, 0x80, 0xA8, 0x00, 0xC5, 0xD3, 
0x49, 0x3B, 0xA2, 0x06, 0xFA, 0x88, 0x88, 0x06, 0x1A, 0x00, 0x00, 0xFF, 0xFA, 0x8A, 0x8A, 0x06, 
0x1A, 0x55, 0x00, 0xFF, 0xFA, 0x8C, 0x8C, 0x06, 0x1A, 0xAA, 0x00, 0xFF, 0xFA, 0x8E, 0x8E, 0x06, 
0x1A, 0xFF, 0x00, 0xFF, 0x24, 0x89, 0x88, 0x0A, 0x25, 0x8B, 0x8A, 0x0A, 0x26, 0x8D, 0x8C, 0x0A, 
0x27, 0x8F, 0x8E, 0x0A, 0xA8, 0x00, 0xC5, 0xD3, 0x4A, 0x3D, 0xA2, 0x06, 0xFF, 0x20, 0x2C, 0x68, 
0x00, 0x20, 0x01, 0x00, 0x40, 0x10, 0x34, 0xE1, 0x0A, 0xF3, 0x08, 0x80, 0xA8, 0x00, 0xC5, 0xD3, 
0x4B, 0x3F, 0xA2, 0x06, 0xFA, 0x90, 0x90, 0x06, 0x1A, 0x00, 0x00, 0xFF, 0xFA, 0x92, 0x92, 0x06, 
0x1A, 0x55, 0x00, 0xFF, 0xFA, 0x94, 0x94, 0x06, 0x1A, 0xAA, 0x00, 0xFF, 0xFA, 0x96, 0x96, 0x06, 
0x1A, 0xFF, 0x00, 0xFF, 0x28, 0x91, 0x90, 0x0A, 0x29, 0x93, 0x92, 0x0A, 0x2A, 0x95, 0x94, 0x0A, 
0x2B, 0x97, 0x96, 0x0A, 0xAC, 0x00, 0xC5, 0xD3, 0x4C, 0x39, 0xB2, 0x06, 0xFF, 0x1E, 0x2C, 0x68, 
0x00, 0x26, 0x02, 0x00, 0x00, 0x00, 0x1A, 0xD8, 0x16, 0x3C, 0x00, 0x00, 0x40, 0x00, 0x1A, 0xD8, 
0x16, 0x3D, 0x00, 0x00, 0x80, 0x00, 0x1A, 0xD8, 0x16, 0x3E, 0x00, 0x00, 0xC0, 0x00, 0x1A, 0xD8, 
0x16, 0x3F, 0x00, 0x00, 0xAC, 0x00, 0xC5, 0xD3, 0x4D, 0x3B, 0xB2, 0x06, 0xFF, 0x1E, 0x2C, 0x68, 
0x00, 0x26, 0x02, 0x00, 0x00, 0x10, 0x1A, 0xD8, 0x16, 0x40, 0x00, 0x00, 0x40, 0x10, 0x1A, 0xD8, 
0x16, 0x41, 0x00, 0x00, 0x80, 0x10, 0x1A, 0xD8, 0x16, 0x42, 0x00, 0x00, 0xC0, 0x10, 0x1A, 0xD8, 
0x16, 0x43, 0x00, 0x00, 0xAC, 0x00, 0xC5, 0xD3, 0x4E, 0x3D, 0xB2, 0x06, 0x7C, 0x0F, 0x8C, 0xBF, 
0x00, 0x00, 0x8A, 0xBF, 0xFF, 0x18, 0x2C, 0x68, 0x00, 0x60, 0x00, 0x00, 0x00, 0x00, 0xFE, 0xD9, 
0x16, 0x00, 0x00, 0x64, 0xAC, 0x00, 0xC5, 0xD3, 0x4F, 0x3F, 0xB2, 0x06, 0xFF, 0x18, 0x2C, 0x68, 
0x00, 0x60, 0x00, 0x00, 0x00, 0x04, 0xFE, 0xD9, 0x16, 0x00, 0x00, 0x68, 0xB0, 0x00, 0xC5, 0xD3, 
0x50, 0x39, 0xC2, 0x06, 0xFF, 0x18, 0x2C, 0x68, 0x00, 0x60, 0x00, 0x00, 0x00, 0x08, 0xFE, 0xD9, 
0x16, 0x00, 0x00, 0x6C, 0xB0, 0x00, 0xC5, 0xD3, 0x51, 0x3B, 0xC2, 0x06, 0xFF, 0x18, 0x2C, 0x68, 
0x00, 0x60, 0x00, 0x00, 0x00, 0x0C, 0xFE, 0xD9, 0x16, 0x00, 0x00, 0x70, 0xB0, 0x00, 0xC5, 0xD3, 
0x52, 0x3D, 0xC2, 0x06, 0xFF, 0x18, 0x2C, 0x68, 0x00, 0x60, 0x00, 0x00, 0x00, 0x10, 0xFE, 0xD9, 
0x16, 0x00, 0x00, 0x74, 0xB0, 0x00, 0xC5, 0xD3, 0x53, 0x3F, 0xC2, 0x06, 0xFF, 0x18, 0x2C, 0x68, 
0x00, 0x60, 0x00, 0x00, 0x00, 0x14, 0xFE, 0xD9, 0x16, 0x00, 0x00, 0x78, 0xB4, 0x00, 0xC5, 0xD3, 
0x54, 0x39, 0xD2, 0x06, 0xFF, 0x18, 0x2C, 0x68, 0x00, 0x60, 0x00, 0x00, 0x00, 0x18, 0xFE, 0xD9, 
0x16, 0x00, 0x00, 0x7C, 0xB4, 0x00, 0xC5, 0xD3, 0x55, 0x3B, 0xD2, 0x06, 0xFF, 0x18, 0x2C, 0x68, 
0x00, 0x60, 0x00, 0x00, 0x00, 0x1C, 0xFE, 0xD9, 0x16, 0x00, 0x00, 0x80, 0xB4, 0x00, 0xC5, 0xD3, 
0x56, 0x3D, 0xD2, 0x06, 0xFF, 0x18, 0x2C, 0x68, 0x00, 0x60, 0x00, 0x00, 0xB4, 0x00, 0xC5, 0xD3, 
0x57, 0x3F, 0xD2, 0x06, 0xFF, 0x18, 0x2C, 0x68, 0x00, 0x60, 0x00, 0x00, 0xB8, 0x00, 0xC5, 0xD3, 
0x58, 0x39, 0xE2, 0x06, 0xFF, 0x18, 0x2C, 0x68, 0x00, 0x60, 0x00, 0x00, 0xB8, 0x00, 0xC5, 0xD3, 
0x59, 0x3B, 0xE2, 0x06, 0xFF, 0x18, 0x2C, 0x68, 0x00, 0x60, 0x00, 0x00, 0xB8, 0x00, 0xC5, 0xD3, 
0x5A, 0x3D, 0xE2, 0x06, 0xFF, 0x18, 0x2C, 0x68, 0x00, 0x60, 0x00, 0x00, 0xB8, 0x00, 0xC5, 0xD3, 
0x5B, 0x3F, 0xE2, 0x06, 0xFF, 0x18, 0x2C, 0x68, 0x00, 0x60, 0x00, 0x00, 0xBC, 0x00, 0xC5, 0xD3, 
0x5C, 0x39, 0xF2, 0x06, 0xFF, 0x18, 0x2C, 0x68, 0x00, 0x60, 0x00, 0x00, 0xBC, 0x00, 0xC5, 0xD3, 
0x5D, 0x3B, 0xF2, 0x06, 0xFF, 0x18, 0x2C, 0x68, 0x00, 0x60, 0x00, 0x00, 0xBC, 0x00, 0xC5, 0xD3, 
0x5E, 0x3D, 0xF2, 0x06, 0xFF, 0x18, 0x2C, 0x68, 0x00, 0x60, 0x00, 0x00, 0xBC, 0x00, 0xC5, 0xD3, 
0x5F, 0x3F, 0xF2, 0x06, 0xFF, 0x18, 0x2C, 0x68, 0x00, 0x60, 0x00, 0x00, 0xC0, 0x00, 0xC5, 0xD3, 
0x60, 0x39, 0x02, 0x07, 0xFF, 0x18, 0x2C, 0x68, 0x00, 0x60, 0x00, 0x00, 0xC0, 0x00, 0xC5, 0xD3, 
0x61, 0x3B, 0x02, 0x07, 0xFF, 0x18, 0x2C, 0x68, 0x00, 0x60, 0x00, 0x00, 0xC0, 0x00, 0xC5, 0xD3, 
0x62, 0x3D, 0x02, 0x07, 0xFF, 0x18, 0x2C, 0x68, 0x00, 0x60, 0x00, 0x00, 0xC0, 0x00, 0xC5, 0xD3, 
0x63, 0x3F, 0x02, 0x07, 0xFF, 0x18, 0x2C, 0x68, 0x00, 0x60, 0x00, 0x00, 0xC4, 0x00, 0xC5, 0xD3, 
0x44, 0x41, 0x12, 0x07, 0xFF, 0x18, 0x2C, 0x68, 0x00, 0x60, 0x00, 0x00, 0xC4, 0x00, 0xC5, 0xD3, 
0x45, 0x43, 0x12, 0x07, 0xFF, 0x18, 0x2C, 0x68, 0x00, 0x60, 0x00, 0x00, 0xC4, 0x00, 0xC5, 0xD3, 
0x46, 0x45, 0x12, 0x07, 0xFF, 0x18, 0x2C, 0x68, 0x00, 0x60, 0x00, 0x00, 0xC4, 0x00, 0xC5, 0xD3, 
0x47, 0x47, 0x12, 0x07, 0xFF, 0x18, 0x2C, 0x68, 0x00, 0x60, 0x00, 0x00, 0xC8, 0x00, 0xC5, 0xD3, 
0x48, 0x41, 0x22, 0x07, 0xFF, 0x18, 0x2C, 0x68, 0x00, 0x60, 0x00, 0x00, 0xC8, 0x00, 0xC5, 0xD3, 
0x49, 0x43, 0x22, 0x07, 0xFF, 0x18, 0x2C, 0x68, 0x00, 0x60, 0x00, 0x00, 0xC8, 0x00, 0xC5, 0xD3, 
0x4A, 0x45, 0x22, 0x07, 0xFF, 0x18, 0x2C, 0x68, 0x00, 0x60, 0x00, 0x00, 0xC8, 0x00, 0xC5, 0xD3, 
0x4B, 0x47, 0x22, 0x07, 0xFF, 0x18, 0x2C, 0x68, 0x00, 0x60, 0x00, 0x00, 0xCC, 0x00, 0xC5, 0xD3, 
0x4C, 0x41, 0x32, 0x07, 0xFF, 0x18, 0x2C, 0x68, 0x00, 0x60, 0x00, 0x00, 0xCC, 0x00, 0xC5, 0xD3, 
0x4D, 0x43, 0x32, 0x07, 0xFF, 0x18, 0x2C, 0x68, 0x00, 0x60, 0x00, 0x00, 0xCC, 0x00, 0xC5, 0xD3, 
0x4E, 0x45, 0x32, 0x07, 0xFF, 0x18, 0x2C, 0x68, 0x00, 0x60, 0x00, 0x00, 0xCC, 0x00, 0xC5, 0xD3, 
0x4F, 0x47, 0x32, 0x07, 0xFF, 0x18, 0x2C, 0x68, 0x00, 0x60, 0x00, 0x00, 0xD0, 0x00, 0xC5, 0xD3, 
0x50, 0x41, 0x42, 0x07, 0xFF, 0x18, 0x2C, 0x68, 0x00, 0x60, 0x00, 0x00, 0xD0, 0x00, 0xC5, 0xD3, 
0x51, 0x43, 0x42, 0x07, 0xFF, 0x18, 0x2C, 0x68, 0x00, 0x60, 0x00, 0x00, 0xD0, 0x00, 0xC5, 0xD3, 
0x52, 0x45, 0x42, 0x07, 0xFF, 0x18, 0x2C, 0x68, 0x00, 0x60, 0x00, 0x00, 0xD0, 0x00, 0xC5, 0xD3, 
0x53, 0x47, 0x42, 0x07, 0xFF, 0x18, 0x2C, 0x68, 0x00, 0x60, 0x00, 0x00, 0xD4, 0x00, 0xC5, 0xD3, 
0x54, 0x41, 0x52, 0x07, 0xFF, 0x18, 0x2C, 0x68, 0x00, 0x60, 0x00, 0x00, 0xD4, 0x00, 0xC5, 0xD3, 
0x55, 0x43, 0x52, 0x07, 0xFF, 0x18, 0x2C, 0x68, 0x00, 0x60, 0x00, 0x00, 0xD4, 0x00, 0xC5, 0xD3, 
0x56, 0x45, 0x52, 0x07, 0xFF, 0x18, 0x2C, 0x68, 0x00, 0x60, 0x00, 0x00, 0xD4, 0x00, 0xC5, 0xD3, 
0x57, 0x47, 0x52, 0x07, 0xFF, 0x18, 0x2C, 0x68, 0x00, 0x60, 0x00, 0x00, 0xD8, 0x00, 0xC5, 0xD3, 
0x58, 0x41, 0x62, 0x07, 0xFF, 0x18, 0x2C, 0x68, 0x00, 0x60, 0x00, 0x00, 0xD8, 0x00, 0xC5, 0xD3, 
0x59, 0x43, 0x62, 0x07, 0xFF, 0x18, 0x2C, 0x68, 0x00, 0x60, 0x00, 0x00, 0xD8, 0x00, 0xC5, 0xD3, 
0x5A, 0x45, 0x62, 0x07, 0xFF, 0x18, 0x2C, 0x68, 0x00, 0x60, 0x00, 0x00, 0xD8, 0x00, 0xC5, 0xD3, 
0x5B, 0x47, 0x62, 0x07, 0xFF, 0x18, 0x2C, 0x68, 0x00, 0x60, 0x00, 0x00, 0xDC, 0x00, 0xC5, 0xD3, 
0x5C, 0x41, 0x72, 0x07, 0xFF, 0x18, 0x2C, 0x68, 0x00, 0x60, 0x00, 0x00, 0xDC, 0x00, 0xC5, 0xD3, 
0x5D, 0x43, 0x72, 0x07, 0xFF, 0x18, 0x2C, 0x68, 0x00, 0x60, 0x00, 0x00, 0xDC, 0x00, 0xC5, 0xD3, 
0x5E, 0x45, 0x72, 0x07, 0xFF, 0x18, 0x2C, 0x68, 0x00, 0x60, 0x00, 0x00, 0xDC, 0x00, 0xC5, 0xD3, 
0x5F, 0x47, 0x72, 0x07, 0xFF, 0x18, 0x2C, 0x68, 0x00, 0x60, 0x00, 0x00, 0xE0, 0x00, 0xC5, 0xD3, 
0x60, 0x41, 0x82, 0x07, 0xFF, 0x18, 0x2C, 0x68, 0x00, 0x60, 0x00, 0x00, 0xE0, 0x00, 0xC5, 0xD3, 
0x61, 0x43, 0x82, 0x07, 0xFF, 0x18, 0x2C, 0x68, 0x00, 0x60, 0x00, 0x00, 0xE0, 0x00, 0xC5, 0xD3, 
0x62, 0x45, 0x82, 0x07, 0xFF, 0x18, 0x2C, 0x68, 0x00, 0x60, 0x00, 0x00, 0xE0, 0x00, 0xC5, 0xD3, 
0x63, 0x47, 0x82, 0x07, 0xFF, 0x18, 0x2C, 0x68, 0x00, 0x60, 0x00, 0x00, 0x7F, 0xC8, 0x8C, 0xBF, 
0x00, 0x00, 0x8A, 0xBF, 0xC0, 0x80, 0xC5, 0xD3, 0x84, 0x79, 0x02, 0x07, 0xFF, 0x1C, 0x2C, 0x68, 
0x00, 0x26, 0x02, 0x00, 0x00, 0x00, 0xFE, 0xD9, 0x16, 0x00, 0x00, 0x1C, 0x00, 0x04, 0xFE, 0xD9, 
0x16, 0x00, 0x00, 0x20, 0xC0, 0x80, 0xC5, 0xD3, 0x84, 0x79, 0x02, 0x07, 0x30, 0xE8, 0xE9, 0x0B, 
0xFA, 0x02, 0xEE, 0x7F, 0xF4, 0xFF, 0x00, 0xFF, 0xC0, 0x80, 0xC5, 0xD3, 0x84, 0x79, 0x02, 0x07, 
0xFF, 0x1C, 0x2C, 0x68, 0x00, 0x26, 0x02, 0x00, 0x00, 0x08, 0xFE, 0xD9, 0x16, 0x00, 0x00, 0x24, 
0x00, 0x0C, 0xFE, 0xD9, 0x16, 0x00, 0x00, 0x28, 0xC0, 0x80, 0xC5, 0xD3, 0x84, 0x79, 0x02, 0x07, 
0xFA, 0x02, 0xEC, 0x7F, 0xF4, 0xAA, 0x00, 0xFF, 0xC4, 0x80, 0xC5, 0xD3, 0x85, 0x79, 0x12, 0x07, 
0xFF, 0x1C, 0x2C, 0x68, 0x00, 0x26, 0x02, 0x00, 0x00, 0x10, 0xFE, 0xD9, 0x16, 0x00, 0x00, 0x2C, 
0x00, 0x14, 0xFE, 0xD9, 0x16, 0x00, 0x00, 0x30, 0xC4, 0x80, 0xC5, 0xD3, 0x85, 0x79, 0x12, 0x07, 
0xFA, 0x02, 0xEA, 0x7F, 0xF4, 0x55, 0x00, 0xFF, 0xC4, 0x80, 0xC5, 0xD3, 0x85, 0x79, 0x12, 0x07, 
0xFF, 0x1C, 0x2C, 0x68, 0x00, 0x26, 0x02, 0x00, 0x00, 0x18, 0xFE, 0xD9, 0x16, 0x00, 0x00, 0x34, 
0x00, 0x1C, 0xFE, 0xD9, 0x16, 0x00, 0x00, 0x38, 0xC4, 0x80, 0xC5, 0xD3, 0x85, 0x79, 0x12, 0x07, 
0xFA, 0x02, 0xE8, 0x7F, 0xF4, 0x00, 0x00, 0xFF, 0xC8, 0x80, 0xC5, 0xD3, 0x86, 0x79, 0x22, 0x07, 
0x7A, 0x0F, 0x8C, 0xBF, 0x00, 0x00, 0x8A, 0xBF, 0xFF, 0x18, 0x2C, 0x68, 0x00, 0xC0, 0x00, 0x00, 
0x00, 0x00, 0xFE, 0xD9, 0x16, 0x00, 0x00, 0x64, 0xC8, 0x80, 0xC5, 0xD3, 0x86, 0x79, 0x22, 0x07, 
0xFF, 0x18, 0x2C, 0x68, 0x00, 0xC0, 0x00, 0x00, 0x00, 0x04, 0xFE, 0xD9, 0x16, 0x00, 0x00, 0x68, 
0xC8, 0x80, 0xC5, 0xD3, 0x86, 0x79, 0x22, 0x07, 0xFF, 0x18, 0x2C, 0x68, 0x00, 0xC0, 0x00, 0x00, 
0x00, 0x08, 0xFE, 0xD9, 0x16, 0x00, 0x00, 0x6C, 0xC8, 0x80, 0xC5, 0xD3, 0x86, 0x79, 0x22, 0x07, 
0xFF, 0x18, 0x2C, 0x68, 0x00, 0xC0, 0x00, 0x00, 0x00, 0x0C, 0xFE, 0xD9, 0x16, 0x00, 0x00, 0x70, 
0xCC, 0x80, 0xC5, 0xD3, 0x87, 0x79, 0x32, 0x07, 0xFF, 0x18, 0x2C, 0x68, 0x00, 0xC0, 0x00, 0x00, 
0x00, 0x10, 0xFE, 0xD9, 0x16, 0x00, 0x00, 0x74, 0xCC, 0x80, 0xC5, 0xD3, 0x87, 0x79, 0x32, 0x07, 
0xFF, 0x18, 0x2C, 0x68, 0x00, 0xC0, 0x00, 0x00, 0x00, 0x14, 0xFE, 0xD9, 0x16, 0x00, 0x00, 0x78, 
0xCC, 0x80, 0xC5, 0xD3, 0x87, 0x79, 0x32, 0x07, 0xFF, 0x18, 0x2C, 0x68, 0x00, 0xC0, 0x00, 0x00, 
0x00, 0x18, 0xFE, 0xD9, 0x16, 0x00, 0x00, 0x7C, 0xCC, 0x80, 0xC5, 0xD3, 0x87, 0x79, 0x32, 0x07, 
0xFF, 0x18, 0x2C, 0x68, 0x00, 0xC0, 0x00, 0x00, 0x00, 0x1C, 0xFE, 0xD9, 0x16, 0x00, 0x00, 0x80, 
0xD0, 0x80, 0xC5, 0xD3, 0x88, 0x79, 0x42, 0x07, 0xFF, 0x18, 0x2C, 0x68, 0x00, 0xC0, 0x00, 0x00, 
0xD0, 0x80, 0xC5, 0xD3, 0x88, 0x79, 0x42, 0x07, 0xFF, 0x18, 0x2C, 0x68, 0x00, 0xC0, 0x00, 0x00, 
0xD0, 0x80, 0xC5, 0xD3, 0x88, 0x79, 0x42, 0x07, 0xFF, 0x18, 0x2C, 0x68, 0x00, 0xC0, 0x00, 0x00, 
0xD0, 0x80, 0xC5, 0xD3, 0x88, 0x79, 0x42, 0x07, 0xFF, 0x18, 0x2C, 0x68, 0x00, 0xC0, 0x00, 0x00, 
0xD4, 0x80, 0xC5, 0xD3, 0x89, 0x79, 0x52, 0x07, 0xFF, 0x18, 0x2C, 0x68, 0x00, 0xC0, 0x00, 0x00, 
0xD4, 0x80, 0xC5, 0xD3, 0x89, 0x79, 0x52, 0x07, 0xFF, 0x18, 0x2C, 0x68, 0x00, 0xC0, 0x00, 0x00, 
0xD4, 0x80, 0xC5, 0xD3, 0x89, 0x79, 0x52, 0x07, 0xFF, 0x18, 0x2C, 0x68, 0x00, 0xC0, 0x00, 0x00, 
0xD4, 0x80, 0xC5, 0xD3, 0x89, 0x79, 0x52, 0x07, 0xFF, 0x18, 0x2C, 0x68, 0x00, 0xC0, 0x00, 0x00, 
0xD8, 0x80, 0xC5, 0xD3, 0x8A, 0x79, 0x62, 0x07, 0xFF, 0x18, 0x2C, 0x68, 0x00, 0xC0, 0x00, 0x00, 
0xD8, 0x80, 0xC5, 0xD3, 0x8A, 0x79, 0x62, 0x07, 0xFF, 0x18, 0x2C, 0x68, 0x00, 0xC0, 0x00, 0x00, 
0xD8, 0x80, 0xC5, 0xD3, 0x8A, 0x79, 0x62, 0x07, 0xFF, 0x18, 0x2C, 0x68, 0x00, 0xC0, 0x00, 0x00, 
0xD8, 0x80, 0xC5, 0xD3, 0x8A, 0x79, 0x62, 0x07, 0xFF, 0x18, 0x2C, 0x68, 0x00, 0xC0, 0x00, 0x00, 
0xDC, 0x80, 0xC5, 0xD3, 0x8B, 0x79, 0x72, 0x07, 0xFF, 0x18, 0x2C, 0x68, 0x00, 0xC0, 0x00, 0x00, 
0xDC, 0x80, 0xC5, 0xD3, 0x8B, 0x79, 0x72, 0x07, 0xFF, 0x18, 0x2C, 0x68, 0x00, 0xC0, 0x00, 0x00, 
0xDC, 0x80, 0xC5, 0xD3, 0x8B, 0x79, 0x72, 0x07, 0xFF, 0x18, 0x2C, 0x68, 0x00, 0xC0, 0x00, 0x00, 
0xDC, 0x80, 0xC5, 0xD3, 0x8B, 0x79, 0x72, 0x07, 0xFF, 0x18, 0x2C, 0x68, 0x00, 0xC0, 0x00, 0x00, 
0xE0, 0x80, 0xC5, 0xD3, 0x84, 0x7B, 0x82, 0x07, 0xFF, 0x18, 0x2C, 0x68, 0x00, 0xC0, 0x00, 0x00, 
0xE0, 0x80, 0xC5, 0xD3, 0x84, 0x7B, 0x82, 0x07, 0xFF, 0x18, 0x2C, 0x68, 0x00, 0xC0, 0x00, 0x00, 
0xE0, 0x80, 0xC5, 0xD3, 0x84, 0x7B, 0x82, 0x07, 0xFF, 0x18, 0x2C, 0x68, 0x00, 0xC0, 0x00, 0x00, 
0xE0, 0x80, 0xC5, 0xD3, 0x84, 0x7B, 0x82, 0x07, 0xFF, 0x18, 0x2C, 0x68, 0x00, 0xC0, 0x00, 0x00, 
0xE4, 0x80, 0xC5, 0xD3, 0x85, 0x7B, 0x92, 0x07, 0xFF, 0x18, 0x2C, 0x68, 0x00, 0xC0, 0x00, 0x00, 
0xE4, 0x80, 0xC5, 0xD3, 0x85, 0x7B, 0x92, 0x07, 0xFF, 0x18, 0x2C, 0x68, 0x00, 0xC0, 0x00, 0x00, 
0xE4, 0x80, 0xC5, 0xD3, 0x85, 0x7B, 0x92, 0x07, 0xFF, 0x18, 0x2C, 0x68, 0x00, 0xC0, 0x00, 0x00, 
0xE4, 0x80, 0xC5, 0xD3, 0x85, 0x7B, 0x92, 0x07, 0xFF, 0x18, 0x2C, 0x68, 0x00, 0xC0, 0x00, 0x00, 
0xE8, 0x80, 0xC5, 0xD3, 0x86, 0x7B, 0xA2, 0x07, 0xFF, 0x18, 0x2C, 0x68, 0x00, 0xC0, 0x00, 0x00, 
0xE8, 0x80, 0xC5, 0xD3, 0x86, 0x7B, 0xA2, 0x07, 0xFF, 0x18, 0x2C, 0x68, 0x00, 0xC0, 0x00, 0x00, 
0xE8, 0x80, 0xC5, 0xD3, 0x86, 0x7B, 0xA2, 0x07, 0xFF, 0x18, 0x2C, 0x68, 0x00, 0xC0, 0x00, 0x00, 
0xE8, 0x80, 0xC5, 0xD3, 0x86, 0x7B, 0xA2, 0x07, 0xFF, 0x18, 0x2C, 0x68, 0x00, 0xC0, 0x00, 0x00, 
0xEC, 0x80, 0xC5, 0xD3, 0x87, 0x7B, 0xB2, 0x07, 0xFF, 0x18, 0x2C, 0x68, 0x00, 0xC0, 0x00, 0x00, 
0xEC, 0x80, 0xC5, 0xD3, 0x87, 0x7B, 0xB2, 0x07, 0xFF, 0x18, 0x2C, 0x68, 0x00, 0xC0, 0x00, 0x00, 
0xEC, 0x80, 0xC5, 0xD3, 0x87, 0x7B, 0xB2, 0x07, 0xFF, 0x18, 0x2C, 0x68, 0x00, 0xC0, 0x00, 0x00, 
0xEC, 0x80, 0xC5, 0xD3, 0x87, 0x7B, 0xB2, 0x07, 0xFF, 0x18, 0x2C, 0x68, 0x00, 0xC0, 0x00, 0x00, 
0xF0, 0x80, 0xC5, 0xD3, 0x88, 0x7B, 0xC2, 0x07, 0xFF, 0x18, 0x2C, 0x68, 0x00, 0xC0, 0x00, 0x00, 
0xF0, 0x80, 0xC5, 0xD3, 0x88, 0x7B, 0xC2, 0x07, 0xFF, 0x18, 0x2C, 0x68, 0x00, 0xC0, 0x00, 0x00, 
0xF0, 0x80, 0xC5, 0xD3, 0x88, 0x7B, 0xC2, 0x07, 0xFF, 0x18, 0x2C, 0x68, 0x00, 0xC0, 0x00, 0x00, 
0xF0, 0x80, 0xC5, 0xD3, 0x88, 0x7B, 0xC2, 0x07, 0xFF, 0x18, 0x2C, 0x68, 0x00, 0xC0, 0x00, 0x00, 
0xF4, 0x80, 0xC5, 0xD3, 0x89, 0x7B, 0xD2, 0x07, 0xFF, 0x18, 0x2C, 0x68, 0x00, 0xC0, 0x00, 0x00, 
0xF4, 0x80, 0xC5, 0xD3, 0x89, 0x7B, 0xD2, 0x07, 0xFF, 0x18, 0x2C, 0x68, 0x00, 0xC0, 0x00, 0x00, 
0xF4, 0x80, 0xC5, 0xD3, 0x89, 0x7B, 0xD2, 0x07, 0xFF, 0x18, 0x2C, 0x68, 0x00, 0xC0, 0x00, 0x00, 
0xF4, 0x80, 0xC5, 0xD3, 0x89, 0x7B, 0xD2, 0x07, 0xFF, 0x18, 0x2C, 0x68, 0x00, 0xC0, 0x00, 0x00, 
0xF8, 0x80, 0xC5, 0xD3, 0x8A, 0x7B, 0xE2, 0x07, 0xFF, 0x18, 0x2C, 0x68, 0x00, 0xC0, 0x00, 0x00, 
0xF8, 0x80, 0xC5, 0xD3, 0x8A, 0x7B, 0xE2, 0x07, 0xFF, 0x18, 0x2C, 0x68, 0x00, 0xC0, 0x00, 0x00, 
0xF8, 0x80, 0xC5, 0xD3, 0x8A, 0x7B, 0xE2, 0x07, 0xFF, 0x18, 0x2C, 0x68, 0x00, 0xC0, 0x00, 0x00, 
0xF8, 0x80, 0xC5, 0xD3, 0x8A, 0x7B, 0xE2, 0x07, 0xFF, 0x18, 0x2C, 0x68, 0x00, 0xC0, 0x00, 0x00, 
0xFC, 0x80, 0xC5, 0xD3, 0x8B, 0x7B, 0xF2, 0x07, 0xFF, 0x18, 0x2C, 0x68, 0x00, 0xC0, 0x00, 0x00, 
0xFC, 0x80, 0xC5, 0xD3, 0x8B, 0x7B, 0xF2, 0x07, 0xFF, 0x18, 0x2C, 0x68, 0x00, 0xC0, 0x00, 0x00, 
0xFC, 0x80, 0xC5, 0xD3, 0x8B, 0x7B, 0xF2, 0x07, 0xFF, 0x18, 0x2C, 0x68, 0x00, 0xC0, 0x00, 0x00, 
0xFC, 0x80, 0xC5, 0xD3, 0x8B, 0x7B, 0xF2, 0x07, 0xFF, 0x18, 0x2C, 0x68, 0x00, 0xC0, 0x00, 0x00, 
0x78, 0x02, 0x8C, 0xBF, 0x00, 0x00, 0x8A, 0xBF, 0xE4, 0x00, 0xC5, 0xD3, 0x1C, 0x81, 0x02, 0x12, 
0x4B, 0x00, 0xFC, 0xBE, 0x00, 0x20, 0x51, 0xE0, 0x0B, 0x00, 0x06, 0x80, 0xE4, 0x00, 0xC5, 0xD3, 
0x1D, 0x83, 0x92, 0x17, 0x80, 0x18, 0x2C, 0x68, 0x00, 0x00, 0xFE, 0xD9, 0x16, 0x00, 0x00, 0x84, 
0x00, 0x04, 0xFE, 0xD9, 0x16, 0x00, 0x00, 0x88, 0xE4, 0x00, 0xC5, 0xD3, 0x1E, 0x85, 0x92, 0x17, 
0x51, 0x00, 0xFC, 0xBE, 0x00, 0x10, 0x5D, 0xE0, 0x03, 0x00, 0x05, 0x64, 0xFF, 0x7C, 0x7C, 0x80, 
0x00, 0x10, 0x00, 0x00, 0xE4, 0x00, 0xC5, 0xD3, 0x1F, 0x87, 0x92, 0x17, 0x80, 0x18, 0x2C, 0x68, 
0x00, 0x08, 0xFE, 0xD9, 0x16, 0x00, 0x00, 0x8C, 0x00, 0x0C, 0xFE, 0xD9, 0x16, 0x00, 0x00, 0x90, 
0xE4, 0x00, 0xC5, 0xD3, 0x20, 0x99, 0x92, 0x17, 0x51, 0x00, 0xFC, 0xBE, 0x00, 0x10, 0x5D, 0xE0, 
0x04, 0x00, 0x05, 0x64, 0xFF, 0x7C, 0x7C, 0x80, 0x00, 0x10, 0x00, 0x00, 0xE4, 0x00, 0xC5, 0xD3, 
0x21, 0x9B, 0x92, 0x17, 0x80, 0x18, 0x2C, 0x68, 0x00, 0x10, 0xFE, 0xD9, 0x16, 0x00, 0x00, 0x94, 
0x00, 0x14, 0xFE, 0xD9, 0x16, 0x00, 0x00, 0x98, 0xE4, 0x00, 0xC5, 0xD3, 0x22, 0x9D, 0x92, 0x17, 
0x54, 0x00, 0xFC, 0xBE, 0x00, 0x10, 0x5D, 0xE0, 0x03, 0x00, 0x07, 0x63, 0xFF, 0x7C, 0x7C, 0x80, 
0x00, 0x10, 0x00, 0x00, 0xE4, 0x00, 0xC5, 0xD3, 0x23, 0x9F, 0x92, 0x17, 0x80, 0x18, 0x2C, 0x68, 
0x00, 0x18, 0xFE, 0xD9, 0x16, 0x00, 0x00, 0x9C, 0x00, 0x1C, 0xFE, 0xD9, 0x16, 0x00, 0x00, 0xA0, 
0xE4, 0x00, 0xC5, 0xD3, 0x24, 0xB1, 0x92, 0x17, 0x54, 0x00, 0xFC, 0xBE, 0x00, 0x10, 0x5D, 0xE0, 
0x04, 0x00, 0x07, 0x63, 0xFF, 0x7C, 0x7C, 0x80, 0x00, 0x10, 0x00, 0x00, 0xE4, 0x00, 0xC5, 0xD3, 
0x25, 0xB3, 0x92, 0x17, 0x80, 0x18, 0x2C, 0x68, 0xE4, 0x00, 0xC5, 0xD3, 0x26, 0xB5, 0x92, 0x17, 
0x4E, 0x00, 0xFC, 0xBE, 0x00, 0x10, 0x5D, 0xE0, 0x01, 0x00, 0x02, 0x62, 0xFF, 0x7C, 0x7C, 0x80, 
0x00, 0x10, 0x00, 0x00, 0xE4, 0x00, 0xC5, 0xD3, 0x27, 0xB7, 0x92, 0x17, 0x4E, 0x00, 0xFC, 0xBE, 
0x00, 0x10, 0x5D, 0xE0, 0x02, 0x00, 0x02, 0x62, 0xFF, 0x7C, 0x7C, 0x80, 0x00, 0x10, 0x00, 0x00, 
0xE4, 0x00, 0xC5, 0xD3, 0x28, 0xC9, 0x92, 0x17, 0xE4, 0x00, 0xC5, 0xD3, 0x29, 0xCB, 0x92, 0x17, 
0xE4, 0x00, 0xC5, 0xD3, 0x2A, 0xCD, 0x92, 0x17, 0xE4, 0x00, 0xC5, 0xD3, 0x2B, 0xCF, 0x92, 0x17, 
0xE4, 0x00, 0xC5, 0xD3, 0x2C, 0xE1, 0x92, 0x17, 0xE4, 0x00, 0xC5, 0xD3, 0x2D, 0xE3, 0x92, 0x17, 
0xE4, 0x00, 0xC5, 0xD3, 0x2E, 0xE5, 0x92, 0x17, 0xE4, 0x00, 0xC5, 0xD3, 0x2F, 0xE7, 0x92, 0x17, 
0xE4, 0x00, 0xC5, 0xD3, 0x30, 0xF9, 0x92, 0x17, 0xE4, 0x00, 0xC5, 0xD3, 0x31, 0xFB, 0x92, 0x17, 
0xE4, 0x00, 0xC5, 0xD3, 0x32, 0xFD, 0x92, 0x17, 0xE4, 0x00, 0xC5, 0xD3, 0x33, 0xFF, 0x92, 0x17, 
0xE4, 0x00, 0xC5, 0xD3, 0x34, 0x11, 0x93, 0x17, 0xE4, 0x00, 0xC5, 0xD3, 0x35, 0x13, 0x93, 0x17, 
0xE4, 0x00, 0xC5, 0xD3, 0x36, 0x15, 0x93, 0x17, 0xE4, 0x00, 0xC5, 0xD3, 0x37, 0x17, 0x93, 0x17, 
0xE4, 0x00, 0xC5, 0xD3, 0x38, 0x29, 0x93, 0x17, 0xE4, 0x00, 0xC5, 0xD3, 0x39, 0x2B, 0x93, 0x17, 
0xE4, 0x00, 0xC5, 0xD3, 0x3A, 0x2D, 0x93, 0x17, 0xE4, 0x00, 0xC5, 0xD3, 0x3B, 0x2F, 0x93, 0x17, 
0xE8, 0x00, 0xC5, 0xD3, 0x1C, 0x89, 0x02, 0x12, 0xE8, 0x00, 0xC5, 0xD3, 0x1D, 0x8B, 0xA2, 0x17, 
0xE8, 0x00, 0xC5, 0xD3, 0x1E, 0x8D, 0xA2, 0x17, 0xE8, 0x00, 0xC5, 0xD3, 0x1F, 0x8F, 0xA2, 0x17, 
0xE8, 0x00, 0xC5, 0xD3, 0x20, 0xA1, 0xA2, 0x17, 0xE8, 0x00, 0xC5, 0xD3, 0x21, 0xA3, 0xA2, 0x17, 
0xE8, 0x00, 0xC5, 0xD3, 0x22, 0xA5, 0xA2, 0x17, 0xE8, 0x00, 0xC5, 0xD3, 0x23, 0xA7, 0xA2, 0x17, 
0xE8, 0x00, 0xC5, 0xD3, 0x24, 0xB9, 0xA2, 0x17, 0xE8, 0x00, 0xC5, 0xD3, 0x25, 0xBB, 0xA2, 0x17, 
0xE8, 0x00, 0xC5, 0xD3, 0x26, 0xBD, 0xA2, 0x17, 0xE8, 0x00, 0xC5, 0xD3, 0x27, 0xBF, 0xA2, 0x17, 
0xE8, 0x00, 0xC5, 0xD3, 0x28, 0xD1, 0xA2, 0x17, 0xE8, 0x00, 0xC5, 0xD3, 0x29, 0xD3, 0xA2, 0x17, 
0xE8, 0x00, 0xC5, 0xD3, 0x2A, 0xD5, 0xA2, 0x17, 0xE8, 0x00, 0xC5, 0xD3, 0x2B, 0xD7, 0xA2, 0x17, 
0xE8, 0x00, 0xC5, 0xD3, 0x2C, 0xE9, 0xA2, 0x17, 0xE8, 0x00, 0xC5, 0xD3, 0x2D, 0xEB, 0xA2, 0x17, 
0xE8, 0x00, 0xC5, 0xD3, 0x2E, 0xED, 0xA2, 0x17, 0xE8, 0x00, 0xC5, 0xD3, 0x2F, 0xEF, 0xA2, 0x17, 
0xE8, 0x00, 0xC5, 0xD3, 0x30, 0x01, 0xA3, 0x17, 0xE8, 0x00, 0xC5, 0xD3, 0x31, 0x03, 0xA3, 0x17, 
0xE8, 0x00, 0xC5, 0xD3, 0x32, 0x05, 0xA3, 0x17, 0xE8, 0x00, 0xC5, 0xD3, 0x33, 0x07, 0xA3, 0x17, 
0xE8, 0x00, 0xC5, 0xD3, 0x34, 0x19, 0xA3, 0x17, 0xE8, 0x00, 0xC5, 0xD3, 0x35, 0x1B, 0xA3, 0x17, 
0xE8, 0x00, 0xC5, 0xD3, 0x36, 0x1D, 0xA3, 0x17, 0xE8, 0x00, 0xC5, 0xD3, 0x37, 0x1F, 0xA3, 0x17, 
0xE8, 0x00, 0xC5, 0xD3, 0x38, 0x31, 0xA3, 0x17, 0xB0, 0x3B, 0x3C, 0x80, 0x3C, 0x3A, 0x0A, 0xBF, 
0x44, 0x80, 0x44, 0x85, 0x46, 0x80, 0x46, 0x85, 0x45, 0x80, 0x45, 0x85, 0xE8, 0x00, 0xC5, 0xD3, 
0x39, 0x33, 0xA3, 0x17, 0x45, 0x16, 0x16, 0x68, 0x46, 0x64, 0x64, 0x80, 0xE8, 0x00, 0xC5, 0xD3, 
0x3A, 0x35, 0xA3, 0x17, 0x46, 0x63, 0x63, 0x80, 0x44, 0x62, 0x62, 0x80, 0xE8, 0x00, 0xC5, 0xD3, 
0x3B, 0x37, 0xA3, 0x17, 0x3B, 0x90, 0x09, 0xBF, 0x43, 0x42, 0x42, 0x85, 0x10, 0x00, 0x3B, 0xB7, 
0x00, 0x00, 0x80, 0xBF, 0x3B, 0x3A, 0x04, 0xBF, 0x01, 0x00, 0x84, 0xBF, 0xE0, 0xEE, 0x82, 0xBF, 
0x00, 0x00, 0x80, 0xBF, 0x00, 0x00, 0x80, 0xBF, 0x3E, 0x22, 0x82, 0xBF, 0x80, 0x02, 0x2C, 0x7E, 
0xFF, 0x36, 0x2E, 0x68, 0x00, 0x46, 0x02, 0x00, 0x00, 0x00, 0x1A, 0xD8, 0x17, 0x16, 0x00, 0x00, 
0x00, 0x00, 0x8A, 0xBF, 0x1C, 0x00, 0xC5, 0xD3, 0x84, 0x01, 0x02, 0x12, 0x2F, 0xC8, 0xC9, 0x0B, 
0x2F, 0xCA, 0xCB, 0x0B, 0x2F, 0xCC, 0xCD, 0x0B, 0x2F, 0xCE, 0xCF, 0x0B, 0x1C, 0x00, 0xC5, 0xD3, 
0x85, 0x03, 0x72, 0x14, 0x2F, 0xD0, 0xD1, 0x0B, 0x2F, 0xD2, 0xD3, 0x0B, 0x2F, 0xD4, 0xD5, 0x0B, 
0x2F, 0xD6, 0xD7, 0x0B, 0x1C, 0x00, 0xC5, 0xD3, 0x86, 0x05, 0x72, 0x14, 0x00, 0x10, 0x34, 0xE1, 
0x07, 0xEC, 0x08, 0x80, 0x1C, 0x00, 0xC5, 0xD3, 0x87, 0x07, 0x72, 0x14, 0x2E, 0x88, 0x3C, 0x92, 
0x3C, 0x01, 0x11, 0xBF, 0x64, 0xF1, 0xF1, 0x0B, 0x00, 0x00, 0x9C, 0xBF, 0x3C, 0x01, 0x11, 0xBF, 
0x65, 0xF3, 0xF3, 0x0B, 0x00, 0x00, 0x9C, 0xBF, 0x3C, 0x01, 0x11, 0xBF, 0x66, 0xF5, 0xF5, 0x0B, 
0x00, 0x00, 0x9C, 0xBF, 0x3C, 0x01, 0x11, 0xBF, 0x67, 0xF7, 0xF7, 0x0B, 0x00, 0x00, 0x9C, 0xBF, 
0x1C, 0x00, 0xC5, 0xD3, 0x88, 0x09, 0x72, 0x14, 0x00, 0x10, 0x34, 0xE1, 0x08, 0xED, 0x08, 0x80, 
0x1C, 0x00, 0xC5, 0xD3, 0x89, 0x0B, 0x72, 0x14, 0x2E, 0x88, 0x3C, 0x92, 0x3C, 0x01, 0x11, 0xBF, 
0x68, 0xF9, 0xF9, 0x0B, 0x00, 0x00, 0x9C, 0xBF, 0x3C, 0x01, 0x11, 0xBF, 0x69, 0xFB, 0xFB, 0x0B, 
0x00, 0x00, 0x9C, 0xBF, 0x3C, 0x01, 0x11, 0xBF, 0x6A, 0xFD, 0xFD, 0x0B, 0x00, 0x00, 0x9C, 0xBF, 
0x3C, 0x01, 0x11, 0xBF, 0x6B, 0xFF, 0xFF, 0x0B, 0x00, 0x00, 0x9C, 0xBF, 0x1C, 0x00, 0xC5, 0xD3, 
0x8A, 0x0D, 0x72, 0x14, 0xF8, 0x40, 0xB2, 0xD3, 0xFA, 0xF1, 0x03, 0x18, 0xFC, 0x40, 0xB2, 0xD3, 
0xFE, 0xF9, 0x03, 0x18, 0xF8, 0x40, 0xB2, 0xD3, 0xFC, 0xF1, 0x03, 0x18, 0xF9, 0xF1, 0xF1, 0x03, 
0xF8, 0x03, 0xF2, 0x7F, 0xF9, 0xB5, 0xF0, 0x7F, 0xF9, 0xF1, 0xF1, 0x03, 0xF8, 0x03, 0xF2, 0x7F, 
0xF9, 0xB3, 0xF0, 0x7F, 0xF9, 0xF1, 0xF1, 0x03, 0xFF, 0x36, 0x2C, 0x68, 0x00, 0x46, 0x02, 0x00, 
0x00, 0x00, 0x2A, 0xD8, 0x16, 0xF8, 0x00, 0x00, 0x1C, 0x00, 0xC5, 0xD3, 0x8B, 0x0F, 0x72, 0x14, 
0x00, 0x60, 0x6C, 0xD8, 0x0D, 0x00, 0x00, 0x44, 0x40, 0x60, 0x6C, 0xD8, 0x0D, 0x00, 0x00, 0x45, 
0x80, 0x60, 0x6C, 0xD8, 0x0D, 0x00, 0x00, 0x46, 0xC0, 0x60, 0x6C, 0xD8, 0x0D, 0x00, 0x00, 0x47, 
0x00, 0x64, 0x6C, 0xD8, 0x0D, 0x00, 0x00, 0x48, 0x40, 0x64, 0x6C, 0xD8, 0x0D, 0x00, 0x00, 0x49, 
0x80, 0x64, 0x6C, 0xD8, 0x0D, 0x00, 0x00, 0x4A, 0xC0, 0x64, 0x6C, 0xD8, 0x0D, 0x00, 0x00, 0x4B, 
0x1C, 0x00, 0xC5, 0xD3, 0x8C, 0x11, 0x72, 0x14, 0x00, 0x68, 0x6C, 0xD8, 0x0D, 0x00, 0x00, 0x4C, 
0x40, 0x68, 0x6C, 0xD8, 0x0D, 0x00, 0x00, 0x4D, 0x80, 0x68, 0x6C, 0xD8, 0x0D, 0x00, 0x00, 0x4E, 
0xC0, 0x68, 0x6C, 0xD8, 0x0D, 0x00, 0x00, 0x4F, 0x00, 0x6C, 0x6C, 0xD8, 0x0D, 0x00, 0x00, 0x50, 
0x40, 0x6C, 0x6C, 0xD8, 0x0D, 0x00, 0x00, 0x51, 0x80, 0x6C, 0x6C, 0xD8, 0x0D, 0x00, 0x00, 0x52, 
0xC0, 0x6C, 0x6C, 0xD8, 0x0D, 0x00, 0x00, 0x53, 0x1C, 0x00, 0xC5, 0xD3, 0x8D, 0x13, 0x72, 0x14, 
0x00, 0x70, 0x6C, 0xD8, 0x0D, 0x00, 0x00, 0x54, 0x40, 0x70, 0x6C, 0xD8, 0x0D, 0x00, 0x00, 0x55, 
0x80, 0x70, 0x6C, 0xD8, 0x0D, 0x00, 0x00, 0x56, 0xC0, 0x70, 0x6C, 0xD8, 0x0D, 0x00, 0x00, 0x57, 
0x00, 0x74, 0x6C, 0xD8, 0x0D, 0x00, 0x00, 0x58, 0x40, 0x74, 0x6C, 0xD8, 0x0D, 0x00, 0x00, 0x59, 
0x80, 0x74, 0x6C, 0xD8, 0x0D, 0x00, 0x00, 0x5A, 0xC0, 0x74, 0x6C, 0xD8, 0x0D, 0x00, 0x00, 0x5B, 
0x1C, 0x00, 0xC5, 0xD3, 0x8E, 0x15, 0x72, 0x14, 0x00, 0x78, 0x6C, 0xD8, 0x0D, 0x00, 0x00, 0x5C, 
0x40, 0x78, 0x6C, 0xD8, 0x0D, 0x00, 0x00, 0x5D, 0x80, 0x78, 0x6C, 0xD8, 0x0D, 0x00, 0x00, 0x5E, 
0xC0, 0x78, 0x6C, 0xD8, 0x0D, 0x00, 0x00, 0x5F, 0x00, 0x7C, 0x6C, 0xD8, 0x0D, 0x00, 0x00, 0x60, 
0x40, 0x7C, 0x6C, 0xD8, 0x0D, 0x00, 0x00, 0x61, 0x80, 0x7C, 0x6C, 0xD8, 0x0D, 0x00, 0x00, 0x62, 
0xC0, 0x7C, 0x6C, 0xD8, 0x0D, 0x00, 0x00, 0x63, 0x1C, 0x00, 0xC5, 0xD3, 0x8F, 0x17, 0x72, 0x14, 
0x1C, 0x00, 0xC5, 0xD3, 0x90, 0x19, 0x72, 0x14, 0x1C, 0x00, 0xC5, 0xD3, 0x91, 0x1B, 0x72, 0x14, 
0x1C, 0x00, 0xC5, 0xD3, 0x92, 0x1D, 0x72, 0x14, 0x1C, 0x00, 0xC5, 0xD3, 0x93, 0x1F, 0x72, 0x14, 
0x1C, 0x00, 0xC5, 0xD3, 0x94, 0x21, 0x72, 0x14, 0x1C, 0x00, 0xC5, 0xD3, 0x95, 0x23, 0x72, 0x14, 
0x1C, 0x00, 0xC5, 0xD3, 0x96, 0x25, 0x72, 0x14, 0x1C, 0x00, 0xC5, 0xD3, 0x97, 0x27, 0x72, 0x14, 
0x1C, 0x00, 0xC5, 0xD3, 0x98, 0x29, 0x72, 0x14, 0x1C, 0x00, 0xC5, 0xD3, 0x99, 0x2B, 0x72, 0x14, 
0x1C, 0x00, 0xC5, 0xD3, 0x9A, 0x2D, 0x72, 0x14, 0x1C, 0x00, 0xC5, 0xD3, 0x9B, 0x2F, 0x72, 0x14, 
0x1C, 0x00, 0xC5, 0xD3, 0x9C, 0x31, 0x72, 0x14, 0x1C, 0x00, 0xC5, 0xD3, 0x9D, 0x33, 0x72, 0x14, 
0x1C, 0x00, 0xC5, 0xD3, 0x9E, 0x35, 0x72, 0x14, 0x1C, 0x00, 0xC5, 0xD3, 0x9F, 0x37, 0x72, 0x14, 
0x1C, 0x00, 0xC5, 0xD3, 0xA0, 0x39, 0x72, 0x14, 0x1C, 0x00, 0xC5, 0xD3, 0xA1, 0x3B, 0x72, 0x14, 
0x1C, 0x00, 0xC5, 0xD3, 0xA2, 0x3D, 0x72, 0x14, 0x1C, 0x00, 0xC5, 0xD3, 0xA3, 0x3F, 0x72, 0x14, 
0x20, 0x00, 0xC5, 0xD3, 0x84, 0x21, 0x02, 0x12, 0x20, 0x00, 0xC5, 0xD3, 0x85, 0x23, 0x82, 0x14, 
0x20, 0x00, 0xC5, 0xD3, 0x86, 0x25, 0x82, 0x14, 0x20, 0x00, 0xC5, 0xD3, 0x87, 0x27, 0x82, 0x14, 
0x20, 0x00, 0xC5, 0xD3, 0x88, 0x29, 0x82, 0x14, 0x20, 0x00, 0xC5, 0xD3, 0x89, 0x2B, 0x82, 0x14, 
0x20, 0x00, 0xC5, 0xD3, 0x8A, 0x2D, 0x82, 0x14, 0x20, 0x00, 0xC5, 0xD3, 0x8B, 0x2F, 0x82, 0x14, 
0x20, 0x00, 0xC5, 0xD3, 0x8C, 0x31, 0x82, 0x14, 0x20, 0x00, 0xC5, 0xD3, 0x8D, 0x33, 0x82, 0x14, 
0x20, 0x00, 0xC5, 0xD3, 0x8E, 0x35, 0x82, 0x14, 0x20, 0x00, 0xC5, 0xD3, 0x8F, 0x37, 0x82, 0x14, 
0x20, 0x00, 0xC5, 0xD3, 0x90, 0x39, 0x82, 0x14, 0x20, 0x00, 0xC5, 0xD3, 0x91, 0x3B, 0x82, 0x14, 
0x20, 0x00, 0xC5, 0xD3, 0x92, 0x3D, 0x82, 0x14, 0x20, 0x00, 0xC5, 0xD3, 0x93, 0x3F, 0x82, 0x14, 
0x20, 0x00, 0xC5, 0xD3, 0x94, 0x41, 0x82, 0x14, 0x20, 0x00, 0xC5, 0xD3, 0x95, 0x43, 0x82, 0x14, 
0x20, 0x00, 0xC5, 0xD3, 0x96, 0x45, 0x82, 0x14, 0x20, 0x00, 0xC5, 0xD3, 0x97, 0x47, 0x82, 0x14, 
0x20, 0x00, 0xC5, 0xD3, 0x98, 0x49, 0x82, 0x14, 0x20, 0x00, 0xC5, 0xD3, 0x99, 0x4B, 0x82, 0x14, 
0x20, 0x00, 0xC5, 0xD3, 0x9A, 0x4D, 0x82, 0x14, 0x20, 0x00, 0xC5, 0xD3, 0x9B, 0x4F, 0x82, 0x14, 
0x20, 0x00, 0xC5, 0xD3, 0x9C, 0x51, 0x82, 0x14, 0x20, 0x00, 0xC5, 0xD3, 0x9D, 0x53, 0x82, 0x14, 
0x20, 0x00, 0xC5, 0xD3, 0x9E, 0x55, 0x82, 0x14, 0x20, 0x00, 0xC5, 0xD3, 0x9F, 0x57, 0x82, 0x14, 
0x20, 0x00, 0xC5, 0xD3, 0xA0, 0x59, 0x82, 0x14, 0x20, 0x00, 0xC5, 0xD3, 0xA1, 0x5B, 0x82, 0x14, 
0x20, 0x00, 0xC5, 0xD3, 0xA2, 0x5D, 0x82, 0x14, 0x20, 0x00, 0xC5, 0xD3, 0xA3, 0x5F, 0x82, 0x14, 
0x7F, 0xCF, 0x8C, 0xBF, 0x00, 0x00, 0x8A, 0xBF, 0x3C, 0x00, 0xC5, 0xD3, 0x64, 0x01, 0x03, 0x12, 
0x1C, 0x00, 0xCB, 0xD1, 0x1C, 0x73, 0xD0, 0x87, 0x1D, 0x00, 0xCB, 0xD1, 0x1D, 0x73, 0xD4, 0x87, 
0x1E, 0x00, 0xCB, 0xD1, 0x1E, 0x73, 0xD8, 0x87, 0x1F, 0x00, 0xCB, 0xD1, 0x1F, 0x73, 0xDC, 0x87, 
0x3C, 0x00, 0xC5, 0xD3, 0x65, 0x03, 0xF3, 0x14, 0x00, 0x10, 0x34, 0xE1, 0x09, 0xEE, 0x08, 0x80, 
0xFF, 0x20, 0x2C, 0x68, 0x00, 0x46, 0x02, 0x00, 0x00, 0x00, 0x6C, 0xD8, 0x16, 0x00, 0x00, 0x1A, 
0x3C, 0x00, 0xC5, 0xD3, 0x66, 0x05, 0xF3, 0x14, 0x20, 0x00, 0xCB, 0xD1, 0x20, 0x73, 0xD0, 0x87, 
0x21, 0x00, 0xCB, 0xD1, 0x21, 0x73, 0xD4, 0x87, 0x22, 0x00, 0xCB, 0xD1, 0x22, 0x73, 0xD8, 0x87, 
0x23, 0x00, 0xCB, 0xD1, 0x23, 0x73, 0xDC, 0x87, 0x3C, 0x00, 0xC5, 0xD3, 0x67, 0x07, 0xF3, 0x14, 
0x00, 0x10, 0x34, 0xE1, 0x0A, 0xEF, 0x08, 0x80, 0xFF, 0x20, 0x2C, 0x68, 0x00, 0x46, 0x02, 0x00, 
0x3C, 0x00, 0xC5, 0xD3, 0x68, 0x09, 0xF3, 0x14, 0x24, 0x00, 0xCB, 0xD1, 0x24, 0x73, 0xD0, 0x87, 
0x25, 0x00, 0xCB, 0xD1, 0x25, 0x73, 0xD4, 0x87, 0x26, 0x00, 0xCB, 0xD1, 0x26, 0x73, 0xD8, 0x87, 
0x27, 0x00, 0xCB, 0xD1, 0x27, 0x73, 0xDC, 0x87, 0x1C, 0x41, 0x38, 0x7E, 0xFF, 0x02, 0x2C, 0x7E, 
0x07, 0x02, 0x00, 0x00, 0x3C, 0x00, 0x10, 0xD0, 0x1C, 0x2D, 0x02, 0x00, 0x00, 0x00, 0x80, 0xBF, 
0x1C, 0x00, 0x00, 0xD1, 0x1C, 0x01, 0xF1, 0x00, 0x1D, 0x41, 0x3A, 0x7E, 0xFF, 0x02, 0x2C, 0x7E, 
0x07, 0x02, 0x00, 0x00, 0x3C, 0x00, 0x10, 0xD0, 0x1D, 0x2D, 0x02, 0x00, 0x00, 0x00, 0x80, 0xBF, 
0x1D, 0x00, 0x00, 0xD1, 0x1D, 0x01, 0xF1, 0x00, 0x3C, 0x00, 0xC5, 0xD3, 0x69, 0x0B, 0xF3, 0x14, 
0x80, 0x1A, 0x2C, 0x68, 0x00, 0x00, 0x6C, 0xD8, 0x16, 0x00, 0x00, 0x84, 0x40, 0x00, 0x6C, 0xD8, 
0x16, 0x00, 0x00, 0x85, 0x80, 0x00, 0x6C, 0xD8, 0x16, 0x00, 0x00, 0x86, 0xC0, 0x00, 0x6C, 0xD8, 
0x16, 0x00, 0x00, 0x87, 0x3C, 0x00, 0xC5, 0xD3, 0x6A, 0x0D, 0xF3, 0x14, 0x28, 0x00, 0xCB, 0xD1, 
0x28, 0x73, 0xD0, 0x87, 0x29, 0x00, 0xCB, 0xD1, 0x29, 0x73, 0xD4, 0x87, 0x2A, 0x00, 0xCB, 0xD1, 
0x2A, 0x73, 0xD8, 0x87, 0x2B, 0x00, 0xCB, 0xD1, 0x2B, 0x73, 0xDC, 0x87, 0x1E, 0x41, 0x3C, 0x7E, 
0xFF, 0x02, 0x2C, 0x7E, 0x07, 0x02, 0x00, 0x00, 0x3C, 0x00, 0x10, 0xD0, 0x1E, 0x2D, 0x02, 0x00, 
0x00, 0x00, 0x80, 0xBF, 0x1E, 0x00, 0x00, 0xD1, 0x1E, 0x01, 0xF1, 0x00, 0x1F, 0x41, 0x3E, 0x7E, 
0xFF, 0x02, 0x2C, 0x7E, 0x07, 0x02, 0x00, 0x00, 0x3C, 0x00, 0x10, 0xD0, 0x1F, 0x2D, 0x02, 0x00, 
0x00, 0x00, 0x80, 0xBF, 0x1F, 0x00, 0x00, 0xD1, 0x1F, 0x01, 0xF1, 0x00, 0x3C, 0x00, 0xC5, 0xD3, 
0x6B, 0x0F, 0xF3, 0x14, 0x80, 0x1A, 0x2C, 0x68, 0x00, 0x04, 0x6C, 0xD8, 0x16, 0x00, 0x00, 0x88, 
0x40, 0x04, 0x6C, 0xD8, 0x16, 0x00, 0x00, 0x89, 0x80, 0x04, 0x6C, 0xD8, 0x16, 0x00, 0x00, 0x8A, 
0xC0, 0x04, 0x6C, 0xD8, 0x16, 0x00, 0x00, 0x8B, 0x3C, 0x00, 0xC5, 0xD3, 0x6C, 0x11, 0xF3, 0x14, 
0x20, 0x41, 0x40, 0x7E, 0xFF, 0x02, 0x2C, 0x7E, 0x07, 0x02, 0x00, 0x00, 0x3C, 0x00, 0x10, 0xD0, 
0x20, 0x2D, 0x02, 0x00, 0x00, 0x00, 0x80, 0xBF, 0x20, 0x00, 0x00, 0xD1, 0x20, 0x01, 0xF1, 0x00, 
0x21, 0x41, 0x42, 0x7E, 0xFF, 0x02, 0x2C, 0x7E, 0x07, 0x02, 0x00, 0x00, 0x3C, 0x00, 0x10, 0xD0, 
0x21, 0x2D, 0x02, 0x00, 0x00, 0x00, 0x80, 0xBF, 0x21, 0x00, 0x00, 0xD1, 0x21, 0x01, 0xF1, 0x00, 
0x3C, 0x00, 0xC5, 0xD3, 0x6D, 0x13, 0xF3, 0x14, 0x80, 0x1A, 0x2C, 0x68, 0x00, 0x08, 0x6C, 0xD8, 
0x16, 0x00, 0x00, 0x8C, 0x40, 0x08, 0x6C, 0xD8, 0x16, 0x00, 0x00, 0x8D, 0x80, 0x08, 0x6C, 0xD8, 
0x16, 0x00, 0x00, 0x8E, 0xC0, 0x08, 0x6C, 0xD8, 0x16, 0x00, 0x00, 0x8F, 0x3C, 0x00, 0xC5, 0xD3, 
0x6E, 0x15, 0xF3, 0x14, 0x22, 0x41, 0x44, 0x7E, 0xFF, 0x02, 0x2C, 0x7E, 0x07, 0x02, 0x00, 0x00, 
0x3C, 0x00, 0x10, 0xD0, 0x22, 0x2D, 0x02, 0x00, 0x00, 0x00, 0x80, 0xBF, 0x22, 0x00, 0x00, 0xD1, 
0x22, 0x01, 0xF1, 0x00, 0x23, 0x41, 0x46, 0x7E, 0xFF, 0x02, 0x2C, 0x7E, 0x07, 0x02, 0x00, 0x00, 
0x3C, 0x00, 0x10, 0xD0, 0x23, 0x2D, 0x02, 0x00, 0x00, 0x00, 0x80, 0xBF, 0x23, 0x00, 0x00, 0xD1, 
0x23, 0x01, 0xF1, 0x00, 0x3C, 0x00, 0xC5, 0xD3, 0x6F, 0x17, 0xF3, 0x14, 0x80, 0x1A, 0x2C, 0x68, 
0x00, 0x0C, 0x6C, 0xD8, 0x16, 0x00, 0x00, 0x90, 0x40, 0x0C, 0x6C, 0xD8, 0x16, 0x00, 0x00, 0x91, 
0x80, 0x0C, 0x6C, 0xD8, 0x16, 0x00, 0x00, 0x92, 0xC0, 0x0C, 0x6C, 0xD8, 0x16, 0x00, 0x00, 0x93, 
0x3C, 0x00, 0xC5, 0xD3, 0x70, 0x19, 0xF3, 0x14, 0x24, 0x41, 0x48, 0x7E, 0xFF, 0x02, 0x2C, 0x7E, 
0x07, 0x02, 0x00, 0x00, 0x3C, 0x00, 0x10, 0xD0, 0x24, 0x2D, 0x02, 0x00, 0x00, 0x00, 0x80, 0xBF, 
0x24, 0x00, 0x00, 0xD1, 0x24, 0x01, 0xF1, 0x00, 0x25, 0x41, 0x4A, 0x7E, 0xFF, 0x02, 0x2C, 0x7E, 
0x07, 0x02, 0x00, 0x00, 0x3C, 0x00, 0x10, 0xD0, 0x25, 0x2D, 0x02, 0x00, 0x00, 0x00, 0x80, 0xBF, 
0x25, 0x00, 0x00, 0xD1, 0x25, 0x01, 0xF1, 0x00, 0x3C, 0x00, 0xC5, 0xD3, 0x71, 0x1B, 0xF3, 0x14, 
0x80, 0x1A, 0x2C, 0x68, 0x00, 0x10, 0x6C, 0xD8, 0x16, 0x00, 0x00, 0x94, 0x40, 0x10, 0x6C, 0xD8, 
0x16, 0x00, 0x00, 0x95, 0x80, 0x10, 0x6C, 0xD8, 0x16, 0x00, 0x00, 0x96, 0xC0, 0x10, 0x6C, 0xD8, 
0x16, 0x00, 0x00, 0x97, 0x3C, 0x00, 0xC5, 0xD3, 0x72, 0x1D, 0xF3, 0x14, 0x26, 0x41, 0x4C, 0x7E, 
0xFF, 0x02, 0x2C, 0x7E, 0x07, 0x02, 0x00, 0x00, 0x3C, 0x00, 0x10, 0xD0, 0x26, 0x2D, 0x02, 0x00, 
0x00, 0x00, 0x80, 0xBF, 0x26, 0x00, 0x00, 0xD1, 0x26, 0x01, 0xF1, 0x00, 0x27, 0x41, 0x4E, 0x7E, 
0xFF, 0x02, 0x2C, 0x7E, 0x07, 0x02, 0x00, 0x00, 0x3C, 0x00, 0x10, 0xD0, 0x27, 0x2D, 0x02, 0x00, 
0x00, 0x00, 0x80, 0xBF, 0x27, 0x00, 0x00, 0xD1, 0x27, 0x01, 0xF1, 0x00, 0x3C, 0x00, 0xC5, 0xD3, 
0x73, 0x1F, 0xF3, 0x14, 0x80, 0x1A, 0x2C, 0x68, 0x00, 0x14, 0x6C, 0xD8, 0x16, 0x00, 0x00, 0x98, 
0x40, 0x14, 0x6C, 0xD8, 0x16, 0x00, 0x00, 0x99, 0x80, 0x14, 0x6C, 0xD8, 0x16, 0x00, 0x00, 0x9A, 
0xC0, 0x14, 0x6C, 0xD8, 0x16, 0x00, 0x00, 0x9B, 0x3C, 0x00, 0xC5, 0xD3, 0x74, 0x21, 0xF3, 0x14, 
0x28, 0x41, 0x50, 0x7E, 0xFF, 0x02, 0x2C, 0x7E, 0x07, 0x02, 0x00, 0x00, 0x3C, 0x00, 0x10, 0xD0, 
0x28, 0x2D, 0x02, 0x00, 0x00, 0x00, 0x80, 0xBF, 0x28, 0x00, 0x00, 0xD1, 0x28, 0x01, 0xF1, 0x00, 
0x29, 0x41, 0x52, 0x7E, 0xFF, 0x02, 0x2C, 0x7E, 0x07, 0x02, 0x00, 0x00, 0x3C, 0x00, 0x10, 0xD0, 
0x29, 0x2D, 0x02, 0x00, 0x00, 0x00, 0x80, 0xBF, 0x29, 0x00, 0x00, 0xD1, 0x29, 0x01, 0xF1, 0x00, 
0x3C, 0x00, 0xC5, 0xD3, 0x75, 0x23, 0xF3, 0x14, 0x80, 0x1A, 0x2C, 0x68, 0x00, 0x18, 0x6C, 0xD8, 
0x16, 0x00, 0x00, 0x9C, 0x40, 0x18, 0x6C, 0xD8, 0x16, 0x00, 0x00, 0x9D, 0x80, 0x18, 0x6C, 0xD8, 
0x16, 0x00, 0x00, 0x9E, 0xC0, 0x18, 0x6C, 0xD8, 0x16, 0x00, 0x00, 0x9F, 0x3C, 0x00, 0xC5, 0xD3, 
0x76, 0x25, 0xF3, 0x14, 0x2A, 0x41, 0x54, 0x7E, 0xFF, 0x02, 0x2C, 0x7E, 0x07, 0x02, 0x00, 0x00, 
0x3C, 0x00, 0x10, 0xD0, 0x2A, 0x2D, 0x02, 0x00, 0x00, 0x00, 0x80, 0xBF, 0x2A, 0x00, 0x00, 0xD1, 
0x2A, 0x01, 0xF1, 0x00, 0x2B, 0x41, 0x56, 0x7E, 0xFF, 0x02, 0x2C, 0x7E, 0x07, 0x02, 0x00, 0x00, 
0x3C, 0x00, 0x10, 0xD0, 0x2B, 0x2D, 0x02, 0x00, 0x00, 0x00, 0x80, 0xBF, 0x2B, 0x00, 0x00, 0xD1, 
0x2B, 0x01, 0xF1, 0x00, 0x3C, 0x00, 0xC5, 0xD3, 0x77, 0x27, 0xF3, 0x14, 0x80, 0x1A, 0x2C, 0x68, 
0x00, 0x1C, 0x6C, 0xD8, 0x16, 0x00, 0x00, 0xA0, 0x40, 0x1C, 0x6C, 0xD8, 0x16, 0x00, 0x00, 0xA1, 
0x80, 0x1C, 0x6C, 0xD8, 0x16, 0x00, 0x00, 0xA2, 0xC0, 0x1C, 0x6C, 0xD8, 0x16, 0x00, 0x00, 0xA3, 
0x3C, 0x00, 0xC5, 0xD3, 0x78, 0x29, 0xF3, 0x14, 0x3C, 0x00, 0xC5, 0xD3, 0x79, 0x2B, 0xF3, 0x14, 
0x3C, 0x00, 0xC5, 0xD3, 0x7A, 0x2D, 0xF3, 0x14, 0x3C, 0x00, 0xC5, 0xD3, 0x7B, 0x2F, 0xF3, 0x14, 
0x3C, 0x00, 0xC5, 0xD3, 0x7C, 0x31, 0xF3, 0x14, 0x3C, 0x00, 0xC5, 0xD3, 0x7D, 0x33, 0xF3, 0x14, 
0x3C, 0x00, 0xC5, 0xD3, 0x7E, 0x35, 0xF3, 0x14, 0x3C, 0x00, 0xC5, 0xD3, 0x7F, 0x37, 0xF3, 0x14, 
0x3C, 0x00, 0xC5, 0xD3, 0x80, 0x39, 0xF3, 0x14, 0x3C, 0x00, 0xC5, 0xD3, 0x81, 0x3B, 0xF3, 0x14, 
0x3C, 0x00, 0xC5, 0xD3, 0x82, 0x3D, 0xF3, 0x14, 0x3C, 0x00, 0xC5, 0xD3, 0x83, 0x3F, 0xF3, 0x14, 
0x40, 0x00, 0xC5, 0xD3, 0x64, 0x21, 0x03, 0x12, 0x40, 0x00, 0xC5, 0xD3, 0x65, 0x23, 0x03, 0x15, 
0x40, 0x00, 0xC5, 0xD3, 0x66, 0x25, 0x03, 0x15, 0x40, 0x00, 0xC5, 0xD3, 0x67, 0x27, 0x03, 0x15, 
0x40, 0x00, 0xC5, 0xD3, 0x68, 0x29, 0x03, 0x15, 0x40, 0x00, 0xC5, 0xD3, 0x69, 0x2B, 0x03, 0x15, 
0x40, 0x00, 0xC5, 0xD3, 0x6A, 0x2D, 0x03, 0x15, 0x40, 0x00, 0xC5, 0xD3, 0x6B, 0x2F, 0x03, 0x15, 
0x40, 0x00, 0xC5, 0xD3, 0x6C, 0x31, 0x03, 0x15, 0x40, 0x00, 0xC5, 0xD3, 0x6D, 0x33, 0x03, 0x15, 
0x40, 0x00, 0xC5, 0xD3, 0x6E, 0x35, 0x03, 0x15, 0x40, 0x00, 0xC5, 0xD3, 0x6F, 0x37, 0x03, 0x15, 
0x40, 0x00, 0xC5, 0xD3, 0x70, 0x39, 0x03, 0x15, 0x40, 0x00, 0xC5, 0xD3, 0x71, 0x3B, 0x03, 0x15, 
0x40, 0x00, 0xC5, 0xD3, 0x72, 0x3D, 0x03, 0x15, 0x40, 0x00, 0xC5, 0xD3, 0x73, 0x3F, 0x03, 0x15, 
0x40, 0x00, 0xC5, 0xD3, 0x74, 0x41, 0x03, 0x15, 0x40, 0x00, 0xC5, 0xD3, 0x75, 0x43, 0x03, 0x15, 
0x40, 0x00, 0xC5, 0xD3, 0x76, 0x45, 0x03, 0x15, 0x40, 0x00, 0xC5, 0xD3, 0x77, 0x47, 0x03, 0x15, 
0x40, 0x00, 0xC5, 0xD3, 0x78, 0x49, 0x03, 0x15, 0x40, 0x00, 0xC5, 0xD3, 0x79, 0x4B, 0x03, 0x15, 
0x40, 0x00, 0xC5, 0xD3, 0x7A, 0x4D, 0x03, 0x15, 0x40, 0x00, 0xC5, 0xD3, 0x7B, 0x4F, 0x03, 0x15, 
0x40, 0x00, 0xC5, 0xD3, 0x7C, 0x51, 0x03, 0x15, 0x40, 0x00, 0xC5, 0xD3, 0x7D, 0x53, 0x03, 0x15, 
0x40, 0x00, 0xC5, 0xD3, 0x7E, 0x55, 0x03, 0x15, 0x40, 0x00, 0xC5, 0xD3, 0x7F, 0x57, 0x03, 0x15, 
0x40, 0x00, 0xC5, 0xD3, 0x80, 0x59, 0x03, 0x15, 0x40, 0x00, 0xC5, 0xD3, 0x81, 0x5B, 0x03, 0x15, 
0x40, 0x00, 0xC5, 0xD3, 0x82, 0x5D, 0x03, 0x15, 0x40, 0x00, 0xC5, 0xD3, 0x83, 0x5F, 0x03, 0x15, 
0x7F, 0xCF, 0x8C, 0xBF, 0x7A, 0x0F, 0x8C, 0xBF, 0x00, 0x00, 0x8A, 0xBF, 0xA4, 0x00, 0xC5, 0xD3, 
0x44, 0x39, 0x92, 0x06, 0xFA, 0x78, 0x78, 0x06, 0x1A, 0x00, 0x00, 0xFF, 0xFA, 0x7A, 0x7A, 0x06, 
0x1A, 0x55, 0x00, 0xFF, 0xFA, 0x7C, 0x7C, 0x06, 0x1A, 0xAA, 0x00, 0xFF, 0xFA, 0x7E, 0x7E, 0x06, 
0x1A, 0xFF, 0x00, 0xFF, 0x1C, 0x79, 0x78, 0x0A, 0x1D, 0x7B, 0x7A, 0x0A, 0x1E, 0x7D, 0x7C, 0x0A, 
0x1F, 0x7F, 0x7E, 0x0A, 0xA4, 0x00, 0xC5, 0xD3, 0x45, 0x3B, 0x92, 0x06, 0xFF, 0x20, 0x2C, 0x68, 
0x00, 0x22, 0x01, 0x00, 0x00, 0x00, 0x6C, 0xD8, 0x16, 0x00, 0x00, 0xF4, 0x40, 0x10, 0x34, 0xE1, 
0x07, 0xF0, 0x08, 0x80, 0xA4, 0x00, 0xC5, 0xD3, 0x46, 0x3D, 0x92, 0x06, 0xFA, 0x80, 0x80, 0x06, 
0x1A, 0x00, 0x00, 0xFF, 0xFA, 0x82, 0x82, 0x06, 0x1A, 0x55, 0x00, 0xFF, 0xFA, 0x84, 0x84, 0x06, 
0x1A, 0xAA, 0x00, 0xFF, 0xFA, 0x86, 0x86, 0x06, 0x1A, 0xFF, 0x00, 0xFF, 0x20, 0x81, 0x80, 0x0A, 
0x21, 0x83, 0x82, 0x0A, 0x22, 0x85, 0x84, 0x0A, 0x23, 0x87, 0x86, 0x0A, 0xA4, 0x00, 0xC5, 0xD3, 
0x47, 0x3F, 0x92, 0x06, 0xFF, 0x20, 0x2C, 0x68, 0x00, 0x22, 0x01, 0x00, 0x40, 0x10, 0x34, 0xE1, 
0x08, 0xF1, 0x08, 0x80, 0xA8, 0x00, 0xC5, 0xD3, 0x48, 0x39, 0xA2, 0x06, 0xFA, 0x88, 0x88, 0x06, 
0x1A, 0x00, 0x00, 0xFF, 0xFA, 0x8A, 0x8A, 0x06, 0x1A, 0x55, 0x00, 0xFF, 0xFA, 0x8C, 0x8C, 0x06, 
0x1A, 0xAA, 0x00, 0xFF, 0xFA, 0x8E, 0x8E, 0x06, 0x1A, 0xFF, 0x00, 0xFF, 0x24, 0x89, 0x88, 0x0A, 
0x25, 0x8B, 0x8A, 0x0A, 0x26, 0x8D, 0x8C, 0x0A, 0x27, 0x8F, 0x8E, 0x0A, 0xA8, 0x00, 0xC5, 0xD3, 
0x49, 0x3B, 0xA2, 0x06, 0xFF, 0x20, 0x2C, 0x68, 0x00, 0x22, 0x01, 0x00, 0x40, 0x10, 0x34, 0xE1, 
0x09, 0xF2, 0x08, 0x80, 0xA8, 0x00, 0xC5, 0xD3, 0x4A, 0x3D, 0xA2, 0x06, 0xFA, 0x90, 0x90, 0x06, 
0x1A, 0x00, 0x00, 0xFF, 0xFA, 0x92, 0x92, 0x06, 0x1A, 0x55, 0x00, 0xFF, 0xFA, 0x94, 0x94, 0x06, 
0x1A, 0xAA, 0x00, 0xFF, 0xFA, 0x96, 0x96, 0x06, 0x1A, 0xFF, 0x00, 0xFF, 0x28, 0x91, 0x90, 0x0A, 
0x29, 0x93, 0x92, 0x0A, 0x2A, 0x95, 0x94, 0x0A, 0x2B, 0x97, 0x96, 0x0A, 0xA8, 0x00, 0xC5, 0xD3, 
0x4B, 0x3F, 0xA2, 0x06, 0xFF, 0x20, 0x2C, 0x68, 0x00, 0x22, 0x01, 0x00, 0x40, 0x10, 0x34, 0xE1, 
0x0A, 0xF3, 0x08, 0x80, 0xAC, 0x00, 0xC5, 0xD3, 0x4C, 0x39, 0xB2, 0x06, 0xFF, 0x1E, 0x2C, 0x68, 
0x00, 0x26, 0x02, 0x00, 0x00, 0x00, 0x1A, 0xD8, 0x16, 0x3C, 0x00, 0x00, 0x40, 0x00, 0x1A, 0xD8, 
0x16, 0x3D, 0x00, 0x00, 0x80, 0x00, 0x1A, 0xD8, 0x16, 0x3E, 0x00, 0x00, 0xC0, 0x00, 0x1A, 0xD8, 
0x16, 0x3F, 0x00, 0x00, 0xAC, 0x00, 0xC5, 0xD3, 0x4D, 0x3B, 0xB2, 0x06, 0xFF, 0x1E, 0x2C, 0x68, 
0x00, 0x26, 0x02, 0x00, 0x00, 0x10, 0x1A, 0xD8, 0x16, 0x40, 0x00, 0x00, 0x40, 0x10, 0x1A, 0xD8, 
0x16, 0x41, 0x00, 0x00, 0x80, 0x10, 0x1A, 0xD8, 0x16, 0x42, 0x00, 0x00, 0xC0, 0x10, 0x1A, 0xD8, 
0x16, 0x43, 0x00, 0x00, 0xAC, 0x00, 0xC5, 0xD3, 0x4E, 0x3D, 0xB2, 0x06, 0x7C, 0x0F, 0x8C, 0xBF, 
0x00, 0x00, 0x8A, 0xBF, 0xFF, 0x18, 0x2C, 0x68, 0x00, 0x60, 0x00, 0x00, 0x00, 0x20, 0xFE, 0xD9, 
0x16, 0x00, 0x00, 0x64, 0xAC, 0x00, 0xC5, 0xD3, 0x4F, 0x3F, 0xB2, 0x06, 0xFF, 0x18, 0x2C, 0x68, 
0x00, 0x60, 0x00, 0x00, 0x00, 0x24, 0xFE, 0xD9, 0x16, 0x00, 0x00, 0x68, 0xB0, 0x00, 0xC5, 0xD3, 
0x50, 0x39, 0xC2, 0x06, 0xFF, 0x18, 0x2C, 0x68, 0x00, 0x60, 0x00, 0x00, 0x00, 0x28, 0xFE, 0xD9, 
0x16, 0x00, 0x00, 0x6C, 0xB0, 0x00, 0xC5, 0xD3, 0x51, 0x3B, 0xC2, 0x06, 0xFF, 0x18, 0x2C, 0x68, 
0x00, 0x60, 0x00, 0x00, 0x00, 0x2C, 0xFE, 0xD9, 0x16, 0x00, 0x00, 0x70, 0xB0, 0x00, 0xC5, 0xD3, 
0x52, 0x3D, 0xC2, 0x06, 0xFF, 0x18, 0x2C, 0x68, 0x00, 0x60, 0x00, 0x00, 0x00, 0x30, 0xFE, 0xD9, 
0x16, 0x00, 0x00, 0x74, 0xB0, 0x00, 0xC5, 0xD3, 0x53, 0x3F, 0xC2, 0x06, 0xFF, 0x18, 0x2C, 0x68, 
0x00, 0x60, 0x00, 0x00, 0x00, 0x34, 0xFE, 0xD9, 0x16, 0x00, 0x00, 0x78, 0xB4, 0x00, 0xC5, 0xD3, 
0x54, 0x39, 0xD2, 0x06, 0xFF, 0x18, 0x2C, 0x68, 0x00, 0x60, 0x00, 0x00, 0x00, 0x38, 0xFE, 0xD9, 
0x16, 0x00, 0x00, 0x7C, 0xB4, 0x00, 0xC5, 0xD3, 0x55, 0x3B, 0xD2, 0x06, 0xFF, 0x18, 0x2C, 0x68, 
0x00, 0x60, 0x00, 0x00, 0x00, 0x3C, 0xFE, 0xD9, 0x16, 0x00, 0x00, 0x80, 0xB4, 0x00, 0xC5, 0xD3, 
0x56, 0x3D, 0xD2, 0x06, 0xFF, 0x18, 0x2C, 0x68, 0x00, 0x60, 0x00, 0x00, 0xB4, 0x00, 0xC5, 0xD3, 
0x57, 0x3F, 0xD2, 0x06, 0xFF, 0x18, 0x2C, 0x68, 0x00, 0x60, 0x00, 0x00, 0xB8, 0x00, 0xC5, 0xD3, 
0x58, 0x39, 0xE2, 0x06, 0xFF, 0x18, 0x2C, 0x68, 0x00, 0x60, 0x00, 0x00, 0xB8, 0x00, 0xC5, 0xD3, 
0x59, 0x3B, 0xE2, 0x06, 0xFF, 0x18, 0x2C, 0x68, 0x00, 0x60, 0x00, 0x00, 0xB8, 0x00, 0xC5, 0xD3, 
0x5A, 0x3D, 0xE2, 0x06, 0xFF, 0x18, 0x2C, 0x68, 0x00, 0x60, 0x00, 0x00, 0xB8, 0x00, 0xC5, 0xD3, 
0x5B, 0x3F, 0xE2, 0x06, 0xFF, 0x18, 0x2C, 0x68, 0x00, 0x60, 0x00, 0x00, 0xBC, 0x00, 0xC5, 0xD3, 
0x5C, 0x39, 0xF2, 0x06, 0xFF, 0x18, 0x2C, 0x68, 0x00, 0x60, 0x00, 0x00, 0xBC, 0x00, 0xC5, 0xD3, 
0x5D, 0x3B, 0xF2, 0x06, 0xFF, 0x18, 0x2C, 0x68, 0x00, 0x60, 0x00, 0x00, 0xBC, 0x00, 0xC5, 0xD3, 
0x5E, 0x3D, 0xF2, 0x06, 0xFF, 0x18, 0x2C, 0x68, 0x00, 0x60, 0x00, 0x00, 0xBC, 0x00, 0xC5, 0xD3, 
0x5F, 0x3F, 0xF2, 0x06, 0xFF, 0x18, 0x2C, 0x68, 0x00, 0x60, 0x00, 0x00, 0xC0, 0x00, 0xC5, 0xD3, 
0x60, 0x39, 0x02, 0x07, 0xFF, 0x18, 0x2C, 0x68, 0x00, 0x60, 0x00, 0x00, 0xC0, 0x00, 0xC5, 0xD3, 
0x61, 0x3B, 0x02, 0x07, 0xFF, 0x18, 0x2C, 0x68, 0x00, 0x60, 0x00, 0x00, 0xC0, 0x00, 0xC5, 0xD3, 
0x62, 0x3D, 0x02, 0x07, 0xFF, 0x18, 0x2C, 0x68, 0x00, 0x60, 0x00, 0x00, 0xC0, 0x00, 0xC5, 0xD3, 
0x63, 0x3F, 0x02, 0x07, 0xFF, 0x18, 0x2C, 0x68, 0x00, 0x60, 0x00, 0x00, 0xC4, 0x00, 0xC5, 0xD3, 
0x44, 0x41, 0x12, 0x07, 0xFF, 0x18, 0x2C, 0x68, 0x00, 0x60, 0x00, 0x00, 0xC4, 0x00, 0xC5, 0xD3, 
0x45, 0x43, 0x12, 0x07, 0xFF, 0x18, 0x2C, 0x68, 0x00, 0x60, 0x00, 0x00, 0xC4, 0x00, 0xC5, 0xD3, 
0x46, 0x45, 0x12, 0x07, 0xFF, 0x18, 0x2C, 0x68, 0x00, 0x60, 0x00, 0x00, 0xC4, 0x00, 0xC5, 0xD3, 
0x47, 0x47, 0x12, 0x07, 0xFF, 0x18, 0x2C, 0x68, 0x00, 0x60, 0x00, 0x00, 0xC8, 0x00, 0xC5, 0xD3, 
0x48, 0x41, 0x22, 0x07, 0xFF, 0x18, 0x2C, 0x68, 0x00, 0x60, 0x00, 0x00, 0xC8, 0x00, 0xC5, 0xD3, 
0x49, 0x43, 0x22, 0x07, 0xFF, 0x18, 0x2C, 0x68, 0x00, 0x60, 0x00, 0x00, 0xC8, 0x00, 0xC5, 0xD3, 
0x4A, 0x45, 0x22, 0x07, 0xFF, 0x18, 0x2C, 0x68, 0x00, 0x60, 0x00, 0x00, 0xC8, 0x00, 0xC5, 0xD3, 
0x4B, 0x47, 0x22, 0x07, 0xFF, 0x18, 0x2C, 0x68, 0x00, 0x60, 0x00, 0x00, 0xCC, 0x00, 0xC5, 0xD3, 
0x4C, 0x41, 0x32, 0x07, 0xFF, 0x18, 0x2C, 0x68, 0x00, 0x60, 0x00, 0x00, 0xCC, 0x00, 0xC5, 0xD3, 
0x4D, 0x43, 0x32, 0x07, 0xFF, 0x18, 0x2C, 0x68, 0x00, 0x60, 0x00, 0x00, 0xCC, 0x00, 0xC5, 0xD3, 
0x4E, 0x45, 0x32, 0x07, 0xFF, 0x18, 0x2C, 0x68, 0x00, 0x60, 0x00, 0x00, 0xCC, 0x00, 0xC5, 0xD3, 
0x4F, 0x47, 0x32, 0x07, 0xFF, 0x18, 0x2C, 0x68, 0x00, 0x60, 0x00, 0x00, 0xD0, 0x00, 0xC5, 0xD3, 
0x50, 0x41, 0x42, 0x07, 0xFF, 0x18, 0x2C, 0x68, 0x00, 0x60, 0x00, 0x00, 0xD0, 0x00, 0xC5, 0xD3, 
0x51, 0x43, 0x42, 0x07, 0xFF, 0x18, 0x2C, 0x68, 0x00, 0x60, 0x00, 0x00, 0xD0, 0x00, 0xC5, 0xD3, 
0x52, 0x45, 0x42, 0x07, 0xFF, 0x18, 0x2C, 0x68, 0x00, 0x60, 0x00, 0x00, 0xD0, 0x00, 0xC5, 0xD3, 
0x53, 0x47, 0x42, 0x07, 0xFF, 0x18, 0x2C, 0x68, 0x00, 0x60, 0x00, 0x00, 0xD4, 0x00, 0xC5, 0xD3, 
0x54, 0x41, 0x52, 0x07, 0xFF, 0x18, 0x2C, 0x68, 0x00, 0x60, 0x00, 0x00, 0xD4, 0x00, 0xC5, 0xD3, 
0x55, 0x43, 0x52, 0x07, 0xFF, 0x18, 0x2C, 0x68, 0x00, 0x60, 0x00, 0x00, 0xD4, 0x00, 0xC5, 0xD3, 
0x56, 0x45, 0x52, 0x07, 0xFF, 0x18, 0x2C, 0x68, 0x00, 0x60, 0x00, 0x00, 0xD4, 0x00, 0xC5, 0xD3, 
0x57, 0x47, 0x52, 0x07, 0xFF, 0x18, 0x2C, 0x68, 0x00, 0x60, 0x00, 0x00, 0xD8, 0x00, 0xC5, 0xD3, 
0x58, 0x41, 0x62, 0x07, 0xFF, 0x18, 0x2C, 0x68, 0x00, 0x60, 0x00, 0x00, 0xD8, 0x00, 0xC5, 0xD3, 
0x59, 0x43, 0x62, 0x07, 0xFF, 0x18, 0x2C, 0x68, 0x00, 0x60, 0x00, 0x00, 0xD8, 0x00, 0xC5, 0xD3, 
0x5A, 0x45, 0x62, 0x07, 0xFF, 0x18, 0x2C, 0x68, 0x00, 0x60, 0x00, 0x00, 0xD8, 0x00, 0xC5, 0xD3, 
0x5B, 0x47, 0x62, 0x07, 0xFF, 0x18, 0x2C, 0x68, 0x00, 0x60, 0x00, 0x00, 0xDC, 0x00, 0xC5, 0xD3, 
0x5C, 0x41, 0x72, 0x07, 0xFF, 0x18, 0x2C, 0x68, 0x00, 0x60, 0x00, 0x00, 0xDC, 0x00, 0xC5, 0xD3, 
0x5D, 0x43, 0x72, 0x07, 0xFF, 0x18, 0x2C, 0x68, 0x00, 0x60, 0x00, 0x00, 0xDC, 0x00, 0xC5, 0xD3, 
0x5E, 0x45, 0x72, 0x07, 0xFF, 0x18, 0x2C, 0x68, 0x00, 0x60, 0x00, 0x00, 0xDC, 0x00, 0xC5, 0xD3, 
0x5F, 0x47, 0x72, 0x07, 0xFF, 0x18, 0x2C, 0x68, 0x00, 0x60, 0x00, 0x00, 0xE0, 0x00, 0xC5, 0xD3, 
0x60, 0x41, 0x82, 0x07, 0xFF, 0x18, 0x2C, 0x68, 0x00, 0x60, 0x00, 0x00, 0xE0, 0x00, 0xC5, 0xD3, 
0x61, 0x43, 0x82, 0x07, 0xFF, 0x18, 0x2C, 0x68, 0x00, 0x60, 0x00, 0x00, 0xE0, 0x00, 0xC5, 0xD3, 
0x62, 0x45, 0x82, 0x07, 0xFF, 0x18, 0x2C, 0x68, 0x00, 0x60, 0x00, 0x00, 0xE0, 0x00, 0xC5, 0xD3, 
0x63, 0x47, 0x82, 0x07, 0xFF, 0x18, 0x2C, 0x68, 0x00, 0x60, 0x00, 0x00, 0x7F, 0xC8, 0x8C, 0xBF, 
0x00, 0x00, 0x8A, 0xBF, 0xC0, 0x80, 0xC5, 0xD3, 0x84, 0x79, 0x02, 0x07, 0x30, 0xE8, 0xE9, 0x0B, 
0xFA, 0x02, 0xEE, 0x7F, 0xF4, 0xFF, 0x00, 0xFF, 0xC0, 0x80, 0xC5, 0xD3, 0x84, 0x79, 0x02, 0x07, 
0xFF, 0x1C, 0x2C, 0x68, 0x00, 0x26, 0x02, 0x00, 0x00, 0x00, 0xFE, 0xD9, 0x16, 0x00, 0x00, 0x1C, 
0x00, 0x04, 0xFE, 0xD9, 0x16, 0x00, 0x00, 0x20, 0xC0, 0x80, 0xC5, 0xD3, 0x84, 0x79, 0x02, 0x07, 
0xFA, 0x02, 0xEC, 0x7F, 0xF4, 0xAA, 0x00, 0xFF, 0xC0, 0x80, 0xC5, 0xD3, 0x84, 0x79, 0x02, 0x07, 
0xFF, 0x1C, 0x2C, 0x68, 0x00, 0x26, 0x02, 0x00, 0x00, 0x08, 0xFE, 0xD9, 0x16, 0x00, 0x00, 0x24, 
0x00, 0x0C, 0xFE, 0xD9, 0x16, 0x00, 0x00, 0x28, 0xC4, 0x80, 0xC5, 0xD3, 0x85, 0x79, 0x12, 0x07, 
0xFA, 0x02, 0xEA, 0x7F, 0xF4, 0x55, 0x00, 0xFF, 0xC4, 0x80, 0xC5, 0xD3, 0x85, 0x79, 0x12, 0x07, 
0xFF, 0x1C, 0x2C, 0x68, 0x00, 0x26, 0x02, 0x00, 0x00, 0x10, 0xFE, 0xD9, 0x16, 0x00, 0x00, 0x2C, 
0x00, 0x14, 0xFE, 0xD9, 0x16, 0x00, 0x00, 0x30, 0xC4, 0x80, 0xC5, 0xD3, 0x85, 0x79, 0x12, 0x07, 
0xFA, 0x02, 0xE8, 0x7F, 0xF4, 0x00, 0x00, 0xFF, 0xC4, 0x80, 0xC5, 0xD3, 0x85, 0x79, 0x12, 0x07, 
0xFF, 0x1C, 0x2C, 0x68, 0x00, 0x26, 0x02, 0x00, 0x00, 0x18, 0xFE, 0xD9, 0x16, 0x00, 0x00, 0x34, 
0x00, 0x1C, 0xFE, 0xD9, 0x16, 0x00, 0x00, 0x38, 0xC8, 0x80, 0xC5, 0xD3, 0x86, 0x79, 0x22, 0x07, 
0x7A, 0x0F, 0x8C, 0xBF, 0x00, 0x00, 0x8A, 0xBF, 0xFF, 0x18, 0x2C, 0x68, 0x00, 0xC0, 0x00, 0x00, 
0x00, 0x20, 0xFE, 0xD9, 0x16, 0x00, 0x00, 0x64, 0xC8, 0x80, 0xC5, 0xD3, 0x86, 0x79, 0x22, 0x07, 
0xFF, 0x18, 0x2C, 0x68, 0x00, 0xC0, 0x00, 0x00, 0x00, 0x24, 0xFE, 0xD9, 0x16, 0x00, 0x00, 0x68, 
0xC8, 0x80, 0xC5, 0xD3, 0x86, 0x79, 0x22, 0x07, 0xFF, 0x18, 0x2C, 0x68, 0x00, 0xC0, 0x00, 0x00, 
0x00, 0x28, 0xFE, 0xD9, 0x16, 0x00, 0x00, 0x6C, 0xC8, 0x80, 0xC5, 0xD3, 0x86, 0x79, 0x22, 0x07, 
0xFF, 0x18, 0x2C, 0x68, 0x00, 0xC0, 0x00, 0x00, 0x00, 0x2C, 0xFE, 0xD9, 0x16, 0x00, 0x00, 0x70, 
0xCC, 0x80, 0xC5, 0xD3, 0x87, 0x79, 0x32, 0x07, 0xFF, 0x18, 0x2C, 0x68, 0x00, 0xC0, 0x00, 0x00, 
0x00, 0x30, 0xFE, 0xD9, 0x16, 0x00, 0x00, 0x74, 0xCC, 0x80, 0xC5, 0xD3, 0x87, 0x79, 0x32, 0x07, 
0xFF, 0x18, 0x2C, 0x68, 0x00, 0xC0, 0x00, 0x00, 0x00, 0x34, 0xFE, 0xD9, 0x16, 0x00, 0x00, 0x78, 
0xCC, 0x80, 0xC5, 0xD3, 0x87, 0x79, 0x32, 0x07, 0xFF, 0x18, 0x2C, 0x68, 0x00, 0xC0, 0x00, 0x00, 
0x00, 0x38, 0xFE, 0xD9, 0x16, 0x00, 0x00, 0x7C, 0xCC, 0x80, 0xC5, 0xD3, 0x87, 0x79, 0x32, 0x07, 
0xFF, 0x18, 0x2C, 0x68, 0x00, 0xC0, 0x00, 0x00, 0x00, 0x3C, 0xFE, 0xD9, 0x16, 0x00, 0x00, 0x80, 
0xD0, 0x80, 0xC5, 0xD3, 0x88, 0x79, 0x42, 0x07, 0xFF, 0x18, 0x2C, 0x68, 0x00, 0xC0, 0x00, 0x00, 
0xD0, 0x80, 0xC5, 0xD3, 0x88, 0x79, 0x42, 0x07, 0xFF, 0x18, 0x2C, 0x68, 0x00, 0xC0, 0x00, 0x00, 
0xD0, 0x80, 0xC5, 0xD3, 0x88, 0x79, 0x42, 0x07, 0xFF, 0x18, 0x2C, 0x68, 0x00, 0xC0, 0x00, 0x00, 
0xD0, 0x80, 0xC5, 0xD3, 0x88, 0x79, 0x42, 0x07, 0xFF, 0x18, 0x2C, 0x68, 0x00, 0xC0, 0x00, 0x00, 
0xD4, 0x80, 0xC5, 0xD3, 0x89, 0x79, 0x52, 0x07, 0xFF, 0x18, 0x2C, 0x68, 0x00, 0xC0, 0x00, 0x00, 
0xD4, 0x80, 0xC5, 0xD3, 0x89, 0x79, 0x52, 0x07, 0xFF, 0x18, 0x2C, 0x68, 0x00, 0xC0, 0x00, 0x00, 
0xD4, 0x80, 0xC5, 0xD3, 0x89, 0x79, 0x52, 0x07, 0xFF, 0x18, 0x2C, 0x68, 0x00, 0xC0, 0x00, 0x00, 
0xD4, 0x80, 0xC5, 0xD3, 0x89, 0x79, 0x52, 0x07, 0xFF, 0x18, 0x2C, 0x68, 0x00, 0xC0, 0x00, 0x00, 
0xD8, 0x80, 0xC5, 0xD3, 0x8A, 0x79, 0x62, 0x07, 0xFF, 0x18, 0x2C, 0x68, 0x00, 0xC0, 0x00, 0x00, 
0xD8, 0x80, 0xC5, 0xD3, 0x8A, 0x79, 0x62, 0x07, 0xFF, 0x18, 0x2C, 0x68, 0x00, 0xC0, 0x00, 0x00, 
0xD8, 0x80, 0xC5, 0xD3, 0x8A, 0x79, 0x62, 0x07, 0xFF, 0x18, 0x2C, 0x68, 0x00, 0xC0, 0x00, 0x00, 
0xD8, 0x80, 0xC5, 0xD3, 0x8A, 0x79, 0x62, 0x07, 0xFF, 0x18, 0x2C, 0x68, 0x00, 0xC0, 0x00, 0x00, 
0xDC, 0x80, 0xC5, 0xD3, 0x8B, 0x79, 0x72, 0x07, 0xFF, 0x18, 0x2C, 0x68, 0x00, 0xC0, 0x00, 0x00, 
0xDC, 0x80, 0xC5, 0xD3, 0x8B, 0x79, 0x72, 0x07, 0xFF, 0x18, 0x2C, 0x68, 0x00, 0xC0, 0x00, 0x00, 
0xDC, 0x80, 0xC5, 0xD3, 0x8B, 0x79, 0x72, 0x07, 0xFF, 0x18, 0x2C, 0x68, 0x00, 0xC0, 0x00, 0x00, 
0xDC, 0x80, 0xC5, 0xD3, 0x8B, 0x79, 0x72, 0x07, 0xFF, 0x18, 0x2C, 0x68, 0x00, 0xC0, 0x00, 0x00, 
0xE0, 0x80, 0xC5, 0xD3, 0x84, 0x7B, 0x82, 0x07, 0xFF, 0x18, 0x2C, 0x68, 0x00, 0xC0, 0x00, 0x00, 
0xE0, 0x80, 0xC5, 0xD3, 0x84, 0x7B, 0x82, 0x07, 0xFF, 0x18, 0x2C, 0x68, 0x00, 0xC0, 0x00, 0x00, 
0xE0, 0x80, 0xC5, 0xD3, 0x84, 0x7B, 0x82, 0x07, 0xFF, 0x18, 0x2C, 0x68, 0x00, 0xC0, 0x00, 0x00, 
0xE0, 0x80, 0xC5, 0xD3, 0x84, 0x7B, 0x82, 0x07, 0xFF, 0x18, 0x2C, 0x68, 0x00, 0xC0, 0x00, 0x00, 
0xE4, 0x80, 0xC5, 0xD3, 0x85, 0x7B, 0x92, 0x07, 0xFF, 0x18, 0x2C, 0x68, 0x00, 0xC0, 0x00, 0x00, 
0xE4, 0x80, 0xC5, 0xD3, 0x85, 0x7B, 0x92, 0x07, 0xFF, 0x18, 0x2C, 0x68, 0x00, 0xC0, 0x00, 0x00, 
0xE4, 0x80, 0xC5, 0xD3, 0x85, 0x7B, 0x92, 0x07, 0xFF, 0x18, 0x2C, 0x68, 0x00, 0xC0, 0x00, 0x00, 
0xE4, 0x80, 0xC5, 0xD3, 0x85, 0x7B, 0x92, 0x07, 0xFF, 0x18, 0x2C, 0x68, 0x00, 0xC0, 0x00, 0x00, 
0xE8, 0x80, 0xC5, 0xD3, 0x86, 0x7B, 0xA2, 0x07, 0xFF, 0x18, 0x2C, 0x68, 0x00, 0xC0, 0x00, 0x00, 
0xE8, 0x80, 0xC5, 0xD3, 0x86, 0x7B, 0xA2, 0x07, 0xFF, 0x18, 0x2C, 0x68, 0x00, 0xC0, 0x00, 0x00, 
0xE8, 0x80, 0xC5, 0xD3, 0x86, 0x7B, 0xA2, 0x07, 0xFF, 0x18, 0x2C, 0x68, 0x00, 0xC0, 0x00, 0x00, 
0xE8, 0x80, 0xC5, 0xD3, 0x86, 0x7B, 0xA2, 0x07, 0xFF, 0x18, 0x2C, 0x68, 0x00, 0xC0, 0x00, 0x00, 
0xEC, 0x80, 0xC5, 0xD3, 0x87, 0x7B, 0xB2, 0x07, 0xFF, 0x18, 0x2C, 0x68, 0x00, 0xC0, 0x00, 0x00, 
0xEC, 0x80, 0xC5, 0xD3, 0x87, 0x7B, 0xB2, 0x07, 0xFF, 0x18, 0x2C, 0x68, 0x00, 0xC0, 0x00, 0x00, 
0xEC, 0x80, 0xC5, 0xD3, 0x87, 0x7B, 0xB2, 0x07, 0xFF, 0x18, 0x2C, 0x68, 0x00, 0xC0, 0x00, 0x00, 
0xEC, 0x80, 0xC5, 0xD3, 0x87, 0x7B, 0xB2, 0x07, 0xFF, 0x18, 0x2C, 0x68, 0x00, 0xC0, 0x00, 0x00, 
0xF0, 0x80, 0xC5, 0xD3, 0x88, 0x7B, 0xC2, 0x07, 0xFF, 0x18, 0x2C, 0x68, 0x00, 0xC0, 0x00, 0x00, 
0xF0, 0x80, 0xC5, 0xD3, 0x88, 0x7B, 0xC2, 0x07, 0xFF, 0x18, 0x2C, 0x68, 0x00, 0xC0, 0x00, 0x00, 
0xF0, 0x80, 0xC5, 0xD3, 0x88, 0x7B, 0xC2, 0x07, 0xFF, 0x18, 0x2C, 0x68, 0x00, 0xC0, 0x00, 0x00, 
0xF0, 0x80, 0xC5, 0xD3, 0x88, 0x7B, 0xC2, 0x07, 0xFF, 0x18, 0x2C, 0x68, 0x00, 0xC0, 0x00, 0x00, 
0xF4, 0x80, 0xC5, 0xD3, 0x89, 0x7B, 0xD2, 0x07, 0xFF, 0x18, 0x2C, 0x68, 0x00, 0xC0, 0x00, 0x00, 
0xF4, 0x80, 0xC5, 0xD3, 0x89, 0x7B, 0xD2, 0x07, 0xFF, 0x18, 0x2C, 0x68, 0x00, 0xC0, 0x00, 0x00, 
0xF4, 0x80, 0xC5, 0xD3, 0x89, 0x7B, 0xD2, 0x07, 0xFF, 0x18, 0x2C, 0x68, 0x00, 0xC0, 0x00, 0x00, 
0xF4, 0x80, 0xC5, 0xD3, 0x89, 0x7B, 0xD2, 0x07, 0xFF, 0x18, 0x2C, 0x68, 0x00, 0xC0, 0x00, 0x00, 
0xF8, 0x80, 0xC5, 0xD3, 0x8A, 0x7B, 0xE2, 0x07, 0xFF, 0x18, 0x2C, 0x68, 0x00, 0xC0, 0x00, 0x00, 
0xF8, 0x80, 0xC5, 0xD3, 0x8A, 0x7B, 0xE2, 0x07, 0xFF, 0x18, 0x2C, 0x68, 0x00, 0xC0, 0x00, 0x00, 
0xF8, 0x80, 0xC5, 0xD3, 0x8A, 0x7B, 0xE2, 0x07, 0xFF, 0x18, 0x2C, 0x68, 0x00, 0xC0, 0x00, 0x00, 
0xF8, 0x80, 0xC5, 0xD3, 0x8A, 0x7B, 0xE2, 0x07, 0xFF, 0x18, 0x2C, 0x68, 0x00, 0xC0, 0x00, 0x00, 
0xFC, 0x80, 0xC5, 0xD3, 0x8B, 0x7B, 0xF2, 0x07, 0xFF, 0x18, 0x2C, 0x68, 0x00, 0xC0, 0x00, 0x00, 
0xFC, 0x80, 0xC5, 0xD3, 0x8B, 0x7B, 0xF2, 0x07, 0xFF, 0x18, 0x2C, 0x68, 0x00, 0xC0, 0x00, 0x00, 
0xFC, 0x80, 0xC5, 0xD3, 0x8B, 0x7B, 0xF2, 0x07, 0xFF, 0x18, 0x2C, 0x68, 0x00, 0xC0, 0x00, 0x00, 
0xFC, 0x80, 0xC5, 0xD3, 0x8B, 0x7B, 0xF2, 0x07, 0xFF, 0x18, 0x2C, 0x68, 0x00, 0xC0, 0x00, 0x00, 
0x78, 0x02, 0x8C, 0xBF, 0x00, 0x00, 0x8A, 0xBF, 0xE4, 0x00, 0xC5, 0xD3, 0x1C, 0x81, 0x02, 0x12, 
0x80, 0x18, 0x2C, 0x68, 0x00, 0x20, 0xFE, 0xD9, 0x16, 0x00, 0x00, 0x84, 0x00, 0x24, 0xFE, 0xD9, 
0x16, 0x00, 0x00, 0x88, 0xE4, 0x00, 0xC5, 0xD3, 0x1D, 0x83, 0x92, 0x17, 0x4C, 0x00, 0xFC, 0xBE, 
0x00, 0x20, 0x51, 0xE0, 0x0B, 0x00, 0x06, 0x80, 0xE4, 0x00, 0xC5, 0xD3, 0x1E, 0x85, 0x92, 0x17, 
0x80, 0x18, 0x2C, 0x68, 0x00, 0x28, 0xFE, 0xD9, 0x16, 0x00, 0x00, 0x8C, 0x00, 0x2C, 0xFE, 0xD9, 
0x16, 0x00, 0x00, 0x90, 0xE4, 0x00, 0xC5, 0xD3, 0x1F, 0x87, 0x92, 0x17, 0x52, 0x00, 0xFC, 0xBE, 
0x00, 0x10, 0x5D, 0xE0, 0x03, 0x00, 0x05, 0x64, 0xFF, 0x7C, 0x7C, 0x80, 0x00, 0x10, 0x00, 0x00, 
0xE4, 0x00, 0xC5, 0xD3, 0x20, 0x99, 0x92, 0x17, 0x80, 0x18, 0x2C, 0x68, 0x00, 0x30, 0xFE, 0xD9, 
0x16, 0x00, 0x00, 0x94, 0x00, 0x34, 0xFE, 0xD9, 0x16, 0x00, 0x00, 0x98, 0xE4, 0x00, 0xC5, 0xD3, 
0x21, 0x9B, 0x92, 0x17, 0x52, 0x00, 0xFC, 0xBE, 0x00, 0x10, 0x5D, 0xE0, 0x04, 0x00, 0x05, 0x64, 
0xFF, 0x7C, 0x7C, 0x80, 0x00, 0x10, 0x00, 0x00, 0xE4, 0x00, 0xC5, 0xD3, 0x22, 0x9D, 0x92, 0x17, 
0x80, 0x18, 0x2C, 0x68, 0x00, 0x38, 0xFE, 0xD9, 0x16, 0x00, 0x00, 0x9C, 0x00, 0x3C, 0xFE, 0xD9, 
0x16, 0x00, 0x00, 0xA0, 0xE4, 0x00, 0xC5, 0xD3, 0x23, 0x9F, 0x92, 0x17, 0x55, 0x00, 0xFC, 0xBE, 
0x00, 0x10, 0x5D, 0xE0, 0x03, 0x00, 0x07, 0x63, 0xFF, 0x7C, 0x7C, 0x80, 0x00, 0x10, 0x00, 0x00, 
0xE4, 0x00, 0xC5, 0xD3, 0x24, 0xB1, 0x92, 0x17, 0x80, 0x18, 0x2C, 0x68, 0xE4, 0x00, 0xC5, 0xD3, 
0x25, 0xB3, 0x92, 0x17, 0x55, 0x00, 0xFC, 0xBE, 0x00, 0x10, 0x5D, 0xE0, 0x04, 0x00, 0x07, 0x63, 
0xFF, 0x7C, 0x7C, 0x80, 0x00, 0x10, 0x00, 0x00, 0xE4, 0x00, 0xC5, 0xD3, 0x26, 0xB5, 0x92, 0x17, 
0x4F, 0x00, 0xFC, 0xBE, 0x00, 0x10, 0x5D, 0xE0, 0x01, 0x00, 0x02, 0x62, 0xFF, 0x7C, 0x7C, 0x80, 
0x00, 0x10, 0x00, 0x00, 0xE4, 0x00, 0xC5, 0xD3, 0x27, 0xB7, 0x92, 0x17, 0x4F, 0x00, 0xFC, 0xBE, 
0x00, 0x10, 0x5D, 0xE0, 0x02, 0x00, 0x02, 0x62, 0xFF, 0x7C, 0x7C, 0x80, 0x00, 0x10, 0x00, 0x00, 
0xE4, 0x00, 0xC5, 0xD3, 0x28, 0xC9, 0x92, 0x17, 0xE4, 0x00, 0xC5, 0xD3, 0x29, 0xCB, 0x92, 0x17, 
0xE4, 0x00, 0xC5, 0xD3, 0x2A, 0xCD, 0x92, 0x17, 0xE4, 0x00, 0xC5, 0xD3, 0x2B, 0xCF, 0x92, 0x17, 
0xE4, 0x00, 0xC5, 0xD3, 0x2C, 0xE1, 0x92, 0x17, 0xE4, 0x00, 0xC5, 0xD3, 0x2D, 0xE3, 0x92, 0x17, 
0xE4, 0x00, 0xC5, 0xD3, 0x2E, 0xE5, 0x92, 0x17, 0xE4, 0x00, 0xC5, 0xD3, 0x2F, 0xE7, 0x92, 0x17, 
0xE4, 0x00, 0xC5, 0xD3, 0x30, 0xF9, 0x92, 0x17, 0xE4, 0x00, 0xC5, 0xD3, 0x31, 0xFB, 0x92, 0x17, 
0xE4, 0x00, 0xC5, 0xD3, 0x32, 0xFD, 0x92, 0x17, 0xE4, 0x00, 0xC5, 0xD3, 0x33, 0xFF, 0x92, 0x17, 
0xE4, 0x00, 0xC5, 0xD3, 0x34, 0x11, 0x93, 0x17, 0xE4, 0x00, 0xC5, 0xD3, 0x35, 0x13, 0x93, 0x17, 
0xE4, 0x00, 0xC5, 0xD3, 0x36, 0x15, 0x93, 0x17, 0xE4, 0x00, 0xC5, 0xD3, 0x37, 0x17, 0x93, 0x17, 
0xE4, 0x00, 0xC5, 0xD3, 0x38, 0x29, 0x93, 0x17, 0xE4, 0x00, 0xC5, 0xD3, 0x39, 0x2B, 0x93, 0x17, 
0xE4, 0x00, 0xC5, 0xD3, 0x3A, 0x2D, 0x93, 0x17, 0xE4, 0x00, 0xC5, 0xD3, 0x3B, 0x2F, 0x93, 0x17, 
0xE8, 0x00, 0xC5, 0xD3, 0x1C, 0x89, 0x02, 0x12, 0xE8, 0x00, 0xC5, 0xD3, 0x1D, 0x8B, 0xA2, 0x17, 
0xE8, 0x00, 0xC5, 0xD3, 0x1E, 0x8D, 0xA2, 0x17, 0xE8, 0x00, 0xC5, 0xD3, 0x1F, 0x8F, 0xA2, 0x17, 
0xE8, 0x00, 0xC5, 0xD3, 0x20, 0xA1, 0xA2, 0x17, 0xE8, 0x00, 0xC5, 0xD3, 0x21, 0xA3, 0xA2, 0x17, 
0xE8, 0x00, 0xC5, 0xD3, 0x22, 0xA5, 0xA2, 0x17, 0xE8, 0x00, 0xC5, 0xD3, 0x23, 0xA7, 0xA2, 0x17, 
0xE8, 0x00, 0xC5, 0xD3, 0x24, 0xB9, 0xA2, 0x17, 0xE8, 0x00, 0xC5, 0xD3, 0x25, 0xBB, 0xA2, 0x17, 
0xE8, 0x00, 0xC5, 0xD3, 0x26, 0xBD, 0xA2, 0x17, 0xE8, 0x00, 0xC5, 0xD3, 0x27, 0xBF, 0xA2, 0x17, 
0xE8, 0x00, 0xC5, 0xD3, 0x28, 0xD1, 0xA2, 0x17, 0xE8, 0x00, 0xC5, 0xD3, 0x29, 0xD3, 0xA2, 0x17, 
0xE8, 0x00, 0xC5, 0xD3, 0x2A, 0xD5, 0xA2, 0x17, 0xE8, 0x00, 0xC5, 0xD3, 0x2B, 0xD7, 0xA2, 0x17, 
0xE8, 0x00, 0xC5, 0xD3, 0x2C, 0xE9, 0xA2, 0x17, 0xE8, 0x00, 0xC5, 0xD3, 0x2D, 0xEB, 0xA2, 0x17, 
0xE8, 0x00, 0xC5, 0xD3, 0x2E, 0xED, 0xA2, 0x17, 0xE8, 0x00, 0xC5, 0xD3, 0x2F, 0xEF, 0xA2, 0x17, 
0xE8, 0x00, 0xC5, 0xD3, 0x30, 0x01, 0xA3, 0x17, 0xE8, 0x00, 0xC5, 0xD3, 0x31, 0x03, 0xA3, 0x17, 
0xE8, 0x00, 0xC5, 0xD3, 0x32, 0x05, 0xA3, 0x17, 0xE8, 0x00, 0xC5, 0xD3, 0x33, 0x07, 0xA3, 0x17, 
0xE8, 0x00, 0xC5, 0xD3, 0x34, 0x19, 0xA3, 0x17, 0xE8, 0x00, 0xC5, 0xD3, 0x35, 0x1B, 0xA3, 0x17, 
0xE8, 0x00, 0xC5, 0xD3, 0x36, 0x1D, 0xA3, 0x17, 0xE8, 0x00, 0xC5, 0xD3, 0x37, 0x1F, 0xA3, 0x17, 
0xE8, 0x00, 0xC5, 0xD3, 0x38, 0x31, 0xA3, 0x17, 0xB0, 0x3B, 0x3C, 0x80, 0x3C, 0x3A, 0x0A, 0xBF, 
0x44, 0x80, 0x44, 0x85, 0x46, 0x80, 0x46, 0x85, 0x45, 0x80, 0x45, 0x85, 0xE8, 0x00, 0xC5, 0xD3, 
0x39, 0x33, 0xA3, 0x17, 0x45, 0x16, 0x16, 0x68, 0x46, 0x64, 0x64, 0x80, 0xE8, 0x00, 0xC5, 0xD3, 
0x3A, 0x35, 0xA3, 0x17, 0x46, 0x63, 0x63, 0x80, 0x44, 0x62, 0x62, 0x80, 0xE8, 0x00, 0xC5, 0xD3, 
0x3B, 0x37, 0xA3, 0x17, 0x3B, 0x90, 0x09, 0xBF, 0x43, 0x42, 0x42, 0x85, 0x10, 0x00, 0x3B, 0xB7, 
0x00, 0x00, 0x80, 0xBF, 0x3B, 0x3A, 0x04, 0xBF, 0x49, 0xFA, 0x84, 0xBF, 0x7F, 0xC0, 0x8C, 0xBF, 
0x80, 0x02, 0x2C, 0x7E, 0xFF, 0x36, 0x2E, 0x68, 0x00, 0x46, 0x02, 0x00, 0x00, 0x00, 0x1A, 0xD8, 
0x17, 0x16, 0x00, 0x00, 0x00, 0x00, 0x8A, 0xBF, 0x1C, 0x00, 0xC5, 0xD3, 0x84, 0x01, 0x02, 0x12, 
0x2F, 0xC8, 0xC9, 0x0B, 0x2F, 0xCA, 0xCB, 0x0B, 0x2F, 0xCC, 0xCD, 0x0B, 0x2F, 0xCE, 0xCF, 0x0B, 
0x1C, 0x00, 0xC5, 0xD3, 0x85, 0x03, 0x72, 0x14, 0x2F, 0xD0, 0xD1, 0x0B, 0x2F, 0xD2, 0xD3, 0x0B, 
0x2F, 0xD4, 0xD5, 0x0B, 0x2F, 0xD6, 0xD7, 0x0B, 0x1C, 0x00, 0xC5, 0xD3, 0x86, 0x05, 0x72, 0x14, 
0x00, 0x10, 0x34, 0xE1, 0x07, 0xEC, 0x08, 0x80, 0x1C, 0x00, 0xC5, 0xD3, 0x87, 0x07, 0x72, 0x14, 
0x2E, 0x88, 0x3C, 0x92, 0x3C, 0x01, 0x11, 0xBF, 0x64, 0xF1, 0xF1, 0x0B, 0x00, 0x00, 0x9C, 0xBF, 
0x3C, 0x01, 0x11, 0xBF, 0x65, 0xF3, 0xF3, 0x0B, 0x00, 0x00, 0x9C, 0xBF, 0x3C, 0x01, 0x11, 0xBF, 
0x66, 0xF5, 0xF5, 0x0B, 0x00, 0x00, 0x9C, 0xBF, 0x3C, 0x01, 0x11, 0xBF, 0x67, 0xF7, 0xF7, 0x0B, 
0x00, 0x00, 0x9C, 0xBF, 0x1C, 0x00, 0xC5, 0xD3, 0x88, 0x09, 0x72, 0x14, 0x00, 0x10, 0x34, 0xE1, 
0x08, 0xED, 0x08, 0x80, 0x1C, 0x00, 0xC5, 0xD3, 0x89, 0x0B, 0x72, 0x14, 0x2E, 0x88, 0x3C, 0x92, 
0x3C, 0x01, 0x11, 0xBF, 0x68, 0xF9, 0xF9, 0x0B, 0x00, 0x00, 0x9C, 0xBF, 0x3C, 0x01, 0x11, 0xBF, 
0x69, 0xFB, 0xFB, 0x0B, 0x00, 0x00, 0x9C, 0xBF, 0x3C, 0x01, 0x11, 0xBF, 0x6A, 0xFD, 0xFD, 0x0B, 
0x00, 0x00, 0x9C, 0xBF, 0x3C, 0x01, 0x11, 0xBF, 0x6B, 0xFF, 0xFF, 0x0B, 0x00, 0x00, 0x9C, 0xBF, 
0x1C, 0x00, 0xC5, 0xD3, 0x8A, 0x0D, 0x72, 0x14, 0xF8, 0x40, 0xB2, 0xD3, 0xFA, 0xF1, 0x03, 0x18, 
0xFC, 0x40, 0xB2, 0xD3, 0xFE, 0xF9, 0x03, 0x18, 0xF8, 0x40, 0xB2, 0xD3, 0xFC, 0xF1, 0x03, 0x18, 
0xF9, 0xF1, 0xF1, 0x03, 0xF8, 0x03, 0xF2, 0x7F, 0xF9, 0xB5, 0xF0, 0x7F, 0xF9, 0xF1, 0xF1, 0x03, 
0xF8, 0x03, 0xF2, 0x7F, 0xF9, 0xB3, 0xF0, 0x7F, 0xF9, 0xF1, 0xF1, 0x03, 0xFF, 0x36, 0x2C, 0x68, 
0x00, 0x46, 0x02, 0x00, 0x00, 0x00, 0x2A, 0xD8, 0x16, 0xF8, 0x00, 0x00, 0x1C, 0x00, 0xC5, 0xD3, 
0x8B, 0x0F, 0x72, 0x14, 0x00, 0x80, 0x6C, 0xD8, 0x0D, 0x00, 0x00, 0x44, 0x40, 0x80, 0x6C, 0xD8, 
0x0D, 0x00, 0x00, 0x45, 0x80, 0x80, 0x6C, 0xD8, 0x0D, 0x00, 0x00, 0x46, 0xC0, 0x80, 0x6C, 0xD8, 
0x0D, 0x00, 0x00, 0x47, 0x00, 0x84, 0x6C, 0xD8, 0x0D, 0x00, 0x00, 0x48, 0x40, 0x84, 0x6C, 0xD8, 
0x0D, 0x00, 0x00, 0x49, 0x80, 0x84, 0x6C, 0xD8, 0x0D, 0x00, 0x00, 0x4A, 0xC0, 0x84, 0x6C, 0xD8, 
0x0D, 0x00, 0x00, 0x4B, 0x1C, 0x00, 0xC5, 0xD3, 0x8C, 0x11, 0x72, 0x14, 0x00, 0x88, 0x6C, 0xD8, 
0x0D, 0x00, 0x00, 0x4C, 0x40, 0x88, 0x6C, 0xD8, 0x0D, 0x00, 0x00, 0x4D, 0x80, 0x88, 0x6C, 0xD8, 
0x0D, 0x00, 0x00, 0x4E, 0xC0, 0x88, 0x6C, 0xD8, 0x0D, 0x00, 0x00, 0x4F, 0x00, 0x8C, 0x6C, 0xD8, 
0x0D, 0x00, 0x00, 0x50, 0x40, 0x8C, 0x6C, 0xD8, 0x0D, 0x00, 0x00, 0x51, 0x80, 0x8C, 0x6C, 0xD8, 
0x0D, 0x00, 0x00, 0x52, 0xC0, 0x8C, 0x6C, 0xD8, 0x0D, 0x00, 0x00, 0x53, 0x1C, 0x00, 0xC5, 0xD3, 
0x8D, 0x13, 0x72, 0x14, 0x00, 0x90, 0x6C, 0xD8, 0x0D, 0x00, 0x00, 0x54, 0x40, 0x90, 0x6C, 0xD8, 
0x0D, 0x00, 0x00, 0x55, 0x80, 0x90, 0x6C, 0xD8, 0x0D, 0x00, 0x00, 0x56, 0xC0, 0x90, 0x6C, 0xD8, 
0x0D, 0x00, 0x00, 0x57, 0x00, 0x94, 0x6C, 0xD8, 0x0D, 0x00, 0x00, 0x58, 0x40, 0x94, 0x6C, 0xD8, 
0x0D, 0x00, 0x00, 0x59, 0x80, 0x94, 0x6C, 0xD8, 0x0D, 0x00, 0x00, 0x5A, 0xC0, 0x94, 0x6C, 0xD8, 
0x0D, 0x00, 0x00, 0x5B, 0x1C, 0x00, 0xC5, 0xD3, 0x8E, 0x15, 0x72, 0x14, 0x00, 0x98, 0x6C, 0xD8, 
0x0D, 0x00, 0x00, 0x5C, 0x40, 0x98, 0x6C, 0xD8, 0x0D, 0x00, 0x00, 0x5D, 0x80, 0x98, 0x6C, 0xD8, 
0x0D, 0x00, 0x00, 0x5E, 0xC0, 0x98, 0x6C, 0xD8, 0x0D, 0x00, 0x00, 0x5F, 0x00, 0x9C, 0x6C, 0xD8, 
0x0D, 0x00, 0x00, 0x60, 0x40, 0x9C, 0x6C, 0xD8, 0x0D, 0x00, 0x00, 0x61, 0x80, 0x9C, 0x6C, 0xD8, 
0x0D, 0x00, 0x00, 0x62, 0xC0, 0x9C, 0x6C, 0xD8, 0x0D, 0x00, 0x00, 0x63, 0x1C, 0x00, 0xC5, 0xD3, 
0x8F, 0x17, 0x72, 0x14, 0x1C, 0x00, 0xC5, 0xD3, 0x90, 0x19, 0x72, 0x14, 0x1C, 0x00, 0xC5, 0xD3, 
0x91, 0x1B, 0x72, 0x14, 0x1C, 0x00, 0xC5, 0xD3, 0x92, 0x1D, 0x72, 0x14, 0x1C, 0x00, 0xC5, 0xD3, 
0x93, 0x1F, 0x72, 0x14, 0x1C, 0x00, 0xC5, 0xD3, 0x94, 0x21, 0x72, 0x14, 0x1C, 0x00, 0xC5, 0xD3, 
0x95, 0x23, 0x72, 0x14, 0x1C, 0x00, 0xC5, 0xD3, 0x96, 0x25, 0x72, 0x14, 0x1C, 0x00, 0xC5, 0xD3, 
0x97, 0x27, 0x72, 0x14, 0x1C, 0x00, 0xC5, 0xD3, 0x98, 0x29, 0x72, 0x14, 0x1C, 0x00, 0xC5, 0xD3, 
0x99, 0x2B, 0x72, 0x14, 0x1C, 0x00, 0xC5, 0xD3, 0x9A, 0x2D, 0x72, 0x14, 0x1C, 0x00, 0xC5, 0xD3, 
0x9B, 0x2F, 0x72, 0x14, 0x1C, 0x00, 0xC5, 0xD3, 0x9C, 0x31, 0x72, 0x14, 0x1C, 0x00, 0xC5, 0xD3, 
0x9D, 0x33, 0x72, 0x14, 0x1C, 0x00, 0xC5, 0xD3, 0x9E, 0x35, 0x72, 0x14, 0x1C, 0x00, 0xC5, 0xD3, 
0x9F, 0x37, 0x72, 0x14, 0x1C, 0x00, 0xC5, 0xD3, 0xA0, 0x39, 0x72, 0x14, 0x1C, 0x00, 0xC5, 0xD3, 
0xA1, 0x3B, 0x72, 0x14, 0x1C, 0x00, 0xC5, 0xD3, 0xA2, 0x3D, 0x72, 0x14, 0x1C, 0x00, 0xC5, 0xD3, 
0xA3, 0x3F, 0x72, 0x14, 0x20, 0x00, 0xC5, 0xD3, 0x84, 0x21, 0x02, 0x12, 0x20, 0x00, 0xC5, 0xD3, 
0x85, 0x23, 0x82, 0x14, 0x20, 0x00, 0xC5, 0xD3, 0x86, 0x25, 0x82, 0x14, 0x20, 0x00, 0xC5, 0xD3, 
0x87, 0x27, 0x82, 0x14, 0x20, 0x00, 0xC5, 0xD3, 0x88, 0x29, 0x82, 0x14, 0x20, 0x00, 0xC5, 0xD3, 
0x89, 0x2B, 0x82, 0x14, 0x20, 0x00, 0xC5, 0xD3, 0x8A, 0x2D, 0x82, 0x14, 0x20, 0x00, 0xC5, 0xD3, 
0x8B, 0x2F, 0x82, 0x14, 0x20, 0x00, 0xC5, 0xD3, 0x8C, 0x31, 0x82, 0x14, 0x20, 0x00, 0xC5, 0xD3, 
0x8D, 0x33, 0x82, 0x14, 0x20, 0x00, 0xC5, 0xD3, 0x8E, 0x35, 0x82, 0x14, 0x20, 0x00, 0xC5, 0xD3, 
0x8F, 0x37, 0x82, 0x14, 0x20, 0x00, 0xC5, 0xD3, 0x90, 0x39, 0x82, 0x14, 0x20, 0x00, 0xC5, 0xD3, 
0x91, 0x3B, 0x82, 0x14, 0x20, 0x00, 0xC5, 0xD3, 0x92, 0x3D, 0x82, 0x14, 0x20, 0x00, 0xC5, 0xD3, 
0x93, 0x3F, 0x82, 0x14, 0x20, 0x00, 0xC5, 0xD3, 0x94, 0x41, 0x82, 0x14, 0x20, 0x00, 0xC5, 0xD3, 
0x95, 0x43, 0x82, 0x14, 0x20, 0x00, 0xC5, 0xD3, 0x96, 0x45, 0x82, 0x14, 0x20, 0x00, 0xC5, 0xD3, 
0x97, 0x47, 0x82, 0x14, 0x20, 0x00, 0xC5, 0xD3, 0x98, 0x49, 0x82, 0x14, 0x20, 0x00, 0xC5, 0xD3, 
0x99, 0x4B, 0x82, 0x14, 0x20, 0x00, 0xC5, 0xD3, 0x9A, 0x4D, 0x82, 0x14, 0x20, 0x00, 0xC5, 0xD3, 
0x9B, 0x4F, 0x82, 0x14, 0x20, 0x00, 0xC5, 0xD3, 0x9C, 0x51, 0x82, 0x14, 0x20, 0x00, 0xC5, 0xD3, 
0x9D, 0x53, 0x82, 0x14, 0x20, 0x00, 0xC5, 0xD3, 0x9E, 0x55, 0x82, 0x14, 0x20, 0x00, 0xC5, 0xD3, 
0x9F, 0x57, 0x82, 0x14, 0x20, 0x00, 0xC5, 0xD3, 0xA0, 0x59, 0x82, 0x14, 0x20, 0x00, 0xC5, 0xD3, 
0xA1, 0x5B, 0x82, 0x14, 0x20, 0x00, 0xC5, 0xD3, 0xA2, 0x5D, 0x82, 0x14, 0x20, 0x00, 0xC5, 0xD3, 
0xA3, 0x5F, 0x82, 0x14, 0x7F, 0xCF, 0x8C, 0xBF, 0x00, 0x00, 0x8A, 0xBF, 0x3C, 0x00, 0xC5, 0xD3, 
0x64, 0x01, 0x03, 0x12, 0x1C, 0x00, 0xCB, 0xD1, 0x1C, 0x73, 0xD0, 0x87, 0x1D, 0x00, 0xCB, 0xD1, 
0x1D, 0x73, 0xD4, 0x87, 0x1E, 0x00, 0xCB, 0xD1, 0x1E, 0x73, 0xD8, 0x87, 0x1F, 0x00, 0xCB, 0xD1, 
0x1F, 0x73, 0xDC, 0x87, 0x3C, 0x00, 0xC5, 0xD3, 0x65, 0x03, 0xF3, 0x14, 0x00, 0x10, 0x34, 0xE1, 
0x09, 0xEE, 0x08, 0x80, 0xFF, 0x20, 0x2C, 0x68, 0x00, 0x46, 0x02, 0x00, 0x00, 0x00, 0x6C, 0xD8, 
0x16, 0x00, 0x00, 0x1A, 0x3C, 0x00, 0xC5, 0xD3, 0x66, 0x05, 0xF3, 0x14, 0x20, 0x00, 0xCB, 0xD1, 
0x20, 0x73, 0xD0, 0x87, 0x21, 0x00, 0xCB, 0xD1, 0x21, 0x73, 0xD4, 0x87, 0x22, 0x00, 0xCB, 0xD1, 
0x22, 0x73, 0xD8, 0x87, 0x23, 0x00, 0xCB, 0xD1, 0x23, 0x73, 0xDC, 0x87, 0x3C, 0x00, 0xC5, 0xD3, 
0x67, 0x07, 0xF3, 0x14, 0x00, 0x10, 0x34, 0xE1, 0x0A, 0xEF, 0x08, 0x80, 0xFF, 0x20, 0x2C, 0x68, 
0x00, 0x46, 0x02, 0x00, 0x3C, 0x00, 0xC5, 0xD3, 0x68, 0x09, 0xF3, 0x14, 0x24, 0x00, 0xCB, 0xD1, 
0x24, 0x73, 0xD0, 0x87, 0x25, 0x00, 0xCB, 0xD1, 0x25, 0x73, 0xD4, 0x87, 0x26, 0x00, 0xCB, 0xD1, 
0x26, 0x73, 0xD8, 0x87, 0x27, 0x00, 0xCB, 0xD1, 0x27, 0x73, 0xDC, 0x87, 0x1C, 0x41, 0x38, 0x7E, 
0xFF, 0x02, 0x2C, 0x7E, 0x07, 0x02, 0x00, 0x00, 0x3C, 0x00, 0x10, 0xD0, 0x1C, 0x2D, 0x02, 0x00, 
0x00, 0x00, 0x80, 0xBF, 0x1C, 0x00, 0x00, 0xD1, 0x1C, 0x01, 0xF1, 0x00, 0x1D, 0x41, 0x3A, 0x7E, 
0xFF, 0x02, 0x2C, 0x7E, 0x07, 0x02, 0x00, 0x00, 0x3C, 0x00, 0x10, 0xD0, 0x1D, 0x2D, 0x02, 0x00, 
0x00, 0x00, 0x80, 0xBF, 0x1D, 0x00, 0x00, 0xD1, 0x1D, 0x01, 0xF1, 0x00, 0x3C, 0x00, 0xC5, 0xD3, 
0x69, 0x0B, 0xF3, 0x14, 0x80, 0x1A, 0x2C, 0x68, 0x00, 0x20, 0x6C, 0xD8, 0x16, 0x00, 0x00, 0x84, 
0x40, 0x20, 0x6C, 0xD8, 0x16, 0x00, 0x00, 0x85, 0x80, 0x20, 0x6C, 0xD8, 0x16, 0x00, 0x00, 0x86, 
0xC0, 0x20, 0x6C, 0xD8, 0x16, 0x00, 0x00, 0x87, 0x3C, 0x00, 0xC5, 0xD3, 0x6A, 0x0D, 0xF3, 0x14, 
0x28, 0x00, 0xCB, 0xD1, 0x28, 0x73, 0xD0, 0x87, 0x29, 0x00, 0xCB, 0xD1, 0x29, 0x73, 0xD4, 0x87, 
0x2A, 0x00, 0xCB, 0xD1, 0x2A, 0x73, 0xD8, 0x87, 0x2B, 0x00, 0xCB, 0xD1, 0x2B, 0x73, 0xDC, 0x87, 
0x1E, 0x41, 0x3C, 0x7E, 0xFF, 0x02, 0x2C, 0x7E, 0x07, 0x02, 0x00, 0x00, 0x3C, 0x00, 0x10, 0xD0, 
0x1E, 0x2D, 0x02, 0x00, 0x00, 0x00, 0x80, 0xBF, 0x1E, 0x00, 0x00, 0xD1, 0x1E, 0x01, 0xF1, 0x00, 
0x1F, 0x41, 0x3E, 0x7E, 0xFF, 0x02, 0x2C, 0x7E, 0x07, 0x02, 0x00, 0x00, 0x3C, 0x00, 0x10, 0xD0, 
0x1F, 0x2D, 0x02, 0x00, 0x00, 0x00, 0x80, 0xBF, 0x1F, 0x00, 0x00, 0xD1, 0x1F, 0x01, 0xF1, 0x00, 
0x3C, 0x00, 0xC5, 0xD3, 0x6B, 0x0F, 0xF3, 0x14, 0x80, 0x1A, 0x2C, 0x68, 0x00, 0x24, 0x6C, 0xD8, 
0x16, 0x00, 0x00, 0x88, 0x40, 0x24, 0x6C, 0xD8, 0x16, 0x00, 0x00, 0x89, 0x80, 0x24, 0x6C, 0xD8, 
0x16, 0x00, 0x00, 0x8A, 0xC0, 0x24, 0x6C, 0xD8, 0x16, 0x00, 0x00, 0x8B, 0x3C, 0x00, 0xC5, 0xD3, 
0x6C, 0x11, 0xF3, 0x14, 0x20, 0x41, 0x40, 0x7E, 0xFF, 0x02, 0x2C, 0x7E, 0x07, 0x02, 0x00, 0x00, 
0x3C, 0x00, 0x10, 0xD0, 0x20, 0x2D, 0x02, 0x00, 0x00, 0x00, 0x80, 0xBF, 0x20, 0x00, 0x00, 0xD1, 
0x20, 0x01, 0xF1, 0x00, 0x21, 0x41, 0x42, 0x7E, 0xFF, 0x02, 0x2C, 0x7E, 0x07, 0x02, 0x00, 0x00, 
0x3C, 0x00, 0x10, 0xD0, 0x21, 0x2D, 0x02, 0x00, 0x00, 0x00, 0x80, 0xBF, 0x21, 0x00, 0x00, 0xD1, 
0x21, 0x01, 0xF1, 0x00, 0x3C, 0x00, 0xC5, 0xD3, 0x6D, 0x13, 0xF3, 0x14, 0x80, 0x1A, 0x2C, 0x68, 
0x00, 0x28, 0x6C, 0xD8, 0x16, 0x00, 0x00, 0x8C, 0x40, 0x28, 0x6C, 0xD8, 0x16, 0x00, 0x00, 0x8D, 
0x80, 0x28, 0x6C, 0xD8, 0x16, 0x00, 0x00, 0x8E, 0xC0, 0x28, 0x6C, 0xD8, 0x16, 0x00, 0x00, 0x8F, 
0x3C, 0x00, 0xC5, 0xD3, 0x6E, 0x15, 0xF3, 0x14, 0x22, 0x41, 0x44, 0x7E, 0xFF, 0x02, 0x2C, 0x7E, 
0x07, 0x02, 0x00, 0x00, 0x3C, 0x00, 0x10, 0xD0, 0x22, 0x2D, 0x02, 0x00, 0x00, 0x00, 0x80, 0xBF, 
0x22, 0x00, 0x00, 0xD1, 0x22, 0x01, 0xF1, 0x00, 0x23, 0x41, 0x46, 0x7E, 0xFF, 0x02, 0x2C, 0x7E, 
0x07, 0x02, 0x00, 0x00, 0x3C, 0x00, 0x10, 0xD0, 0x23, 0x2D, 0x02, 0x00, 0x00, 0x00, 0x80, 0xBF, 
0x23, 0x00, 0x00, 0xD1, 0x23, 0x01, 0xF1, 0x00, 0x3C, 0x00, 0xC5, 0xD3, 0x6F, 0x17, 0xF3, 0x14, 
0x80, 0x1A, 0x2C, 0x68, 0x00, 0x2C, 0x6C, 0xD8, 0x16, 0x00, 0x00, 0x90, 0x40, 0x2C, 0x6C, 0xD8, 
0x16, 0x00, 0x00, 0x91, 0x80, 0x2C, 0x6C, 0xD8, 0x16, 0x00, 0x00, 0x92, 0xC0, 0x2C, 0x6C, 0xD8, 
0x16, 0x00, 0x00, 0x93, 0x3C, 0x00, 0xC5, 0xD3, 0x70, 0x19, 0xF3, 0x14, 0x24, 0x41, 0x48, 0x7E, 
0xFF, 0x02, 0x2C, 0x7E, 0x07, 0x02, 0x00, 0x00, 0x3C, 0x00, 0x10, 0xD0, 0x24, 0x2D, 0x02, 0x00, 
0x00, 0x00, 0x80, 0xBF, 0x24, 0x00, 0x00, 0xD1, 0x24, 0x01, 0xF1, 0x00, 0x25, 0x41, 0x4A, 0x7E, 
0xFF, 0x02, 0x2C, 0x7E, 0x07, 0x02, 0x00, 0x00, 0x3C, 0x00, 0x10, 0xD0, 0x25, 0x2D, 0x02, 0x00, 
0x00, 0x00, 0x80, 0xBF, 0x25, 0x00, 0x00, 0xD1, 0x25, 0x01, 0xF1, 0x00, 0x3C, 0x00, 0xC5, 0xD3, 
0x71, 0x1B, 0xF3, 0x14, 0x80, 0x1A, 0x2C, 0x68, 0x00, 0x30, 0x6C, 0xD8, 0x16, 0x00, 0x00, 0x94, 
0x40, 0x30, 0x6C, 0xD8, 0x16, 0x00, 0x00, 0x95, 0x80, 0x30, 0x6C, 0xD8, 0x16, 0x00, 0x00, 0x96, 
0xC0, 0x30, 0x6C, 0xD8, 0x16, 0x00, 0x00, 0x97, 0x3C, 0x00, 0xC5, 0xD3, 0x72, 0x1D, 0xF3, 0x14, 
0x26, 0x41, 0x4C, 0x7E, 0xFF, 0x02, 0x2C, 0x7E, 0x07, 0x02, 0x00, 0x00, 0x3C, 0x00, 0x10, 0xD0, 
0x26, 0x2D, 0x02, 0x00, 0x00, 0x00, 0x80, 0xBF, 0x26, 0x00, 0x00, 0xD1, 0x26, 0x01, 0xF1, 0x00, 
0x27, 0x41, 0x4E, 0x7E, 0xFF, 0x02, 0x2C, 0x7E, 0x07, 0x02, 0x00, 0x00, 0x3C, 0x00, 0x10, 0xD0, 
0x27, 0x2D, 0x02, 0x00, 0x00, 0x00, 0x80, 0xBF, 0x27, 0x00, 0x00, 0xD1, 0x27, 0x01, 0xF1, 0x00, 
0x3C, 0x00, 0xC5, 0xD3, 0x73, 0x1F, 0xF3, 0x14, 0x80, 0x1A, 0x2C, 0x68, 0x00, 0x34, 0x6C, 0xD8, 
0x16, 0x00, 0x00, 0x98, 0x40, 0x34, 0x6C, 0xD8, 0x16, 0x00, 0x00, 0x99, 0x80, 0x34, 0x6C, 0xD8, 
0x16, 0x00, 0x00, 0x9A, 0xC0, 0x34, 0x6C, 0xD8, 0x16, 0x00, 0x00, 0x9B, 0x3C, 0x00, 0xC5, 0xD3, 
0x74, 0x21, 0xF3, 0x14, 0x28, 0x41, 0x50, 0x7E, 0xFF, 0x02, 0x2C, 0x7E, 0x07, 0x02, 0x00, 0x00, 
0x3C, 0x00, 0x10, 0xD0, 0x28, 0x2D, 0x02, 0x00, 0x00, 0x00, 0x80, 0xBF, 0x28, 0x00, 0x00, 0xD1, 
0x28, 0x01, 0xF1, 0x00, 0x29, 0x41, 0x52, 0x7E, 0xFF, 0x02, 0x2C, 0x7E, 0x07, 0x02, 0x00, 0x00, 
0x3C, 0x00, 0x10, 0xD0, 0x29, 0x2D, 0x02, 0x00, 0x00, 0x00, 0x80, 0xBF, 0x29, 0x00, 0x00, 0xD1, 
0x29, 0x01, 0xF1, 0x00, 0x3C, 0x00, 0xC5, 0xD3, 0x75, 0x23, 0xF3, 0x14, 0x80, 0x1A, 0x2C, 0x68, 
0x00, 0x38, 0x6C, 0xD8, 0x16, 0x00, 0x00, 0x9C, 0x40, 0x38, 0x6C, 0xD8, 0x16, 0x00, 0x00, 0x9D, 
0x80, 0x38, 0x6C, 0xD8, 0x16, 0x00, 0x00, 0x9E, 0xC0, 0x38, 0x6C, 0xD8, 0x16, 0x00, 0x00, 0x9F, 
0x3C, 0x00, 0xC5, 0xD3, 0x76, 0x25, 0xF3, 0x14, 0x2A, 0x41, 0x54, 0x7E, 0xFF, 0x02, 0x2C, 0x7E, 
0x07, 0x02, 0x00, 0x00, 0x3C, 0x00, 0x10, 0xD0, 0x2A, 0x2D, 0x02, 0x00, 0x00, 0x00, 0x80, 0xBF, 
0x2A, 0x00, 0x00, 0xD1, 0x2A, 0x01, 0xF1, 0x00, 0x2B, 0x41, 0x56, 0x7E, 0xFF, 0x02, 0x2C, 0x7E, 
0x07, 0x02, 0x00, 0x00, 0x3C, 0x00, 0x10, 0xD0, 0x2B, 0x2D, 0x02, 0x00, 0x00, 0x00, 0x80, 0xBF, 
0x2B, 0x00, 0x00, 0xD1, 0x2B, 0x01, 0xF1, 0x00, 0x3C, 0x00, 0xC5, 0xD3, 0x77, 0x27, 0xF3, 0x14, 
0x80, 0x1A, 0x2C, 0x68, 0x00, 0x3C, 0x6C, 0xD8, 0x16, 0x00, 0x00, 0xA0, 0x40, 0x3C, 0x6C, 0xD8, 
0x16, 0x00, 0x00, 0xA1, 0x80, 0x3C, 0x6C, 0xD8, 0x16, 0x00, 0x00, 0xA2, 0xC0, 0x3C, 0x6C, 0xD8, 
0x16, 0x00, 0x00, 0xA3, 0x3C, 0x00, 0xC5, 0xD3, 0x78, 0x29, 0xF3, 0x14, 0x3C, 0x00, 0xC5, 0xD3, 
0x79, 0x2B, 0xF3, 0x14, 0x3C, 0x00, 0xC5, 0xD3, 0x7A, 0x2D, 0xF3, 0x14, 0x3C, 0x00, 0xC5, 0xD3, 
0x7B, 0x2F, 0xF3, 0x14, 0x3C, 0x00, 0xC5, 0xD3, 0x7C, 0x31, 0xF3, 0x14, 0x3C, 0x00, 0xC5, 0xD3, 
0x7D, 0x33, 0xF3, 0x14, 0x3C, 0x00, 0xC5, 0xD3, 0x7E, 0x35, 0xF3, 0x14, 0x3C, 0x00, 0xC5, 0xD3, 
0x7F, 0x37, 0xF3, 0x14, 0x3C, 0x00, 0xC5, 0xD3, 0x80, 0x39, 0xF3, 0x14, 0x3C, 0x00, 0xC5, 0xD3, 
0x81, 0x3B, 0xF3, 0x14, 0x3C, 0x00, 0xC5, 0xD3, 0x82, 0x3D, 0xF3, 0x14, 0x3C, 0x00, 0xC5, 0xD3, 
0x83, 0x3F, 0xF3, 0x14, 0x40, 0x00, 0xC5, 0xD3, 0x64, 0x21, 0x03, 0x12, 0x40, 0x00, 0xC5, 0xD3, 
0x65, 0x23, 0x03, 0x15, 0x40, 0x00, 0xC5, 0xD3, 0x66, 0x25, 0x03, 0x15, 0x40, 0x00, 0xC5, 0xD3, 
0x67, 0x27, 0x03, 0x15, 0x40, 0x00, 0xC5, 0xD3, 0x68, 0x29, 0x03, 0x15, 0x40, 0x00, 0xC5, 0xD3, 
0x69, 0x2B, 0x03, 0x15, 0x40, 0x00, 0xC5, 0xD3, 0x6A, 0x2D, 0x03, 0x15, 0x40, 0x00, 0xC5, 0xD3, 
0x6B, 0x2F, 0x03, 0x15, 0x40, 0x00, 0xC5, 0xD3, 0x6C, 0x31, 0x03, 0x15, 0x40, 0x00, 0xC5, 0xD3, 
0x6D, 0x33, 0x03, 0x15, 0x40, 0x00, 0xC5, 0xD3, 0x6E, 0x35, 0x03, 0x15, 0x40, 0x00, 0xC5, 0xD3, 
0x6F, 0x37, 0x03, 0x15, 0x40, 0x00, 0xC5, 0xD3, 0x70, 0x39, 0x03, 0x15, 0x40, 0x00, 0xC5, 0xD3, 
0x71, 0x3B, 0x03, 0x15, 0x40, 0x00, 0xC5, 0xD3, 0x72, 0x3D, 0x03, 0x15, 0x40, 0x00, 0xC5, 0xD3, 
0x73, 0x3F, 0x03, 0x15, 0x40, 0x00, 0xC5, 0xD3, 0x74, 0x41, 0x03, 0x15, 0x40, 0x00, 0xC5, 0xD3, 
0x75, 0x43, 0x03, 0x15, 0x40, 0x00, 0xC5, 0xD3, 0x76, 0x45, 0x03, 0x15, 0x40, 0x00, 0xC5, 0xD3, 
0x77, 0x47, 0x03, 0x15, 0x40, 0x00, 0xC5, 0xD3, 0x78, 0x49, 0x03, 0x15, 0x40, 0x00, 0xC5, 0xD3, 
0x79, 0x4B, 0x03, 0x15, 0x40, 0x00, 0xC5, 0xD3, 0x7A, 0x4D, 0x03, 0x15, 0x40, 0x00, 0xC5, 0xD3, 
0x7B, 0x4F, 0x03, 0x15, 0x40, 0x00, 0xC5, 0xD3, 0x7C, 0x51, 0x03, 0x15, 0x40, 0x00, 0xC5, 0xD3, 
0x7D, 0x53, 0x03, 0x15, 0x40, 0x00, 0xC5, 0xD3, 0x7E, 0x55, 0x03, 0x15, 0x40, 0x00, 0xC5, 0xD3, 
0x7F, 0x57, 0x03, 0x15, 0x40, 0x00, 0xC5, 0xD3, 0x80, 0x59, 0x03, 0x15, 0x40, 0x00, 0xC5, 0xD3, 
0x81, 0x5B, 0x03, 0x15, 0x40, 0x00, 0xC5, 0xD3, 0x82, 0x5D, 0x03, 0x15, 0x40, 0x00, 0xC5, 0xD3, 
0x83, 0x5F, 0x03, 0x15, 0x7F, 0xCF, 0x8C, 0xBF, 0x7A, 0x0F, 0x8C, 0xBF, 0x00, 0x00, 0x8A, 0xBF, 
0xA4, 0x00, 0xC5, 0xD3, 0x44, 0x39, 0x92, 0x06, 0xFA, 0x78, 0x78, 0x06, 0x1A, 0x00, 0x00, 0xFF, 
0xFA, 0x7A, 0x7A, 0x06, 0x1A, 0x55, 0x00, 0xFF, 0xFA, 0x7C, 0x7C, 0x06, 0x1A, 0xAA, 0x00, 0xFF, 
0xFA, 0x7E, 0x7E, 0x06, 0x1A, 0xFF, 0x00, 0xFF, 0x1C, 0x79, 0x78, 0x0A, 0x1D, 0x7B, 0x7A, 0x0A, 
0x1E, 0x7D, 0x7C, 0x0A, 0x1F, 0x7F, 0x7E, 0x0A, 0xA4, 0x00, 0xC5, 0xD3, 0x45, 0x3B, 0x92, 0x06, 
0xFF, 0x20, 0x2C, 0x68, 0x00, 0x24, 0x01, 0x00, 0x00, 0x00, 0x6C, 0xD8, 0x16, 0x00, 0x00, 0xF4, 
0x40, 0x10, 0x34, 0xE1, 0x07, 0xF0, 0x08, 0x80, 0xA4, 0x00, 0xC5, 0xD3, 0x46, 0x3D, 0x92, 0x06, 
0xFA, 0x80, 0x80, 0x06, 0x1A, 0x00, 0x00, 0xFF, 0xFA, 0x82, 0x82, 0x06, 0x1A, 0x55, 0x00, 0xFF, 
0xFA, 0x84, 0x84, 0x06, 0x1A, 0xAA, 0x00, 0xFF, 0xFA, 0x86, 0x86, 0x06, 0x1A, 0xFF, 0x00, 0xFF, 
0x20, 0x81, 0x80, 0x0A, 0x21, 0x83, 0x82, 0x0A, 0x22, 0x85, 0x84, 0x0A, 0x23, 0x87, 0x86, 0x0A, 
0xA4, 0x00, 0xC5, 0xD3, 0x47, 0x3F, 0x92, 0x06, 0xFF, 0x20, 0x2C, 0x68, 0x00, 0x24, 0x01, 0x00, 
0x40, 0x10, 0x34, 0xE1, 0x08, 0xF1, 0x08, 0x80, 0xA8, 0x00, 0xC5, 0xD3, 0x48, 0x39, 0xA2, 0x06, 
0xFA, 0x88, 0x88, 0x06, 0x1A, 0x00, 0x00, 0xFF, 0xFA, 0x8A, 0x8A, 0x06, 0x1A, 0x55, 0x00, 0xFF, 
0xFA, 0x8C, 0x8C, 0x06, 0x1A, 0xAA, 0x00, 0xFF, 0xFA, 0x8E, 0x8E, 0x06, 0x1A, 0xFF, 0x00, 0xFF, 
0x24, 0x89, 0x88, 0x0A, 0x25, 0x8B, 0x8A, 0x0A, 0x26, 0x8D, 0x8C, 0x0A, 0x27, 0x8F, 0x8E, 0x0A, 
0xA8, 0x00, 0xC5, 0xD3, 0x49, 0x3B, 0xA2, 0x06, 0xFF, 0x20, 0x2C, 0x68, 0x00, 0x24, 0x01, 0x00, 
0x40, 0x10, 0x34, 0xE1, 0x09, 0xF2, 0x08, 0x80, 0xA8, 0x00, 0xC5, 0xD3, 0x4A, 0x3D, 0xA2, 0x06, 
0xFA, 0x90, 0x90, 0x06, 0x1A, 0x00, 0x00, 0xFF, 0xFA, 0x92, 0x92, 0x06, 0x1A, 0x55, 0x00, 0xFF, 
0xFA, 0x94, 0x94, 0x06, 0x1A, 0xAA, 0x00, 0xFF, 0xFA, 0x96, 0x96, 0x06, 0x1A, 0xFF, 0x00, 0xFF, 
0x28, 0x91, 0x90, 0x0A, 0x29, 0x93, 0x92, 0x0A, 0x2A, 0x95, 0x94, 0x0A, 0x2B, 0x97, 0x96, 0x0A, 
0xA8, 0x00, 0xC5, 0xD3, 0x4B, 0x3F, 0xA2, 0x06, 0xFF, 0x20, 0x2C, 0x68, 0x00, 0x24, 0x01, 0x00, 
0x40, 0x10, 0x34, 0xE1, 0x0A, 0xF3, 0x08, 0x80, 0xAC, 0x00, 0xC5, 0xD3, 0x4C, 0x39, 0xB2, 0x06, 
0xFF, 0x1E, 0x2C, 0x68, 0x00, 0x26, 0x02, 0x00, 0x00, 0x00, 0x1A, 0xD8, 0x16, 0x3C, 0x00, 0x00, 
0x40, 0x00, 0x1A, 0xD8, 0x16, 0x3D, 0x00, 0x00, 0x80, 0x00, 0x1A, 0xD8, 0x16, 0x3E, 0x00, 0x00, 
0xC0, 0x00, 0x1A, 0xD8, 0x16, 0x3F, 0x00, 0x00, 0xAC, 0x00, 0xC5, 0xD3, 0x4D, 0x3B, 0xB2, 0x06, 
0xFF, 0x1E, 0x2C, 0x68, 0x00, 0x26, 0x02, 0x00, 0x00, 0x10, 0x1A, 0xD8, 0x16, 0x40, 0x00, 0x00, 
0x40, 0x10, 0x1A, 0xD8, 0x16, 0x41, 0x00, 0x00, 0x80, 0x10, 0x1A, 0xD8, 0x16, 0x42, 0x00, 0x00, 
0xC0, 0x10, 0x1A, 0xD8, 0x16, 0x43, 0x00, 0x00, 0xAC, 0x00, 0xC5, 0xD3, 0x4E, 0x3D, 0xB2, 0x06, 
0x7C, 0x0F, 0x8C, 0xBF, 0x00, 0x00, 0x8A, 0xBF, 0xFF, 0x18, 0x2C, 0x68, 0x00, 0x60, 0x00, 0x00, 
0x00, 0x40, 0xFE, 0xD9, 0x16, 0x00, 0x00, 0x64, 0xAC, 0x00, 0xC5, 0xD3, 0x4F, 0x3F, 0xB2, 0x06, 
0xFF, 0x18, 0x2C, 0x68, 0x00, 0x60, 0x00, 0x00, 0x00, 0x44, 0xFE, 0xD9, 0x16, 0x00, 0x00, 0x68, 
0xB0, 0x00, 0xC5, 0xD3, 0x50, 0x39, 0xC2, 0x06, 0xFF, 0x18, 0x2C, 0x68, 0x00, 0x60, 0x00, 0x00, 
0x00, 0x48, 0xFE, 0xD9, 0x16, 0x00, 0x00, 0x6C, 0xB0, 0x00, 0xC5, 0xD3, 0x51, 0x3B, 0xC2, 0x06, 
0xFF, 0x18, 0x2C, 0x68, 0x00, 0x60, 0x00, 0x00, 0x00, 0x4C, 0xFE, 0xD9, 0x16, 0x00, 0x00, 0x70, 
0xB0, 0x00, 0xC5, 0xD3, 0x52, 0x3D, 0xC2, 0x06, 0xFF, 0x18, 0x2C, 0x68, 0x00, 0x60, 0x00, 0x00, 
0x00, 0x50, 0xFE, 0xD9, 0x16, 0x00, 0x00, 0x74, 0xB0, 0x00, 0xC5, 0xD3, 0x53, 0x3F, 0xC2, 0x06, 
0xFF, 0x18, 0x2C, 0x68, 0x00, 0x60, 0x00, 0x00, 0x00, 0x54, 0xFE, 0xD9, 0x16, 0x00, 0x00, 0x78, 
0xB4, 0x00, 0xC5, 0xD3, 0x54, 0x39, 0xD2, 0x06, 0xFF, 0x18, 0x2C, 0x68, 0x00, 0x60, 0x00, 0x00, 
0x00, 0x58, 0xFE, 0xD9, 0x16, 0x00, 0x00, 0x7C, 0xB4, 0x00, 0xC5, 0xD3, 0x55, 0x3B, 0xD2, 0x06, 
0xFF, 0x18, 0x2C, 0x68, 0x00, 0x60, 0x00, 0x00, 0x00, 0x5C, 0xFE, 0xD9, 0x16, 0x00, 0x00, 0x80, 
0xB4, 0x00, 0xC5, 0xD3, 0x56, 0x3D, 0xD2, 0x06, 0xFF, 0x18, 0x2C, 0x68, 0x00, 0x60, 0x00, 0x00, 
0xB4, 0x00, 0xC5, 0xD3, 0x57, 0x3F, 0xD2, 0x06, 0xFF, 0x18, 0x2C, 0x68, 0x00, 0x60, 0x00, 0x00, 
0xB8, 0x00, 0xC5, 0xD3, 0x58, 0x39, 0xE2, 0x06, 0xFF, 0x18, 0x2C, 0x68, 0x00, 0x60, 0x00, 0x00, 
0xB8, 0x00, 0xC5, 0xD3, 0x59, 0x3B, 0xE2, 0x06, 0xFF, 0x18, 0x2C, 0x68, 0x00, 0x60, 0x00, 0x00, 
0xB8, 0x00, 0xC5, 0xD3, 0x5A, 0x3D, 0xE2, 0x06, 0xFF, 0x18, 0x2C, 0x68, 0x00, 0x60, 0x00, 0x00, 
0xB8, 0x00, 0xC5, 0xD3, 0x5B, 0x3F, 0xE2, 0x06, 0xFF, 0x18, 0x2C, 0x68, 0x00, 0x60, 0x00, 0x00, 
0xBC, 0x00, 0xC5, 0xD3, 0x5C, 0x39, 0xF2, 0x06, 0xFF, 0x18, 0x2C, 0x68, 0x00, 0x60, 0x00, 0x00, 
0xBC, 0x00, 0xC5, 0xD3, 0x5D, 0x3B, 0xF2, 0x06, 0xFF, 0x18, 0x2C, 0x68, 0x00, 0x60, 0x00, 0x00, 
0xBC, 0x00, 0xC5, 0xD3, 0x5E, 0x3D, 0xF2, 0x06, 0xFF, 0x18, 0x2C, 0x68, 0x00, 0x60, 0x00, 0x00, 
0xBC, 0x00, 0xC5, 0xD3, 0x5F, 0x3F, 0xF2, 0x06, 0xFF, 0x18, 0x2C, 0x68, 0x00, 0x60, 0x00, 0x00, 
0xC0, 0x00, 0xC5, 0xD3, 0x60, 0x39, 0x02, 0x07, 0xFF, 0x18, 0x2C, 0x68, 0x00, 0x60, 0x00, 0x00, 
0xC0, 0x00, 0xC5, 0xD3, 0x61, 0x3B, 0x02, 0x07, 0xFF, 0x18, 0x2C, 0x68, 0x00, 0x60, 0x00, 0x00, 
0xC0, 0x00, 0xC5, 0xD3, 0x62, 0x3D, 0x02, 0x07, 0xFF, 0x18, 0x2C, 0x68, 0x00, 0x60, 0x00, 0x00, 
0xC0, 0x00, 0xC5, 0xD3, 0x63, 0x3F, 0x02, 0x07, 0xFF, 0x18, 0x2C, 0x68, 0x00, 0x60, 0x00, 0x00, 
0xC4, 0x00, 0xC5, 0xD3, 0x44, 0x41, 0x12, 0x07, 0xFF, 0x18, 0x2C, 0x68, 0x00, 0x60, 0x00, 0x00, 
0xC4, 0x00, 0xC5, 0xD3, 0x45, 0x43, 0x12, 0x07, 0xFF, 0x18, 0x2C, 0x68, 0x00, 0x60, 0x00, 0x00, 
0xC4, 0x00, 0xC5, 0xD3, 0x46, 0x45, 0x12, 0x07, 0xFF, 0x18, 0x2C, 0x68, 0x00, 0x60, 0x00, 0x00, 
0xC4, 0x00, 0xC5, 0xD3, 0x47, 0x47, 0x12, 0x07, 0xFF, 0x18, 0x2C, 0x68, 0x00, 0x60, 0x00, 0x00, 
0xC8, 0x00, 0xC5, 0xD3, 0x48, 0x41, 0x22, 0x07, 0xFF, 0x18, 0x2C, 0x68, 0x00, 0x60, 0x00, 0x00, 
0xC8, 0x00, 0xC5, 0xD3, 0x49, 0x43, 0x22, 0x07, 0xFF, 0x18, 0x2C, 0x68, 0x00, 0x60, 0x00, 0x00, 
0xC8, 0x00, 0xC5, 0xD3, 0x4A, 0x45, 0x22, 0x07, 0xFF, 0x18, 0x2C, 0x68, 0x00, 0x60, 0x00, 0x00, 
0xC8, 0x00, 0xC5, 0xD3, 0x4B, 0x47, 0x22, 0x07, 0xFF, 0x18, 0x2C, 0x68, 0x00, 0x60, 0x00, 0x00, 
0xCC, 0x00, 0xC5, 0xD3, 0x4C, 0x41, 0x32, 0x07, 0xFF, 0x18, 0x2C, 0x68, 0x00, 0x60, 0x00, 0x00, 
0xCC, 0x00, 0xC5, 0xD3, 0x4D, 0x43, 0x32, 0x07, 0xFF, 0x18, 0x2C, 0x68, 0x00, 0x60, 0x00, 0x00, 
0xCC, 0x00, 0xC5, 0xD3, 0x4E, 0x45, 0x32, 0x07, 0xFF, 0x18, 0x2C, 0x68, 0x00, 0x60, 0x00, 0x00, 
0xCC, 0x00, 0xC5, 0xD3, 0x4F, 0x47, 0x32, 0x07, 0xFF, 0x18, 0x2C, 0x68, 0x00, 0x60, 0x00, 0x00, 
0xD0, 0x00, 0xC5, 0xD3, 0x50, 0x41, 0x42, 0x07, 0xFF, 0x18, 0x2C, 0x68, 0x00, 0x60, 0x00, 0x00, 
0xD0, 0x00, 0xC5, 0xD3, 0x51, 0x43, 0x42, 0x07, 0xFF, 0x18, 0x2C, 0x68, 0x00, 0x60, 0x00, 0x00, 
0xD0, 0x00, 0xC5, 0xD3, 0x52, 0x45, 0x42, 0x07, 0xFF, 0x18, 0x2C, 0x68, 0x00, 0x60, 0x00, 0x00, 
0xD0, 0x00, 0xC5, 0xD3, 0x53, 0x47, 0x42, 0x07, 0xFF, 0x18, 0x2C, 0x68, 0x00, 0x60, 0x00, 0x00, 
0xD4, 0x00, 0xC5, 0xD3, 0x54, 0x41, 0x52, 0x07, 0xFF, 0x18, 0x2C, 0x68, 0x00, 0x60, 0x00, 0x00, 
0xD4, 0x00, 0xC5, 0xD3, 0x55, 0x43, 0x52, 0x07, 0xFF, 0x18, 0x2C, 0x68, 0x00, 0x60, 0x00, 0x00, 
0xD4, 0x00, 0xC5, 0xD3, 0x56, 0x45, 0x52, 0x07, 0xFF, 0x18, 0x2C, 0x68, 0x00, 0x60, 0x00, 0x00, 
0xD4, 0x00, 0xC5, 0xD3, 0x57, 0x47, 0x52, 0x07, 0xFF, 0x18, 0x2C, 0x68, 0x00, 0x60, 0x00, 0x00, 
0xD8, 0x00, 0xC5, 0xD3, 0x58, 0x41, 0x62, 0x07, 0xFF, 0x18, 0x2C, 0x68, 0x00, 0x60, 0x00, 0x00, 
0xD8, 0x00, 0xC5, 0xD3, 0x59, 0x43, 0x62, 0x07, 0xFF, 0x18, 0x2C, 0x68, 0x00, 0x60, 0x00, 0x00, 
0xD8, 0x00, 0xC5, 0xD3, 0x5A, 0x45, 0x62, 0x07, 0xFF, 0x18, 0x2C, 0x68, 0x00, 0x60, 0x00, 0x00, 
0xD8, 0x00, 0xC5, 0xD3, 0x5B, 0x47, 0x62, 0x07, 0xFF, 0x18, 0x2C, 0x68, 0x00, 0x60, 0x00, 0x00, 
0xDC, 0x00, 0xC5, 0xD3, 0x5C, 0x41, 0x72, 0x07, 0xFF, 0x18, 0x2C, 0x68, 0x00, 0x60, 0x00, 0x00, 
0xDC, 0x00, 0xC5, 0xD3, 0x5D, 0x43, 0x72, 0x07, 0xFF, 0x18, 0x2C, 0x68, 0x00, 0x60, 0x00, 0x00, 
0xDC, 0x00, 0xC5, 0xD3, 0x5E, 0x45, 0x72, 0x07, 0xFF, 0x18, 0x2C, 0x68, 0x00, 0x60, 0x00, 0x00, 
0xDC, 0x00, 0xC5, 0xD3, 0x5F, 0x47, 0x72, 0x07, 0xFF, 0x18, 0x2C, 0x68, 0x00, 0x60, 0x00, 0x00, 
0xE0, 0x00, 0xC5, 0xD3, 0x60, 0x41, 0x82, 0x07, 0xFF, 0x18, 0x2C, 0x68, 0x00, 0x60, 0x00, 0x00, 
0xE0, 0x00, 0xC5, 0xD3, 0x61, 0x43, 0x82, 0x07, 0xFF, 0x18, 0x2C, 0x68, 0x00, 0x60, 0x00, 0x00, 
0xE0, 0x00, 0xC5, 0xD3, 0x62, 0x45, 0x82, 0x07, 0xFF, 0x18, 0x2C, 0x68, 0x00, 0x60, 0x00, 0x00, 
0xE0, 0x00, 0xC5, 0xD3, 0x63, 0x47, 0x82, 0x07, 0xFF, 0x18, 0x2C, 0x68, 0x00, 0x60, 0x00, 0x00, 
0x7F, 0xC8, 0x8C, 0xBF, 0x00, 0x00, 0x8A, 0xBF, 0xC0, 0x80, 0xC5, 0xD3, 0x84, 0x79, 0x02, 0x07, 
0x30, 0xE8, 0xE9, 0x0B, 0xFA, 0x02, 0xEE, 0x7F, 0xF4, 0xFF, 0x00, 0xFF, 0xC0, 0x80, 0xC5, 0xD3, 
0x84, 0x79, 0x02, 0x07, 0xFF, 0x1C, 0x2C, 0x68, 0x00, 0x26, 0x02, 0x00, 0x00, 0x00, 0xFE, 0xD9, 
0x16, 0x00, 0x00, 0x1C, 0x00, 0x04, 0xFE, 0xD9, 0x16, 0x00, 0x00, 0x20, 0xC0, 0x80, 0xC5, 0xD3, 
0x84, 0x79, 0x02, 0x07, 0xFA, 0x02, 0xEC, 0x7F, 0xF4, 0xAA, 0x00, 0xFF, 0xC0, 0x80, 0xC5, 0xD3, 
0x84, 0x79, 0x02, 0x07, 0xFF, 0x1C, 0x2C, 0x68, 0x00, 0x26, 0x02, 0x00, 0x00, 0x08, 0xFE, 0xD9, 
0x16, 0x00, 0x00, 0x24, 0x00, 0x0C, 0xFE, 0xD9, 0x16, 0x00, 0x00, 0x28, 0xC4, 0x80, 0xC5, 0xD3, 
0x85, 0x79, 0x12, 0x07, 0xFA, 0x02, 0xEA, 0x7F, 0xF4, 0x55, 0x00, 0xFF, 0xC4, 0x80, 0xC5, 0xD3, 
0x85, 0x79, 0x12, 0x07, 0xFF, 0x1C, 0x2C, 0x68, 0x00, 0x26, 0x02, 0x00, 0x00, 0x10, 0xFE, 0xD9, 
0x16, 0x00, 0x00, 0x2C, 0x00, 0x14, 0xFE, 0xD9, 0x16, 0x00, 0x00, 0x30, 0xC4, 0x80, 0xC5, 0xD3, 
0x85, 0x79, 0x12, 0x07, 0xFA, 0x02, 0xE8, 0x7F, 0xF4, 0x00, 0x00, 0xFF, 0xC4, 0x80, 0xC5, 0xD3, 
0x85, 0x79, 0x12, 0x07, 0xFF, 0x1C, 0x2C, 0x68, 0x00, 0x26, 0x02, 0x00, 0x00, 0x18, 0xFE, 0xD9, 
0x16, 0x00, 0x00, 0x34, 0x00, 0x1C, 0xFE, 0xD9, 0x16, 0x00, 0x00, 0x38, 0xC8, 0x80, 0xC5, 0xD3, 
0x86, 0x79, 0x22, 0x07, 0x7A, 0x0F, 0x8C, 0xBF, 0x00, 0x00, 0x8A, 0xBF, 0xFF, 0x18, 0x2C, 0x68, 
0x00, 0xC0, 0x00, 0x00, 0x00, 0x40, 0xFE, 0xD9, 0x16, 0x00, 0x00, 0x64, 0xC8, 0x80, 0xC5, 0xD3, 
0x86, 0x79, 0x22, 0x07, 0xFF, 0x18, 0x2C, 0x68, 0x00, 0xC0, 0x00, 0x00, 0x00, 0x44, 0xFE, 0xD9, 
0x16, 0x00, 0x00, 0x68, 0xC8, 0x80, 0xC5, 0xD3, 0x86, 0x79, 0x22, 0x07, 0xFF, 0x18, 0x2C, 0x68, 
0x00, 0xC0, 0x00, 0x00, 0x00, 0x48, 0xFE, 0xD9, 0x16, 0x00, 0x00, 0x6C, 0xC8, 0x80, 0xC5, 0xD3, 
0x86, 0x79, 0x22, 0x07, 0xFF, 0x18, 0x2C, 0x68, 0x00, 0xC0, 0x00, 0x00, 0x00, 0x4C, 0xFE, 0xD9, 
0x16, 0x00, 0x00, 0x70, 0xCC, 0x80, 0xC5, 0xD3, 0x87, 0x79, 0x32, 0x07, 0xFF, 0x18, 0x2C, 0x68, 
0x00, 0xC0, 0x00, 0x00, 0x00, 0x50, 0xFE, 0xD9, 0x16, 0x00, 0x00, 0x74, 0xCC, 0x80, 0xC5, 0xD3, 
0x87, 0x79, 0x32, 0x07, 0xFF, 0x18, 0x2C, 0x68, 0x00, 0xC0, 0x00, 0x00, 0x00, 0x54, 0xFE, 0xD9, 
0x16, 0x00, 0x00, 0x78, 0xCC, 0x80, 0xC5, 0xD3, 0x87, 0x79, 0x32, 0x07, 0xFF, 0x18, 0x2C, 0x68, 
0x00, 0xC0, 0x00, 0x00, 0x00, 0x58, 0xFE, 0xD9, 0x16, 0x00, 0x00, 0x7C, 0xCC, 0x80, 0xC5, 0xD3, 
0x87, 0x79, 0x32, 0x07, 0xFF, 0x18, 0x2C, 0x68, 0x00, 0xC0, 0x00, 0x00, 0x00, 0x5C, 0xFE, 0xD9, 
0x16, 0x00, 0x00, 0x80, 0xD0, 0x80, 0xC5, 0xD3, 0x88, 0x79, 0x42, 0x07, 0xFF, 0x18, 0x2C, 0x68, 
0x00, 0xC0, 0x00, 0x00, 0xD0, 0x80, 0xC5, 0xD3, 0x88, 0x79, 0x42, 0x07, 0xFF, 0x18, 0x2C, 0x68, 
0x00, 0xC0, 0x00, 0x00, 0xD0, 0x80, 0xC5, 0xD3, 0x88, 0x79, 0x42, 0x07, 0xFF, 0x18, 0x2C, 0x68, 
0x00, 0xC0, 0x00, 0x00, 0xD0, 0x80, 0xC5, 0xD3, 0x88, 0x79, 0x42, 0x07, 0xFF, 0x18, 0x2C, 0x68, 
0x00, 0xC0, 0x00, 0x00, 0xD4, 0x80, 0xC5, 0xD3, 0x89, 0x79, 0x52, 0x07, 0xFF, 0x18, 0x2C, 0x68, 
0x00, 0xC0, 0x00, 0x00, 0xD4, 0x80, 0xC5, 0xD3, 0x89, 0x79, 0x52, 0x07, 0xFF, 0x18, 0x2C, 0x68, 
0x00, 0xC0, 0x00, 0x00, 0xD4, 0x80, 0xC5, 0xD3, 0x89, 0x79, 0x52, 0x07, 0xFF, 0x18, 0x2C, 0x68, 
0x00, 0xC0, 0x00, 0x00, 0xD4, 0x80, 0xC5, 0xD3, 0x89, 0x79, 0x52, 0x07, 0xFF, 0x18, 0x2C, 0x68, 
0x00, 0xC0, 0x00, 0x00, 0xD8, 0x80, 0xC5, 0xD3, 0x8A, 0x79, 0x62, 0x07, 0xFF, 0x18, 0x2C, 0x68, 
0x00, 0xC0, 0x00, 0x00, 0xD8, 0x80, 0xC5, 0xD3, 0x8A, 0x79, 0x62, 0x07, 0xFF, 0x18, 0x2C, 0x68, 
0x00, 0xC0, 0x00, 0x00, 0xD8, 0x80, 0xC5, 0xD3, 0x8A, 0x79, 0x62, 0x07, 0xFF, 0x18, 0x2C, 0x68, 
0x00, 0xC0, 0x00, 0x00, 0xD8, 0x80, 0xC5, 0xD3, 0x8A, 0x79, 0x62, 0x07, 0xFF, 0x18, 0x2C, 0x68, 
0x00, 0xC0, 0x00, 0x00, 0xDC, 0x80, 0xC5, 0xD3, 0x8B, 0x79, 0x72, 0x07, 0xFF, 0x18, 0x2C, 0x68, 
0x00, 0xC0, 0x00, 0x00, 0xDC, 0x80, 0xC5, 0xD3, 0x8B, 0x79, 0x72, 0x07, 0xFF, 0x18, 0x2C, 0x68, 
0x00, 0xC0, 0x00, 0x00, 0xDC, 0x80, 0xC5, 0xD3, 0x8B, 0x79, 0x72, 0x07, 0xFF, 0x18, 0x2C, 0x68, 
0x00, 0xC0, 0x00, 0x00, 0xDC, 0x80, 0xC5, 0xD3, 0x8B, 0x79, 0x72, 0x07, 0xFF, 0x18, 0x2C, 0x68, 
0x00, 0xC0, 0x00, 0x00, 0xE0, 0x80, 0xC5, 0xD3, 0x84, 0x7B, 0x82, 0x07, 0xFF, 0x18, 0x2C, 0x68, 
0x00, 0xC0, 0x00, 0x00, 0xE0, 0x80, 0xC5, 0xD3, 0x84, 0x7B, 0x82, 0x07, 0xFF, 0x18, 0x2C, 0x68, 
0x00, 0xC0, 0x00, 0x00, 0xE0, 0x80, 0xC5, 0xD3, 0x84, 0x7B, 0x82, 0x07, 0xFF, 0x18, 0x2C, 0x68, 
0x00, 0xC0, 0x00, 0x00, 0xE0, 0x80, 0xC5, 0xD3, 0x84, 0x7B, 0x82, 0x07, 0xFF, 0x18, 0x2C, 0x68, 
0x00, 0xC0, 0x00, 0x00, 0xE4, 0x80, 0xC5, 0xD3, 0x85, 0x7B, 0x92, 0x07, 0xFF, 0x18, 0x2C, 0x68, 
0x00, 0xC0, 0x00, 0x00, 0xE4, 0x80, 0xC5, 0xD3, 0x85, 0x7B, 0x92, 0x07, 0xFF, 0x18, 0x2C, 0x68, 
0x00, 0xC0, 0x00, 0x00, 0xE4, 0x80, 0xC5, 0xD3, 0x85, 0x7B, 0x92, 0x07, 0xFF, 0x18, 0x2C, 0x68, 
0x00, 0xC0, 0x00, 0x00, 0xE4, 0x80, 0xC5, 0xD3, 0x85, 0x7B, 0x92, 0x07, 0xFF, 0x18, 0x2C, 0x68, 
0x00, 0xC0, 0x00, 0x00, 0xE8, 0x80, 0xC5, 0xD3, 0x86, 0x7B, 0xA2, 0x07, 0xFF, 0x18, 0x2C, 0x68, 
0x00, 0xC0, 0x00, 0x00, 0xE8, 0x80, 0xC5, 0xD3, 0x86, 0x7B, 0xA2, 0x07, 0xFF, 0x18, 0x2C, 0x68, 
0x00, 0xC0, 0x00, 0x00, 0xE8, 0x80, 0xC5, 0xD3, 0x86, 0x7B, 0xA2, 0x07, 0xFF, 0x18, 0x2C, 0x68, 
0x00, 0xC0, 0x00, 0x00, 0xE8, 0x80, 0xC5, 0xD3, 0x86, 0x7B, 0xA2, 0x07, 0xFF, 0x18, 0x2C, 0x68, 
0x00, 0xC0, 0x00, 0x00, 0xEC, 0x80, 0xC5, 0xD3, 0x87, 0x7B, 0xB2, 0x07, 0xFF, 0x18, 0x2C, 0x68, 
0x00, 0xC0, 0x00, 0x00, 0xEC, 0x80, 0xC5, 0xD3, 0x87, 0x7B, 0xB2, 0x07, 0xFF, 0x18, 0x2C, 0x68, 
0x00, 0xC0, 0x00, 0x00, 0xEC, 0x80, 0xC5, 0xD3, 0x87, 0x7B, 0xB2, 0x07, 0xFF, 0x18, 0x2C, 0x68, 
0x00, 0xC0, 0x00, 0x00, 0xEC, 0x80, 0xC5, 0xD3, 0x87, 0x7B, 0xB2, 0x07, 0xFF, 0x18, 0x2C, 0x68, 
0x00, 0xC0, 0x00, 0x00, 0xF0, 0x80, 0xC5, 0xD3, 0x88, 0x7B, 0xC2, 0x07, 0xFF, 0x18, 0x2C, 0x68, 
0x00, 0xC0, 0x00, 0x00, 0xF0, 0x80, 0xC5, 0xD3, 0x88, 0x7B, 0xC2, 0x07, 0xFF, 0x18, 0x2C, 0x68, 
0x00, 0xC0, 0x00, 0x00, 0xF0, 0x80, 0xC5, 0xD3, 0x88, 0x7B, 0xC2, 0x07, 0xFF, 0x18, 0x2C, 0x68, 
0x00, 0xC0, 0x00, 0x00, 0xF0, 0x80, 0xC5, 0xD3, 0x88, 0x7B, 0xC2, 0x07, 0xFF, 0x18, 0x2C, 0x68, 
0x00, 0xC0, 0x00, 0x00, 0xF4, 0x80, 0xC5, 0xD3, 0x89, 0x7B, 0xD2, 0x07, 0xFF, 0x18, 0x2C, 0x68, 
0x00, 0xC0, 0x00, 0x00, 0xF4, 0x80, 0xC5, 0xD3, 0x89, 0x7B, 0xD2, 0x07, 0xFF, 0x18, 0x2C, 0x68, 
0x00, 0xC0, 0x00, 0x00, 0xF4, 0x80, 0xC5, 0xD3, 0x89, 0x7B, 0xD2, 0x07, 0xFF, 0x18, 0x2C, 0x68, 
0x00, 0xC0, 0x00, 0x00, 0xF4, 0x80, 0xC5, 0xD3, 0x89, 0x7B, 0xD2, 0x07, 0xFF, 0x18, 0x2C, 0x68, 
0x00, 0xC0, 0x00, 0x00, 0xF8, 0x80, 0xC5, 0xD3, 0x8A, 0x7B, 0xE2, 0x07, 0xFF, 0x18, 0x2C, 0x68, 
0x00, 0xC0, 0x00, 0x00, 0xF8, 0x80, 0xC5, 0xD3, 0x8A, 0x7B, 0xE2, 0x07, 0xFF, 0x18, 0x2C, 0x68, 
0x00, 0xC0, 0x00, 0x00, 0xF8, 0x80, 0xC5, 0xD3, 0x8A, 0x7B, 0xE2, 0x07, 0xFF, 0x18, 0x2C, 0x68, 
0x00, 0xC0, 0x00, 0x00, 0xF8, 0x80, 0xC5, 0xD3, 0x8A, 0x7B, 0xE2, 0x07, 0xFF, 0x18, 0x2C, 0x68, 
0x00, 0xC0, 0x00, 0x00, 0xFC, 0x80, 0xC5, 0xD3, 0x8B, 0x7B, 0xF2, 0x07, 0xFF, 0x18, 0x2C, 0x68, 
0x00, 0xC0, 0x00, 0x00, 0xFC, 0x80, 0xC5, 0xD3, 0x8B, 0x7B, 0xF2, 0x07, 0xFF, 0x18, 0x2C, 0x68, 
0x00, 0xC0, 0x00, 0x00, 0xFC, 0x80, 0xC5, 0xD3, 0x8B, 0x7B, 0xF2, 0x07, 0xFF, 0x18, 0x2C, 0x68, 
0x00, 0xC0, 0x00, 0x00, 0xFC, 0x80, 0xC5, 0xD3, 0x8B, 0x7B, 0xF2, 0x07, 0xFF, 0x18, 0x2C, 0x68, 
0x00, 0xC0, 0x00, 0x00, 0x78, 0x02, 0x8C, 0xBF, 0x00, 0x00, 0x8A, 0xBF, 0xE4, 0x00, 0xC5, 0xD3, 
0x1C, 0x81, 0x02, 0x12, 0x80, 0x18, 0x2C, 0x68, 0x00, 0x40, 0xFE, 0xD9, 0x16, 0x00, 0x00, 0x84, 
0x00, 0x44, 0xFE, 0xD9, 0x16, 0x00, 0x00, 0x88, 0xE4, 0x00, 0xC5, 0xD3, 0x1D, 0x83, 0x92, 0x17, 
0x4A, 0x00, 0xFC, 0xBE, 0x00, 0x20, 0x51, 0xE0, 0x0B, 0x00, 0x06, 0x80, 0xE4, 0x00, 0xC5, 0xD3, 
0x1E, 0x85, 0x92, 0x17, 0x80, 0x18, 0x2C, 0x68, 0x00, 0x48, 0xFE, 0xD9, 0x16, 0x00, 0x00, 0x8C, 
0x00, 0x4C, 0xFE, 0xD9, 0x16, 0x00, 0x00, 0x90, 0xE4, 0x00, 0xC5, 0xD3, 0x1F, 0x87, 0x92, 0x17, 
0x50, 0x00, 0xFC, 0xBE, 0x00, 0x10, 0x5D, 0xE0, 0x03, 0x00, 0x05, 0x64, 0xFF, 0x7C, 0x7C, 0x80, 
0x00, 0x10, 0x00, 0x00, 0xE4, 0x00, 0xC5, 0xD3, 0x20, 0x99, 0x92, 0x17, 0x80, 0x18, 0x2C, 0x68, 
0x00, 0x50, 0xFE, 0xD9, 0x16, 0x00, 0x00, 0x94, 0x00, 0x54, 0xFE, 0xD9, 0x16, 0x00, 0x00, 0x98, 
0xE4, 0x00, 0xC5, 0xD3, 0x21, 0x9B, 0x92, 0x17, 0x50, 0x00, 0xFC, 0xBE, 0x00, 0x10, 0x5D, 0xE0, 
0x04, 0x00, 0x05, 0x64, 0xFF, 0x7C, 0x7C, 0x80, 0x00, 0x10, 0x00, 0x00, 0xE4, 0x00, 0xC5, 0xD3, 
0x22, 0x9D, 0x92, 0x17, 0x80, 0x18, 0x2C, 0x68, 0x00, 0x58, 0xFE, 0xD9, 0x16, 0x00, 0x00, 0x9C, 
0x00, 0x5C, 0xFE, 0xD9, 0x16, 0x00, 0x00, 0xA0, 0xE4, 0x00, 0xC5, 0xD3, 0x23, 0x9F, 0x92, 0x17, 
0x53, 0x00, 0xFC, 0xBE, 0x00, 0x10, 0x5D, 0xE0, 0x03, 0x00, 0x07, 0x63, 0xFF, 0x7C, 0x7C, 0x80, 
0x00, 0x10, 0x00, 0x00, 0xE4, 0x00, 0xC5, 0xD3, 0x24, 0xB1, 0x92, 0x17, 0x80, 0x18, 0x2C, 0x68, 
0xE4, 0x00, 0xC5, 0xD3, 0x25, 0xB3, 0x92, 0x17, 0x53, 0x00, 0xFC, 0xBE, 0x00, 0x10, 0x5D, 0xE0, 
0x04, 0x00, 0x07, 0x63, 0xFF, 0x7C, 0x7C, 0x80, 0x00, 0x10, 0x00, 0x00, 0xE4, 0x00, 0xC5, 0xD3, 
0x26, 0xB5, 0x92, 0x17, 0x4D, 0x00, 0xFC, 0xBE, 0x00, 0x10, 0x5D, 0xE0, 0x01, 0x00, 0x02, 0x62, 
0xFF, 0x7C, 0x7C, 0x80, 0x00, 0x10, 0x00, 0x00, 0xE4, 0x00, 0xC5, 0xD3, 0x27, 0xB7, 0x92, 0x17, 
0x4D, 0x00, 0xFC, 0xBE, 0x00, 0x10, 0x5D, 0xE0, 0x02, 0x00, 0x02, 0x62, 0xFF, 0x7C, 0x7C, 0x80, 
0x00, 0x10, 0x00, 0x00, 0xE4, 0x00, 0xC5, 0xD3, 0x28, 0xC9, 0x92, 0x17, 0xE4, 0x00, 0xC5, 0xD3, 
0x29, 0xCB, 0x92, 0x17, 0xE4, 0x00, 0xC5, 0xD3, 0x2A, 0xCD, 0x92, 0x17, 0xE4, 0x00, 0xC5, 0xD3, 
0x2B, 0xCF, 0x92, 0x17, 0xE4, 0x00, 0xC5, 0xD3, 0x2C, 0xE1, 0x92, 0x17, 0xE4, 0x00, 0xC5, 0xD3, 
0x2D, 0xE3, 0x92, 0x17, 0xE4, 0x00, 0xC5, 0xD3, 0x2E, 0xE5, 0x92, 0x17, 0xE4, 0x00, 0xC5, 0xD3, 
0x2F, 0xE7, 0x92, 0x17, 0xE4, 0x00, 0xC5, 0xD3, 0x30, 0xF9, 0x92, 0x17, 0xE4, 0x00, 0xC5, 0xD3, 
0x31, 0xFB, 0x92, 0x17, 0xE4, 0x00, 0xC5, 0xD3, 0x32, 0xFD, 0x92, 0x17, 0xE4, 0x00, 0xC5, 0xD3, 
0x33, 0xFF, 0x92, 0x17, 0xE4, 0x00, 0xC5, 0xD3, 0x34, 0x11, 0x93, 0x17, 0xE4, 0x00, 0xC5, 0xD3, 
0x35, 0x13, 0x93, 0x17, 0xE4, 0x00, 0xC5, 0xD3, 0x36, 0x15, 0x93, 0x17, 0xE4, 0x00, 0xC5, 0xD3, 
0x37, 0x17, 0x93, 0x17, 0xE4, 0x00, 0xC5, 0xD3, 0x38, 0x29, 0x93, 0x17, 0xE4, 0x00, 0xC5, 0xD3, 
0x39, 0x2B, 0x93, 0x17, 0xE4, 0x00, 0xC5, 0xD3, 0x3A, 0x2D, 0x93, 0x17, 0xE4, 0x00, 0xC5, 0xD3, 
0x3B, 0x2F, 0x93, 0x17, 0xE8, 0x00, 0xC5, 0xD3, 0x1C, 0x89, 0x02, 0x12, 0xE8, 0x00, 0xC5, 0xD3, 
0x1D, 0x8B, 0xA2, 0x17, 0xE8, 0x00, 0xC5, 0xD3, 0x1E, 0x8D, 0xA2, 0x17, 0xE8, 0x00, 0xC5, 0xD3, 
0x1F, 0x8F, 0xA2, 0x17, 0xE8, 0x00, 0xC5, 0xD3, 0x20, 0xA1, 0xA2, 0x17, 0xE8, 0x00, 0xC5, 0xD3, 
0x21, 0xA3, 0xA2, 0x17, 0xE8, 0x00, 0xC5, 0xD3, 0x22, 0xA5, 0xA2, 0x17, 0xE8, 0x00, 0xC5, 0xD3, 
0x23, 0xA7, 0xA2, 0x17, 0xE8, 0x00, 0xC5, 0xD3, 0x24, 0xB9, 0xA2, 0x17, 0xE8, 0x00, 0xC5, 0xD3, 
0x25, 0xBB, 0xA2, 0x17, 0xE8, 0x00, 0xC5, 0xD3, 0x26, 0xBD, 0xA2, 0x17, 0xE8, 0x00, 0xC5, 0xD3, 
0x27, 0xBF, 0xA2, 0x17, 0xE8, 0x00, 0xC5, 0xD3, 0x28, 0xD1, 0xA2, 0x17, 0xE8, 0x00, 0xC5, 0xD3, 
0x29, 0xD3, 0xA2, 0x17, 0xE8, 0x00, 0xC5, 0xD3, 0x2A, 0xD5, 0xA2, 0x17, 0xE8, 0x00, 0xC5, 0xD3, 
0x2B, 0xD7, 0xA2, 0x17, 0xE8, 0x00, 0xC5, 0xD3, 0x2C, 0xE9, 0xA2, 0x17, 0xE8, 0x00, 0xC5, 0xD3, 
0x2D, 0xEB, 0xA2, 0x17, 0xE8, 0x00, 0xC5, 0xD3, 0x2E, 0xED, 0xA2, 0x17, 0xE8, 0x00, 0xC5, 0xD3, 
0x2F, 0xEF, 0xA2, 0x17, 0xE8, 0x00, 0xC5, 0xD3, 0x30, 0x01, 0xA3, 0x17, 0xE8, 0x00, 0xC5, 0xD3, 
0x31, 0x03, 0xA3, 0x17, 0xE8, 0x00, 0xC5, 0xD3, 0x32, 0x05, 0xA3, 0x17, 0xE8, 0x00, 0xC5, 0xD3, 
0x33, 0x07, 0xA3, 0x17, 0xE8, 0x00, 0xC5, 0xD3, 0x34, 0x19, 0xA3, 0x17, 0xE8, 0x00, 0xC5, 0xD3, 
0x35, 0x1B, 0xA3, 0x17, 0xE8, 0x00, 0xC5, 0xD3, 0x36, 0x1D, 0xA3, 0x17, 0xE8, 0x00, 0xC5, 0xD3, 
0x37, 0x1F, 0xA3, 0x17, 0xE8, 0x00, 0xC5, 0xD3, 0x38, 0x31, 0xA3, 0x17, 0xB0, 0x3B, 0x3C, 0x80, 
0x3C, 0x3A, 0x0A, 0xBF, 0x44, 0x80, 0x44, 0x85, 0x46, 0x80, 0x46, 0x85, 0x45, 0x80, 0x45, 0x85, 
0xE8, 0x00, 0xC5, 0xD3, 0x39, 0x33, 0xA3, 0x17, 0x45, 0x16, 0x16, 0x68, 0x46, 0x64, 0x64, 0x80, 
0xE8, 0x00, 0xC5, 0xD3, 0x3A, 0x35, 0xA3, 0x17, 0x46, 0x63, 0x63, 0x80, 0x44, 0x62, 0x62, 0x80, 
0xE8, 0x00, 0xC5, 0xD3, 0x3B, 0x37, 0xA3, 0x17, 0x3B, 0x90, 0x09, 0xBF, 0x43, 0x42, 0x42, 0x85, 
0x10, 0x00, 0x3B, 0xB7, 0x00, 0x00, 0x80, 0xBF, 0x3B, 0x3A, 0x04, 0xBF, 0x94, 0xF4, 0x84, 0xBF, 
0x7F, 0xC0, 0x8C, 0xBF, 0x80, 0x02, 0x2C, 0x7E, 0xFF, 0x36, 0x2E, 0x68, 0x00, 0x46, 0x02, 0x00, 
0x00, 0x00, 0x1A, 0xD8, 0x17, 0x16, 0x00, 0x00, 0x00, 0x00, 0x8A, 0xBF, 0x1C, 0x00, 0xC5, 0xD3, 
0x84, 0x01, 0x02, 0x12, 0x2F, 0xC8, 0xC9, 0x0B, 0x2F, 0xCA, 0xCB, 0x0B, 0x2F, 0xCC, 0xCD, 0x0B, 
0x2F, 0xCE, 0xCF, 0x0B, 0x1C, 0x00, 0xC5, 0xD3, 0x85, 0x03, 0x72, 0x14, 0x2F, 0xD0, 0xD1, 0x0B, 
0x2F, 0xD2, 0xD3, 0x0B, 0x2F, 0xD4, 0xD5, 0x0B, 0x2F, 0xD6, 0xD7, 0x0B, 0x1C, 0x00, 0xC5, 0xD3, 
0x86, 0x05, 0x72, 0x14, 0x00, 0x10, 0x34, 0xE1, 0x07, 0xEC, 0x08, 0x80, 0x1C, 0x00, 0xC5, 0xD3, 
0x87, 0x07, 0x72, 0x14, 0x2E, 0x88, 0x3C, 0x92, 0x3C, 0x01, 0x11, 0xBF, 0x64, 0xF1, 0xF1, 0x0B, 
0x00, 0x00, 0x9C, 0xBF, 0x3C, 0x01, 0x11, 0xBF, 0x65, 0xF3, 0xF3, 0x0B, 0x00, 0x00, 0x9C, 0xBF, 
0x3C, 0x01, 0x11, 0xBF, 0x66, 0xF5, 0xF5, 0x0B, 0x00, 0x00, 0x9C, 0xBF, 0x3C, 0x01, 0x11, 0xBF, 
0x67, 0xF7, 0xF7, 0x0B, 0x00, 0x00, 0x9C, 0xBF, 0x1C, 0x00, 0xC5, 0xD3, 0x88, 0x09, 0x72, 0x14, 
0x00, 0x10, 0x34, 0xE1, 0x08, 0xED, 0x08, 0x80, 0x1C, 0x00, 0xC5, 0xD3, 0x89, 0x0B, 0x72, 0x14, 
0x2E, 0x88, 0x3C, 0x92, 0x3C, 0x01, 0x11, 0xBF, 0x68, 0xF9, 0xF9, 0x0B, 0x00, 0x00, 0x9C, 0xBF, 
0x3C, 0x01, 0x11, 0xBF, 0x69, 0xFB, 0xFB, 0x0B, 0x00, 0x00, 0x9C, 0xBF, 0x3C, 0x01, 0x11, 0xBF, 
0x6A, 0xFD, 0xFD, 0x0B, 0x00, 0x00, 0x9C, 0xBF, 0x3C, 0x01, 0x11, 0xBF, 0x6B, 0xFF, 0xFF, 0x0B, 
0x00, 0x00, 0x9C, 0xBF, 0x1C, 0x00, 0xC5, 0xD3, 0x8A, 0x0D, 0x72, 0x14, 0xF8, 0x40, 0xB2, 0xD3, 
0xFA, 0xF1, 0x03, 0x18, 0xFC, 0x40, 0xB2, 0xD3, 0xFE, 0xF9, 0x03, 0x18, 0xF8, 0x40, 0xB2, 0xD3, 
0xFC, 0xF1, 0x03, 0x18, 0xF9, 0xF1, 0xF1, 0x03, 0xF8, 0x03, 0xF2, 0x7F, 0xF9, 0xB5, 0xF0, 0x7F, 
0xF9, 0xF1, 0xF1, 0x03, 0xF8, 0x03, 0xF2, 0x7F, 0xF9, 0xB3, 0xF0, 0x7F, 0xF9, 0xF1, 0xF1, 0x03, 
0xFF, 0x36, 0x2C, 0x68, 0x00, 0x46, 0x02, 0x00, 0x00, 0x00, 0x2A, 0xD8, 0x16, 0xF8, 0x00, 0x00, 
0x1C, 0x00, 0xC5, 0xD3, 0x8B, 0x0F, 0x72, 0x14, 0x00, 0xA0, 0x6C, 0xD8, 0x0D, 0x00, 0x00, 0x44, 
0x40, 0xA0, 0x6C, 0xD8, 0x0D, 0x00, 0x00, 0x45, 0x80, 0xA0, 0x6C, 0xD8, 0x0D, 0x00, 0x00, 0x46, 
0xC0, 0xA0, 0x6C, 0xD8, 0x0D, 0x00, 0x00, 0x47, 0x00, 0xA4, 0x6C, 0xD8, 0x0D, 0x00, 0x00, 0x48, 
0x40, 0xA4, 0x6C, 0xD8, 0x0D, 0x00, 0x00, 0x49, 0x80, 0xA4, 0x6C, 0xD8, 0x0D, 0x00, 0x00, 0x4A, 
0xC0, 0xA4, 0x6C, 0xD8, 0x0D, 0x00, 0x00, 0x4B, 0x1C, 0x00, 0xC5, 0xD3, 0x8C, 0x11, 0x72, 0x14, 
0x00, 0xA8, 0x6C, 0xD8, 0x0D, 0x00, 0x00, 0x4C, 0x40, 0xA8, 0x6C, 0xD8, 0x0D, 0x00, 0x00, 0x4D, 
0x80, 0xA8, 0x6C, 0xD8, 0x0D, 0x00, 0x00, 0x4E, 0xC0, 0xA8, 0x6C, 0xD8, 0x0D, 0x00, 0x00, 0x4F, 
0x00, 0xAC, 0x6C, 0xD8, 0x0D, 0x00, 0x00, 0x50, 0x40, 0xAC, 0x6C, 0xD8, 0x0D, 0x00, 0x00, 0x51, 
0x80, 0xAC, 0x6C, 0xD8, 0x0D, 0x00, 0x00, 0x52, 0xC0, 0xAC, 0x6C, 0xD8, 0x0D, 0x00, 0x00, 0x53, 
0x1C, 0x00, 0xC5, 0xD3, 0x8D, 0x13, 0x72, 0x14, 0x00, 0xB0, 0x6C, 0xD8, 0x0D, 0x00, 0x00, 0x54, 
0x40, 0xB0, 0x6C, 0xD8, 0x0D, 0x00, 0x00, 0x55, 0x80, 0xB0, 0x6C, 0xD8, 0x0D, 0x00, 0x00, 0x56, 
0xC0, 0xB0, 0x6C, 0xD8, 0x0D, 0x00, 0x00, 0x57, 0x00, 0xB4, 0x6C, 0xD8, 0x0D, 0x00, 0x00, 0x58, 
0x40, 0xB4, 0x6C, 0xD8, 0x0D, 0x00, 0x00, 0x59, 0x80, 0xB4, 0x6C, 0xD8, 0x0D, 0x00, 0x00, 0x5A, 
0xC0, 0xB4, 0x6C, 0xD8, 0x0D, 0x00, 0x00, 0x5B, 0x1C, 0x00, 0xC5, 0xD3, 0x8E, 0x15, 0x72, 0x14, 
0x00, 0xB8, 0x6C, 0xD8, 0x0D, 0x00, 0x00, 0x5C, 0x40, 0xB8, 0x6C, 0xD8, 0x0D, 0x00, 0x00, 0x5D, 
0x80, 0xB8, 0x6C, 0xD8, 0x0D, 0x00, 0x00, 0x5E, 0xC0, 0xB8, 0x6C, 0xD8, 0x0D, 0x00, 0x00, 0x5F, 
0x00, 0xBC, 0x6C, 0xD8, 0x0D, 0x00, 0x00, 0x60, 0x40, 0xBC, 0x6C, 0xD8, 0x0D, 0x00, 0x00, 0x61, 
0x80, 0xBC, 0x6C, 0xD8, 0x0D, 0x00, 0x00, 0x62, 0xC0, 0xBC, 0x6C, 0xD8, 0x0D, 0x00, 0x00, 0x63, 
0x1C, 0x00, 0xC5, 0xD3, 0x8F, 0x17, 0x72, 0x14, 0x1C, 0x00, 0xC5, 0xD3, 0x90, 0x19, 0x72, 0x14, 
0x1C, 0x00, 0xC5, 0xD3, 0x91, 0x1B, 0x72, 0x14, 0x1C, 0x00, 0xC5, 0xD3, 0x92, 0x1D, 0x72, 0x14, 
0x1C, 0x00, 0xC5, 0xD3, 0x93, 0x1F, 0x72, 0x14, 0x1C, 0x00, 0xC5, 0xD3, 0x94, 0x21, 0x72, 0x14, 
0x1C, 0x00, 0xC5, 0xD3, 0x95, 0x23, 0x72, 0x14, 0x1C, 0x00, 0xC5, 0xD3, 0x96, 0x25, 0x72, 0x14, 
0x1C, 0x00, 0xC5, 0xD3, 0x97, 0x27, 0x72, 0x14, 0x1C, 0x00, 0xC5, 0xD3, 0x98, 0x29, 0x72, 0x14, 
0x1C, 0x00, 0xC5, 0xD3, 0x99, 0x2B, 0x72, 0x14, 0x1C, 0x00, 0xC5, 0xD3, 0x9A, 0x2D, 0x72, 0x14, 
0x1C, 0x00, 0xC5, 0xD3, 0x9B, 0x2F, 0x72, 0x14, 0x1C, 0x00, 0xC5, 0xD3, 0x9C, 0x31, 0x72, 0x14, 
0x1C, 0x00, 0xC5, 0xD3, 0x9D, 0x33, 0x72, 0x14, 0x1C, 0x00, 0xC5, 0xD3, 0x9E, 0x35, 0x72, 0x14, 
0x1C, 0x00, 0xC5, 0xD3, 0x9F, 0x37, 0x72, 0x14, 0x1C, 0x00, 0xC5, 0xD3, 0xA0, 0x39, 0x72, 0x14, 
0x1C, 0x00, 0xC5, 0xD3, 0xA1, 0x3B, 0x72, 0x14, 0x1C, 0x00, 0xC5, 0xD3, 0xA2, 0x3D, 0x72, 0x14, 
0x1C, 0x00, 0xC5, 0xD3, 0xA3, 0x3F, 0x72, 0x14, 0x20, 0x00, 0xC5, 0xD3, 0x84, 0x21, 0x02, 0x12, 
0x20, 0x00, 0xC5, 0xD3, 0x85, 0x23, 0x82, 0x14, 0x20, 0x00, 0xC5, 0xD3, 0x86, 0x25, 0x82, 0x14, 
0x20, 0x00, 0xC5, 0xD3, 0x87, 0x27, 0x82, 0x14, 0x20, 0x00, 0xC5, 0xD3, 0x88, 0x29, 0x82, 0x14, 
0x20, 0x00, 0xC5, 0xD3, 0x89, 0x2B, 0x82, 0x14, 0x20, 0x00, 0xC5, 0xD3, 0x8A, 0x2D, 0x82, 0x14, 
0x20, 0x00, 0xC5, 0xD3, 0x8B, 0x2F, 0x82, 0x14, 0x20, 0x00, 0xC5, 0xD3, 0x8C, 0x31, 0x82, 0x14, 
0x20, 0x00, 0xC5, 0xD3, 0x8D, 0x33, 0x82, 0x14, 0x20, 0x00, 0xC5, 0xD3, 0x8E, 0x35, 0x82, 0x14, 
0x20, 0x00, 0xC5, 0xD3, 0x8F, 0x37, 0x82, 0x14, 0x20, 0x00, 0xC5, 0xD3, 0x90, 0x39, 0x82, 0x14, 
0x20, 0x00, 0xC5, 0xD3, 0x91, 0x3B, 0x82, 0x14, 0x20, 0x00, 0xC5, 0xD3, 0x92, 0x3D, 0x82, 0x14, 
0x20, 0x00, 0xC5, 0xD3, 0x93, 0x3F, 0x82, 0x14, 0x20, 0x00, 0xC5, 0xD3, 0x94, 0x41, 0x82, 0x14, 
0x20, 0x00, 0xC5, 0xD3, 0x95, 0x43, 0x82, 0x14, 0x20, 0x00, 0xC5, 0xD3, 0x96, 0x45, 0x82, 0x14, 
0x20, 0x00, 0xC5, 0xD3, 0x97, 0x47, 0x82, 0x14, 0x20, 0x00, 0xC5, 0xD3, 0x98, 0x49, 0x82, 0x14, 
0x20, 0x00, 0xC5, 0xD3, 0x99, 0x4B, 0x82, 0x14, 0x20, 0x00, 0xC5, 0xD3, 0x9A, 0x4D, 0x82, 0x14, 
0x20, 0x00, 0xC5, 0xD3, 0x9B, 0x4F, 0x82, 0x14, 0x20, 0x00, 0xC5, 0xD3, 0x9C, 0x51, 0x82, 0x14, 
0x20, 0x00, 0xC5, 0xD3, 0x9D, 0x53, 0x82, 0x14, 0x20, 0x00, 0xC5, 0xD3, 0x9E, 0x55, 0x82, 0x14, 
0x20, 0x00, 0xC5, 0xD3, 0x9F, 0x57, 0x82, 0x14, 0x20, 0x00, 0xC5, 0xD3, 0xA0, 0x59, 0x82, 0x14, 
0x20, 0x00, 0xC5, 0xD3, 0xA1, 0x5B, 0x82, 0x14, 0x20, 0x00, 0xC5, 0xD3, 0xA2, 0x5D, 0x82, 0x14, 
0x20, 0x00, 0xC5, 0xD3, 0xA3, 0x5F, 0x82, 0x14, 0x7F, 0xCF, 0x8C, 0xBF, 0x00, 0x00, 0x8A, 0xBF, 
0x3C, 0x00, 0xC5, 0xD3, 0x64, 0x01, 0x03, 0x12, 0x1C, 0x00, 0xCB, 0xD1, 0x1C, 0x73, 0xD0, 0x87, 
0x1D, 0x00, 0xCB, 0xD1, 0x1D, 0x73, 0xD4, 0x87, 0x1E, 0x00, 0xCB, 0xD1, 0x1E, 0x73, 0xD8, 0x87, 
0x1F, 0x00, 0xCB, 0xD1, 0x1F, 0x73, 0xDC, 0x87, 0x3C, 0x00, 0xC5, 0xD3, 0x65, 0x03, 0xF3, 0x14, 
0x00, 0x10, 0x34, 0xE1, 0x09, 0xEE, 0x08, 0x80, 0xFF, 0x20, 0x2C, 0x68, 0x00, 0x46, 0x02, 0x00, 
0x00, 0x00, 0x6C, 0xD8, 0x16, 0x00, 0x00, 0x1A, 0x3C, 0x00, 0xC5, 0xD3, 0x66, 0x05, 0xF3, 0x14, 
0x20, 0x00, 0xCB, 0xD1, 0x20, 0x73, 0xD0, 0x87, 0x21, 0x00, 0xCB, 0xD1, 0x21, 0x73, 0xD4, 0x87, 
0x22, 0x00, 0xCB, 0xD1, 0x22, 0x73, 0xD8, 0x87, 0x23, 0x00, 0xCB, 0xD1, 0x23, 0x73, 0xDC, 0x87, 
0x3C, 0x00, 0xC5, 0xD3, 0x67, 0x07, 0xF3, 0x14, 0x00, 0x10, 0x34, 0xE1, 0x0A, 0xEF, 0x08, 0x80, 
0xFF, 0x20, 0x2C, 0x68, 0x00, 0x46, 0x02, 0x00, 0x3C, 0x00, 0xC5, 0xD3, 0x68, 0x09, 0xF3, 0x14, 
0x24, 0x00, 0xCB, 0xD1, 0x24, 0x73, 0xD0, 0x87, 0x25, 0x00, 0xCB, 0xD1, 0x25, 0x73, 0xD4, 0x87, 
0x26, 0x00, 0xCB, 0xD1, 0x26, 0x73, 0xD8, 0x87, 0x27, 0x00, 0xCB, 0xD1, 0x27, 0x73, 0xDC, 0x87, 
0x1C, 0x41, 0x38, 0x7E, 0xFF, 0x02, 0x2C, 0x7E, 0x07, 0x02, 0x00, 0x00, 0x3C, 0x00, 0x10, 0xD0, 
0x1C, 0x2D, 0x02, 0x00, 0x00, 0x00, 0x80, 0xBF, 0x1C, 0x00, 0x00, 0xD1, 0x1C, 0x01, 0xF1, 0x00, 
0x1D, 0x41, 0x3A, 0x7E, 0xFF, 0x02, 0x2C, 0x7E, 0x07, 0x02, 0x00, 0x00, 0x3C, 0x00, 0x10, 0xD0, 
0x1D, 0x2D, 0x02, 0x00, 0x00, 0x00, 0x80, 0xBF, 0x1D, 0x00, 0x00, 0xD1, 0x1D, 0x01, 0xF1, 0x00, 
0x3C, 0x00, 0xC5, 0xD3, 0x69, 0x0B, 0xF3, 0x14, 0x80, 0x1A, 0x2C, 0x68, 0x00, 0x40, 0x6C, 0xD8, 
0x16, 0x00, 0x00, 0x84, 0x40, 0x40, 0x6C, 0xD8, 0x16, 0x00, 0x00, 0x85, 0x80, 0x40, 0x6C, 0xD8, 
0x16, 0x00, 0x00, 0x86, 0xC0, 0x40, 0x6C, 0xD8, 0x16, 0x00, 0x00, 0x87, 0x3C, 0x00, 0xC5, 0xD3, 
0x6A, 0x0D, 0xF3, 0x14, 0x28, 0x00, 0xCB, 0xD1, 0x28, 0x73, 0xD0, 0x87, 0x29, 0x00, 0xCB, 0xD1, 
0x29, 0x73, 0xD4, 0x87, 0x2A, 0x00, 0xCB, 0xD1, 0x2A, 0x73, 0xD8, 0x87, 0x2B, 0x00, 0xCB, 0xD1, 
0x2B, 0x73, 0xDC, 0x87, 0x1E, 0x41, 0x3C, 0x7E, 0xFF, 0x02, 0x2C, 0x7E, 0x07, 0x02, 0x00, 0x00, 
0x3C, 0x00, 0x10, 0xD0, 0x1E, 0x2D, 0x02, 0x00, 0x00, 0x00, 0x80, 0xBF, 0x1E, 0x00, 0x00, 0xD1, 
0x1E, 0x01, 0xF1, 0x00, 0x1F, 0x41, 0x3E, 0x7E, 0xFF, 0x02, 0x2C, 0x7E, 0x07, 0x02, 0x00, 0x00, 
0x3C, 0x00, 0x10, 0xD0, 0x1F, 0x2D, 0x02, 0x00, 0x00, 0x00, 0x80, 0xBF, 0x1F, 0x00, 0x00, 0xD1, 
0x1F, 0x01, 0xF1, 0x00, 0x3C, 0x00, 0xC5, 0xD3, 0x6B, 0x0F, 0xF3, 0x14, 0x80, 0x1A, 0x2C, 0x68, 
0x00, 0x44, 0x6C, 0xD8, 0x16, 0x00, 0x00, 0x88, 0x40, 0x44, 0x6C, 0xD8, 0x16, 0x00, 0x00, 0x89, 
0x80, 0x44, 0x6C, 0xD8, 0x16, 0x00, 0x00, 0x8A, 0xC0, 0x44, 0x6C, 0xD8, 0x16, 0x00, 0x00, 0x8B, 
0x3C, 0x00, 0xC5, 0xD3, 0x6C, 0x11, 0xF3, 0x14, 0x20, 0x41, 0x40, 0x7E, 0xFF, 0x02, 0x2C, 0x7E, 
0x07, 0x02, 0x00, 0x00, 0x3C, 0x00, 0x10, 0xD0, 0x20, 0x2D, 0x02, 0x00, 0x00, 0x00, 0x80, 0xBF, 
0x20, 0x00, 0x00, 0xD1, 0x20, 0x01, 0xF1, 0x00, 0x21, 0x41, 0x42, 0x7E, 0xFF, 0x02, 0x2C, 0x7E, 
0x07, 0x02, 0x00, 0x00, 0x3C, 0x00, 0x10, 0xD0, 0x21, 0x2D, 0x02, 0x00, 0x00, 0x00, 0x80, 0xBF, 
0x21, 0x00, 0x00, 0xD1, 0x21, 0x01, 0xF1, 0x00, 0x3C, 0x00, 0xC5, 0xD3, 0x6D, 0x13, 0xF3, 0x14, 
0x80, 0x1A, 0x2C, 0x68, 0x00, 0x48, 0x6C, 0xD8, 0x16, 0x00, 0x00, 0x8C, 0x40, 0x48, 0x6C, 0xD8, 
0x16, 0x00, 0x00, 0x8D, 0x80, 0x48, 0x6C, 0xD8, 0x16, 0x00, 0x00, 0x8E, 0xC0, 0x48, 0x6C, 0xD8, 
0x16, 0x00, 0x00, 0x8F, 0x3C, 0x00, 0xC5, 0xD3, 0x6E, 0x15, 0xF3, 0x14, 0x22, 0x41, 0x44, 0x7E, 
0xFF, 0x02, 0x2C, 0x7E, 0x07, 0x02, 0x00, 0x00, 0x3C, 0x00, 0x10, 0xD0, 0x22, 0x2D, 0x02, 0x00, 
0x00, 0x00, 0x80, 0xBF, 0x22, 0x00, 0x00, 0xD1, 0x22, 0x01, 0xF1, 0x00, 0x23, 0x41, 0x46, 0x7E, 
0xFF, 0x02, 0x2C, 0x7E, 0x07, 0x02, 0x00, 0x00, 0x3C, 0x00, 0x10, 0xD0, 0x23, 0x2D, 0x02, 0x00, 
0x00, 0x00, 0x80, 0xBF, 0x23, 0x00, 0x00, 0xD1, 0x23, 0x01, 0xF1, 0x00, 0x3C, 0x00, 0xC5, 0xD3, 
0x6F, 0x17, 0xF3, 0x14, 0x80, 0x1A, 0x2C, 0x68, 0x00, 0x4C, 0x6C, 0xD8, 0x16, 0x00, 0x00, 0x90, 
0x40, 0x4C, 0x6C, 0xD8, 0x16, 0x00, 0x00, 0x91, 0x80, 0x4C, 0x6C, 0xD8, 0x16, 0x00, 0x00, 0x92, 
0xC0, 0x4C, 0x6C, 0xD8, 0x16, 0x00, 0x00, 0x93, 0x3C, 0x00, 0xC5, 0xD3, 0x70, 0x19, 0xF3, 0x14, 
0x24, 0x41, 0x48, 0x7E, 0xFF, 0x02, 0x2C, 0x7E, 0x07, 0x02, 0x00, 0x00, 0x3C, 0x00, 0x10, 0xD0, 
0x24, 0x2D, 0x02, 0x00, 0x00, 0x00, 0x80, 0xBF, 0x24, 0x00, 0x00, 0xD1, 0x24, 0x01, 0xF1, 0x00, 
0x25, 0x41, 0x4A, 0x7E, 0xFF, 0x02, 0x2C, 0x7E, 0x07, 0x02, 0x00, 0x00, 0x3C, 0x00, 0x10, 0xD0, 
0x25, 0x2D, 0x02, 0x00, 0x00, 0x00, 0x80, 0xBF, 0x25, 0x00, 0x00, 0xD1, 0x25, 0x01, 0xF1, 0x00, 
0x3C, 0x00, 0xC5, 0xD3, 0x71, 0x1B, 0xF3, 0x14, 0x80, 0x1A, 0x2C, 0x68, 0x00, 0x50, 0x6C, 0xD8, 
0x16, 0x00, 0x00, 0x94, 0x40, 0x50, 0x6C, 0xD8, 0x16, 0x00, 0x00, 0x95, 0x80, 0x50, 0x6C, 0xD8, 
0x16, 0x00, 0x00, 0x96, 0xC0, 0x50, 0x6C, 0xD8, 0x16, 0x00, 0x00, 0x97, 0x3C, 0x00, 0xC5, 0xD3, 
0x72, 0x1D, 0xF3, 0x14, 0x26, 0x41, 0x4C, 0x7E, 0xFF, 0x02, 0x2C, 0x7E, 0x07, 0x02, 0x00, 0x00, 
0x3C, 0x00, 0x10, 0xD0, 0x26, 0x2D, 0x02, 0x00, 0x00, 0x00, 0x80, 0xBF, 0x26, 0x00, 0x00, 0xD1, 
0x26, 0x01, 0xF1, 0x00, 0x27, 0x41, 0x4E, 0x7E, 0xFF, 0x02, 0x2C, 0x7E, 0x07, 0x02, 0x00, 0x00, 
0x3C, 0x00, 0x10, 0xD0, 0x27, 0x2D, 0x02, 0x00, 0x00, 0x00, 0x80, 0xBF, 0x27, 0x00, 0x00, 0xD1, 
0x27, 0x01, 0xF1, 0x00, 0x3C, 0x00, 0xC5, 0xD3, 0x73, 0x1F, 0xF3, 0x14, 0x80, 0x1A, 0x2C, 0x68, 
0x00, 0x54, 0x6C, 0xD8, 0x16, 0x00, 0x00, 0x98, 0x40, 0x54, 0x6C, 0xD8, 0x16, 0x00, 0x00, 0x99, 
0x80, 0x54, 0x6C, 0xD8, 0x16, 0x00, 0x00, 0x9A, 0xC0, 0x54, 0x6C, 0xD8, 0x16, 0x00, 0x00, 0x9B, 
0x3C, 0x00, 0xC5, 0xD3, 0x74, 0x21, 0xF3, 0x14, 0x28, 0x41, 0x50, 0x7E, 0xFF, 0x02, 0x2C, 0x7E, 
0x07, 0x02, 0x00, 0x00, 0x3C, 0x00, 0x10, 0xD0, 0x28, 0x2D, 0x02, 0x00, 0x00, 0x00, 0x80, 0xBF, 
0x28, 0x00, 0x00, 0xD1, 0x28, 0x01, 0xF1, 0x00, 0x29, 0x41, 0x52, 0x7E, 0xFF, 0x02, 0x2C, 0x7E, 
0x07, 0x02, 0x00, 0x00, 0x3C, 0x00, 0x10, 0xD0, 0x29, 0x2D, 0x02, 0x00, 0x00, 0x00, 0x80, 0xBF, 
0x29, 0x00, 0x00, 0xD1, 0x29, 0x01, 0xF1, 0x00, 0x3C, 0x00, 0xC5, 0xD3, 0x75, 0x23, 0xF3, 0x14, 
0x80, 0x1A, 0x2C, 0x68, 0x00, 0x58, 0x6C, 0xD8, 0x16, 0x00, 0x00, 0x9C, 0x40, 0x58, 0x6C, 0xD8, 
0x16, 0x00, 0x00, 0x9D, 0x80, 0x58, 0x6C, 0xD8, 0x16, 0x00, 0x00, 0x9E, 0xC0, 0x58, 0x6C, 0xD8, 
0x16, 0x00, 0x00, 0x9F, 0x3C, 0x00, 0xC5, 0xD3, 0x76, 0x25, 0xF3, 0x14, 0x2A, 0x41, 0x54, 0x7E, 
0xFF, 0x02, 0x2C, 0x7E, 0x07, 0x02, 0x00, 0x00, 0x3C, 0x00, 0x10, 0xD0, 0x2A, 0x2D, 0x02, 0x00, 
0x00, 0x00, 0x80, 0xBF, 0x2A, 0x00, 0x00, 0xD1, 0x2A, 0x01, 0xF1, 0x00, 0x2B, 0x41, 0x56, 0x7E, 
0xFF, 0x02, 0x2C, 0x7E, 0x07, 0x02, 0x00, 0x00, 0x3C, 0x00, 0x10, 0xD0, 0x2B, 0x2D, 0x02, 0x00, 
0x00, 0x00, 0x80, 0xBF, 0x2B, 0x00, 0x00, 0xD1, 0x2B, 0x01, 0xF1, 0x00, 0x3C, 0x00, 0xC5, 0xD3, 
0x77, 0x27, 0xF3, 0x14, 0x80, 0x1A, 0x2C, 0x68, 0x00, 0x5C, 0x6C, 0xD8, 0x16, 0x00, 0x00, 0xA0, 
0x40, 0x5C, 0x6C, 0xD8, 0x16, 0x00, 0x00, 0xA1, 0x80, 0x5C, 0x6C, 0xD8, 0x16, 0x00, 0x00, 0xA2, 
0xC0, 0x5C, 0x6C, 0xD8, 0x16, 0x00, 0x00, 0xA3, 0x3C, 0x00, 0xC5, 0xD3, 0x78, 0x29, 0xF3, 0x14, 
0x3C, 0x00, 0xC5, 0xD3, 0x79, 0x2B, 0xF3, 0x14, 0x3C, 0x00, 0xC5, 0xD3, 0x7A, 0x2D, 0xF3, 0x14, 
0x3C, 0x00, 0xC5, 0xD3, 0x7B, 0x2F, 0xF3, 0x14, 0x3C, 0x00, 0xC5, 0xD3, 0x7C, 0x31, 0xF3, 0x14, 
0x3C, 0x00, 0xC5, 0xD3, 0x7D, 0x33, 0xF3, 0x14, 0x3C, 0x00, 0xC5, 0xD3, 0x7E, 0x35, 0xF3, 0x14, 
0x3C, 0x00, 0xC5, 0xD3, 0x7F, 0x37, 0xF3, 0x14, 0x3C, 0x00, 0xC5, 0xD3, 0x80, 0x39, 0xF3, 0x14, 
0x3C, 0x00, 0xC5, 0xD3, 0x81, 0x3B, 0xF3, 0x14, 0x3C, 0x00, 0xC5, 0xD3, 0x82, 0x3D, 0xF3, 0x14, 
0x3C, 0x00, 0xC5, 0xD3, 0x83, 0x3F, 0xF3, 0x14, 0x40, 0x00, 0xC5, 0xD3, 0x64, 0x21, 0x03, 0x12, 
0x40, 0x00, 0xC5, 0xD3, 0x65, 0x23, 0x03, 0x15, 0x40, 0x00, 0xC5, 0xD3, 0x66, 0x25, 0x03, 0x15, 
0x40, 0x00, 0xC5, 0xD3, 0x67, 0x27, 0x03, 0x15, 0x40, 0x00, 0xC5, 0xD3, 0x68, 0x29, 0x03, 0x15, 
0x40, 0x00, 0xC5, 0xD3, 0x69, 0x2B, 0x03, 0x15, 0x40, 0x00, 0xC5, 0xD3, 0x6A, 0x2D, 0x03, 0x15, 
0x40, 0x00, 0xC5, 0xD3, 0x6B, 0x2F, 0x03, 0x15, 0x40, 0x00, 0xC5, 0xD3, 0x6C, 0x31, 0x03, 0x15, 
0x40, 0x00, 0xC5, 0xD3, 0x6D, 0x33, 0x03, 0x15, 0x40, 0x00, 0xC5, 0xD3, 0x6E, 0x35, 0x03, 0x15, 
0x40, 0x00, 0xC5, 0xD3, 0x6F, 0x37, 0x03, 0x15, 0x40, 0x00, 0xC5, 0xD3, 0x70, 0x39, 0x03, 0x15, 
0x40, 0x00, 0xC5, 0xD3, 0x71, 0x3B, 0x03, 0x15, 0x40, 0x00, 0xC5, 0xD3, 0x72, 0x3D, 0x03, 0x15, 
0x40, 0x00, 0xC5, 0xD3, 0x73, 0x3F, 0x03, 0x15, 0x40, 0x00, 0xC5, 0xD3, 0x74, 0x41, 0x03, 0x15, 
0x40, 0x00, 0xC5, 0xD3, 0x75, 0x43, 0x03, 0x15, 0x40, 0x00, 0xC5, 0xD3, 0x76, 0x45, 0x03, 0x15, 
0x40, 0x00, 0xC5, 0xD3, 0x77, 0x47, 0x03, 0x15, 0x40, 0x00, 0xC5, 0xD3, 0x78, 0x49, 0x03, 0x15, 
0x40, 0x00, 0xC5, 0xD3, 0x79, 0x4B, 0x03, 0x15, 0x40, 0x00, 0xC5, 0xD3, 0x7A, 0x4D, 0x03, 0x15, 
0x40, 0x00, 0xC5, 0xD3, 0x7B, 0x4F, 0x03, 0x15, 0x40, 0x00, 0xC5, 0xD3, 0x7C, 0x51, 0x03, 0x15, 
0x40, 0x00, 0xC5, 0xD3, 0x7D, 0x53, 0x03, 0x15, 0x40, 0x00, 0xC5, 0xD3, 0x7E, 0x55, 0x03, 0x15, 
0x40, 0x00, 0xC5, 0xD3, 0x7F, 0x57, 0x03, 0x15, 0x40, 0x00, 0xC5, 0xD3, 0x80, 0x59, 0x03, 0x15, 
0x40, 0x00, 0xC5, 0xD3, 0x81, 0x5B, 0x03, 0x15, 0x40, 0x00, 0xC5, 0xD3, 0x82, 0x5D, 0x03, 0x15, 
0x40, 0x00, 0xC5, 0xD3, 0x83, 0x5F, 0x03, 0x15, 0x7F, 0xCF, 0x8C, 0xBF, 0x7A, 0x0F, 0x8C, 0xBF, 
0x00, 0x00, 0x8A, 0xBF, 0xA4, 0x00, 0xC5, 0xD3, 0x44, 0x39, 0x92, 0x06, 0xFA, 0x78, 0x78, 0x06, 
0x1A, 0x00, 0x00, 0xFF, 0xFA, 0x7A, 0x7A, 0x06, 0x1A, 0x55, 0x00, 0xFF, 0xFA, 0x7C, 0x7C, 0x06, 
0x1A, 0xAA, 0x00, 0xFF, 0xFA, 0x7E, 0x7E, 0x06, 0x1A, 0xFF, 0x00, 0xFF, 0x1C, 0x79, 0x78, 0x0A, 
0x1D, 0x7B, 0x7A, 0x0A, 0x1E, 0x7D, 0x7C, 0x0A, 0x1F, 0x7F, 0x7E, 0x0A, 0xA4, 0x00, 0xC5, 0xD3, 
0x45, 0x3B, 0x92, 0x06, 0xFF, 0x20, 0x2C, 0x68, 0x00, 0x20, 0x01, 0x00, 0x00, 0x00, 0x6C, 0xD8, 
0x16, 0x00, 0x00, 0xF4, 0x40, 0x10, 0x34, 0xE1, 0x07, 0xF0, 0x08, 0x80, 0xA4, 0x00, 0xC5, 0xD3, 
0x46, 0x3D, 0x92, 0x06, 0xFA, 0x80, 0x80, 0x06, 0x1A, 0x00, 0x00, 0xFF, 0xFA, 0x82, 0x82, 0x06, 
0x1A, 0x55, 0x00, 0xFF, 0xFA, 0x84, 0x84, 0x06, 0x1A, 0xAA, 0x00, 0xFF, 0xFA, 0x86, 0x86, 0x06, 
0x1A, 0xFF, 0x00, 0xFF, 0x20, 0x81, 0x80, 0x0A, 0x21, 0x83, 0x82, 0x0A, 0x22, 0x85, 0x84, 0x0A, 
0x23, 0x87, 0x86, 0x0A, 0xA4, 0x00, 0xC5, 0xD3, 0x47, 0x3F, 0x92, 0x06, 0xFF, 0x20, 0x2C, 0x68, 
0x00, 0x20, 0x01, 0x00, 0x40, 0x10, 0x34, 0xE1, 0x08, 0xF1, 0x08, 0x80, 0xA8, 0x00, 0xC5, 0xD3, 
0x48, 0x39, 0xA2, 0x06, 0xFA, 0x88, 0x88, 0x06, 0x1A, 0x00, 0x00, 0xFF, 0xFA, 0x8A, 0x8A, 0x06, 
0x1A, 0x55, 0x00, 0xFF, 0xFA, 0x8C, 0x8C, 0x06, 0x1A, 0xAA, 0x00, 0xFF, 0xFA, 0x8E, 0x8E, 0x06, 
0x1A, 0xFF, 0x00, 0xFF, 0x24, 0x89, 0x88, 0x0A, 0x25, 0x8B, 0x8A, 0x0A, 0x26, 0x8D, 0x8C, 0x0A, 
0x27, 0x8F, 0x8E, 0x0A, 0xA8, 0x00, 0xC5, 0xD3, 0x49, 0x3B, 0xA2, 0x06, 0xFF, 0x20, 0x2C, 0x68, 
0x00, 0x20, 0x01, 0x00, 0x40, 0x10, 0x34, 0xE1, 0x09, 0xF2, 0x08, 0x80, 0xA8, 0x00, 0xC5, 0xD3, 
0x4A, 0x3D, 0xA2, 0x06, 0xFA, 0x90, 0x90, 0x06, 0x1A, 0x00, 0x00, 0xFF, 0xFA, 0x92, 0x92, 0x06, 
0x1A, 0x55, 0x00, 0xFF, 0xFA, 0x94, 0x94, 0x06, 0x1A, 0xAA, 0x00, 0xFF, 0xFA, 0x96, 0x96, 0x06, 
0x1A, 0xFF, 0x00, 0xFF, 0x28, 0x91, 0x90, 0x0A, 0x29, 0x93, 0x92, 0x0A, 0x2A, 0x95, 0x94, 0x0A, 
0x2B, 0x97, 0x96, 0x0A, 0xA8, 0x00, 0xC5, 0xD3, 0x4B, 0x3F, 0xA2, 0x06, 0xFF, 0x20, 0x2C, 0x68, 
0x00, 0x20, 0x01, 0x00, 0x40, 0x10, 0x34, 0xE1, 0x0A, 0xF3, 0x08, 0x80, 0xAC, 0x00, 0xC5, 0xD3, 
0x4C, 0x39, 0xB2, 0x06, 0xFF, 0x1E, 0x2C, 0x68, 0x00, 0x26, 0x02, 0x00, 0x00, 0x00, 0x1A, 0xD8, 
0x16, 0x3C, 0x00, 0x00, 0x40, 0x00, 0x1A, 0xD8, 0x16, 0x3D, 0x00, 0x00, 0x80, 0x00, 0x1A, 0xD8, 
0x16, 0x3E, 0x00, 0x00, 0xC0, 0x00, 0x1A, 0xD8, 0x16, 0x3F, 0x00, 0x00, 0xAC, 0x00, 0xC5, 0xD3, 
0x4D, 0x3B, 0xB2, 0x06, 0xFF, 0x1E, 0x2C, 0x68, 0x00, 0x26, 0x02, 0x00, 0x00, 0x10, 0x1A, 0xD8, 
0x16, 0x40, 0x00, 0x00, 0x40, 0x10, 0x1A, 0xD8, 0x16, 0x41, 0x00, 0x00, 0x80, 0x10, 0x1A, 0xD8, 
0x16, 0x42, 0x00, 0x00, 0xC0, 0x10, 0x1A, 0xD8, 0x16, 0x43, 0x00, 0x00, 0xAC, 0x00, 0xC5, 0xD3, 
0x4E, 0x3D, 0xB2, 0x06, 0x7C, 0x0F, 0x8C, 0xBF, 0x00, 0x00, 0x8A, 0xBF, 0xFF, 0x18, 0x2C, 0x68, 
0x00, 0x60, 0x00, 0x00, 0x00, 0x00, 0xFE, 0xD9, 0x16, 0x00, 0x00, 0x64, 0xAC, 0x00, 0xC5, 0xD3, 
0x4F, 0x3F, 0xB2, 0x06, 0xFF, 0x18, 0x2C, 0x68, 0x00, 0x60, 0x00, 0x00, 0x00, 0x04, 0xFE, 0xD9, 
0x16, 0x00, 0x00, 0x68, 0xB0, 0x00, 0xC5, 0xD3, 0x50, 0x39, 0xC2, 0x06, 0xFF, 0x18, 0x2C, 0x68, 
0x00, 0x60, 0x00, 0x00, 0x00, 0x08, 0xFE, 0xD9, 0x16, 0x00, 0x00, 0x6C, 0xB0, 0x00, 0xC5, 0xD3, 
0x51, 0x3B, 0xC2, 0x06, 0xFF, 0x18, 0x2C, 0x68, 0x00, 0x60, 0x00, 0x00, 0x00, 0x0C, 0xFE, 0xD9, 
0x16, 0x00, 0x00, 0x70, 0xB0, 0x00, 0xC5, 0xD3, 0x52, 0x3D, 0xC2, 0x06, 0xFF, 0x18, 0x2C, 0x68, 
0x00, 0x60, 0x00, 0x00, 0x00, 0x10, 0xFE, 0xD9, 0x16, 0x00, 0x00, 0x74, 0xB0, 0x00, 0xC5, 0xD3, 
0x53, 0x3F, 0xC2, 0x06, 0xFF, 0x18, 0x2C, 0x68, 0x00, 0x60, 0x00, 0x00, 0x00, 0x14, 0xFE, 0xD9, 
0x16, 0x00, 0x00, 0x78, 0xB4, 0x00, 0xC5, 0xD3, 0x54, 0x39, 0xD2, 0x06, 0xFF, 0x18, 0x2C, 0x68, 
0x00, 0x60, 0x00, 0x00, 0x00, 0x18, 0xFE, 0xD9, 0x16, 0x00, 0x00, 0x7C, 0xB4, 0x00, 0xC5, 0xD3, 
0x55, 0x3B, 0xD2, 0x06, 0xFF, 0x18, 0x2C, 0x68, 0x00, 0x60, 0x00, 0x00, 0x00, 0x1C, 0xFE, 0xD9, 
0x16, 0x00, 0x00, 0x80, 0xB4, 0x00, 0xC5, 0xD3, 0x56, 0x3D, 0xD2, 0x06, 0xFF, 0x18, 0x2C, 0x68, 
0x00, 0x60, 0x00, 0x00, 0xB4, 0x00, 0xC5, 0xD3, 0x57, 0x3F, 0xD2, 0x06, 0xFF, 0x18, 0x2C, 0x68, 
0x00, 0x60, 0x00, 0x00, 0xB8, 0x00, 0xC5, 0xD3, 0x58, 0x39, 0xE2, 0x06, 0xFF, 0x18, 0x2C, 0x68, 
0x00, 0x60, 0x00, 0x00, 0xB8, 0x00, 0xC5, 0xD3, 0x59, 0x3B, 0xE2, 0x06, 0xFF, 0x18, 0x2C, 0x68, 
0x00, 0x60, 0x00, 0x00, 0xB8, 0x00, 0xC5, 0xD3, 0x5A, 0x3D, 0xE2, 0x06, 0xFF, 0x18, 0x2C, 0x68, 
0x00, 0x60, 0x00, 0x00, 0xB8, 0x00, 0xC5, 0xD3, 0x5B, 0x3F, 0xE2, 0x06, 0xFF, 0x18, 0x2C, 0x68, 
0x00, 0x60, 0x00, 0x00, 0xBC, 0x00, 0xC5, 0xD3, 0x5C, 0x39, 0xF2, 0x06, 0xFF, 0x18, 0x2C, 0x68, 
0x00, 0x60, 0x00, 0x00, 0xBC, 0x00, 0xC5, 0xD3, 0x5D, 0x3B, 0xF2, 0x06, 0xFF, 0x18, 0x2C, 0x68, 
0x00, 0x60, 0x00, 0x00, 0xBC, 0x00, 0xC5, 0xD3, 0x5E, 0x3D, 0xF2, 0x06, 0xFF, 0x18, 0x2C, 0x68, 
0x00, 0x60, 0x00, 0x00, 0xBC, 0x00, 0xC5, 0xD3, 0x5F, 0x3F, 0xF2, 0x06, 0xFF, 0x18, 0x2C, 0x68, 
0x00, 0x60, 0x00, 0x00, 0xC0, 0x00, 0xC5, 0xD3, 0x60, 0x39, 0x02, 0x07, 0xFF, 0x18, 0x2C, 0x68, 
0x00, 0x60, 0x00, 0x00, 0xC0, 0x00, 0xC5, 0xD3, 0x61, 0x3B, 0x02, 0x07, 0xFF, 0x18, 0x2C, 0x68, 
0x00, 0x60, 0x00, 0x00, 0xC0, 0x00, 0xC5, 0xD3, 0x62, 0x3D, 0x02, 0x07, 0xFF, 0x18, 0x2C, 0x68, 
0x00, 0x60, 0x00, 0x00, 0xC0, 0x00, 0xC5, 0xD3, 0x63, 0x3F, 0x02, 0x07, 0xFF, 0x18, 0x2C, 0x68, 
0x00, 0x60, 0x00, 0x00, 0xC4, 0x00, 0xC5, 0xD3, 0x44, 0x41, 0x12, 0x07, 0xFF, 0x18, 0x2C, 0x68, 
0x00, 0x60, 0x00, 0x00, 0xC4, 0x00, 0xC5, 0xD3, 0x45, 0x43, 0x12, 0x07, 0xFF, 0x18, 0x2C, 0x68, 
0x00, 0x60, 0x00, 0x00, 0xC4, 0x00, 0xC5, 0xD3, 0x46, 0x45, 0x12, 0x07, 0xFF, 0x18, 0x2C, 0x68, 
0x00, 0x60, 0x00, 0x00, 0xC4, 0x00, 0xC5, 0xD3, 0x47, 0x47, 0x12, 0x07, 0xFF, 0x18, 0x2C, 0x68, 
0x00, 0x60, 0x00, 0x00, 0xC8, 0x00, 0xC5, 0xD3, 0x48, 0x41, 0x22, 0x07, 0xFF, 0x18, 0x2C, 0x68, 
0x00, 0x60, 0x00, 0x00, 0xC8, 0x00, 0xC5, 0xD3, 0x49, 0x43, 0x22, 0x07, 0xFF, 0x18, 0x2C, 0x68, 
0x00, 0x60, 0x00, 0x00, 0xC8, 0x00, 0xC5, 0xD3, 0x4A, 0x45, 0x22, 0x07, 0xFF, 0x18, 0x2C, 0x68, 
0x00, 0x60, 0x00, 0x00, 0xC8, 0x00, 0xC5, 0xD3, 0x4B, 0x47, 0x22, 0x07, 0xFF, 0x18, 0x2C, 0x68, 
0x00, 0x60, 0x00, 0x00, 0xCC, 0x00, 0xC5, 0xD3, 0x4C, 0x41, 0x32, 0x07, 0xFF, 0x18, 0x2C, 0x68, 
0x00, 0x60, 0x00, 0x00, 0xCC, 0x00, 0xC5, 0xD3, 0x4D, 0x43, 0x32, 0x07, 0xFF, 0x18, 0x2C, 0x68, 
0x00, 0x60, 0x00, 0x00, 0xCC, 0x00, 0xC5, 0xD3, 0x4E, 0x45, 0x32, 0x07, 0xFF, 0x18, 0x2C, 0x68, 
0x00, 0x60, 0x00, 0x00, 0xCC, 0x00, 0xC5, 0xD3, 0x4F, 0x47, 0x32, 0x07, 0xFF, 0x18, 0x2C, 0x68, 
0x00, 0x60, 0x00, 0x00, 0xD0, 0x00, 0xC5, 0xD3, 0x50, 0x41, 0x42, 0x07, 0xFF, 0x18, 0x2C, 0x68, 
0x00, 0x60, 0x00, 0x00, 0xD0, 0x00, 0xC5, 0xD3, 0x51, 0x43, 0x42, 0x07, 0xFF, 0x18, 0x2C, 0x68, 
0x00, 0x60, 0x00, 0x00, 0xD0, 0x00, 0xC5, 0xD3, 0x52, 0x45, 0x42, 0x07, 0xFF, 0x18, 0x2C, 0x68, 
0x00, 0x60, 0x00, 0x00, 0xD0, 0x00, 0xC5, 0xD3, 0x53, 0x47, 0x42, 0x07, 0xFF, 0x18, 0x2C, 0x68, 
0x00, 0x60, 0x00, 0x00, 0xD4, 0x00, 0xC5, 0xD3, 0x54, 0x41, 0x52, 0x07, 0xFF, 0x18, 0x2C, 0x68, 
0x00, 0x60, 0x00, 0x00, 0xD4, 0x00, 0xC5, 0xD3, 0x55, 0x43, 0x52, 0x07, 0xFF, 0x18, 0x2C, 0x68, 
0x00, 0x60, 0x00, 0x00, 0xD4, 0x00, 0xC5, 0xD3, 0x56, 0x45, 0x52, 0x07, 0xFF, 0x18, 0x2C, 0x68, 
0x00, 0x60, 0x00, 0x00, 0xD4, 0x00, 0xC5, 0xD3, 0x57, 0x47, 0x52, 0x07, 0xFF, 0x18, 0x2C, 0x68, 
0x00, 0x60, 0x00, 0x00, 0xD8, 0x00, 0xC5, 0xD3, 0x58, 0x41, 0x62, 0x07, 0xFF, 0x18, 0x2C, 0x68, 
0x00, 0x60, 0x00, 0x00, 0xD8, 0x00, 0xC5, 0xD3, 0x59, 0x43, 0x62, 0x07, 0xFF, 0x18, 0x2C, 0x68, 
0x00, 0x60, 0x00, 0x00, 0xD8, 0x00, 0xC5, 0xD3, 0x5A, 0x45, 0x62, 0x07, 0xFF, 0x18, 0x2C, 0x68, 
0x00, 0x60, 0x00, 0x00, 0xD8, 0x00, 0xC5, 0xD3, 0x5B, 0x47, 0x62, 0x07, 0xFF, 0x18, 0x2C, 0x68, 
0x00, 0x60, 0x00, 0x00, 0xDC, 0x00, 0xC5, 0xD3, 0x5C, 0x41, 0x72, 0x07, 0xFF, 0x18, 0x2C, 0x68, 
0x00, 0x60, 0x00, 0x00, 0xDC, 0x00, 0xC5, 0xD3, 0x5D, 0x43, 0x72, 0x07, 0xFF, 0x18, 0x2C, 0x68, 
0x00, 0x60, 0x00, 0x00, 0xDC, 0x00, 0xC5, 0xD3, 0x5E, 0x45, 0x72, 0x07, 0xFF, 0x18, 0x2C, 0x68, 
0x00, 0x60, 0x00, 0x00, 0xDC, 0x00, 0xC5, 0xD3, 0x5F, 0x47, 0x72, 0x07, 0xFF, 0x18, 0x2C, 0x68, 
0x00, 0x60, 0x00, 0x00, 0xE0, 0x00, 0xC5, 0xD3, 0x60, 0x41, 0x82, 0x07, 0xFF, 0x18, 0x2C, 0x68, 
0x00, 0x60, 0x00, 0x00, 0xE0, 0x00, 0xC5, 0xD3, 0x61, 0x43, 0x82, 0x07, 0xFF, 0x18, 0x2C, 0x68, 
0x00, 0x60, 0x00, 0x00, 0xE0, 0x00, 0xC5, 0xD3, 0x62, 0x45, 0x82, 0x07, 0xFF, 0x18, 0x2C, 0x68, 
0x00, 0x60, 0x00, 0x00, 0xE0, 0x00, 0xC5, 0xD3, 0x63, 0x47, 0x82, 0x07, 0xFF, 0x18, 0x2C, 0x68, 
0x00, 0x60, 0x00, 0x00, 0x7F, 0xC8, 0x8C, 0xBF, 0x00, 0x00, 0x8A, 0xBF, 0xC0, 0x80, 0xC5, 0xD3, 
0x84, 0x79, 0x02, 0x07, 0x30, 0xE8, 0xE9, 0x0B, 0xFA, 0x02, 0xEE, 0x7F, 0xF4, 0xFF, 0x00, 0xFF, 
0xC0, 0x80, 0xC5, 0xD3, 0x84, 0x79, 0x02, 0x07, 0xFF, 0x1C, 0x2C, 0x68, 0x00, 0x26, 0x02, 0x00, 
0x00, 0x00, 0xFE, 0xD9, 0x16, 0x00, 0x00, 0x1C, 0x00, 0x04, 0xFE, 0xD9, 0x16, 0x00, 0x00, 0x20, 
0xC0, 0x80, 0xC5, 0xD3, 0x84, 0x79, 0x02, 0x07, 0xFA, 0x02, 0xEC, 0x7F, 0xF4, 0xAA, 0x00, 0xFF, 
0xC0, 0x80, 0xC5, 0xD3, 0x84, 0x79, 0x02, 0x07, 0xFF, 0x1C, 0x2C, 0x68, 0x00, 0x26, 0x02, 0x00, 
0x00, 0x08, 0xFE, 0xD9, 0x16, 0x00, 0x00, 0x24, 0x00, 0x0C, 0xFE, 0xD9, 0x16, 0x00, 0x00, 0x28, 
0xC4, 0x80, 0xC5, 0xD3, 0x85, 0x79, 0x12, 0x07, 0xFA, 0x02, 0xEA, 0x7F, 0xF4, 0x55, 0x00, 0xFF, 
0xC4, 0x80, 0xC5, 0xD3, 0x85, 0x79, 0x12, 0x07, 0xFF, 0x1C, 0x2C, 0x68, 0x00, 0x26, 0x02, 0x00, 
0x00, 0x10, 0xFE, 0xD9, 0x16, 0x00, 0x00, 0x2C, 0x00, 0x14, 0xFE, 0xD9, 0x16, 0x00, 0x00, 0x30, 
0xC4, 0x80, 0xC5, 0xD3, 0x85, 0x79, 0x12, 0x07, 0xFA, 0x02, 0xE8, 0x7F, 0xF4, 0x00, 0x00, 0xFF, 
0xC4, 0x80, 0xC5, 0xD3, 0x85, 0x79, 0x12, 0x07, 0xFF, 0x1C, 0x2C, 0x68, 0x00, 0x26, 0x02, 0x00, 
0x00, 0x18, 0xFE, 0xD9, 0x16, 0x00, 0x00, 0x34, 0x00, 0x1C, 0xFE, 0xD9, 0x16, 0x00, 0x00, 0x38, 
0xC8, 0x80, 0xC5, 0xD3, 0x86, 0x79, 0x22, 0x07, 0x7A, 0x0F, 0x8C, 0xBF, 0x00, 0x00, 0x8A, 0xBF, 
0xFF, 0x18, 0x2C, 0x68, 0x00, 0xC0, 0x00, 0x00, 0x00, 0x00, 0xFE, 0xD9, 0x16, 0x00, 0x00, 0x64, 
0xC8, 0x80, 0xC5, 0xD3, 0x86, 0x79, 0x22, 0x07, 0xFF, 0x18, 0x2C, 0x68, 0x00, 0xC0, 0x00, 0x00, 
0x00, 0x04, 0xFE, 0xD9, 0x16, 0x00, 0x00, 0x68, 0xC8, 0x80, 0xC5, 0xD3, 0x86, 0x79, 0x22, 0x07, 
0xFF, 0x18, 0x2C, 0x68, 0x00, 0xC0, 0x00, 0x00, 0x00, 0x08, 0xFE, 0xD9, 0x16, 0x00, 0x00, 0x6C, 
0xC8, 0x80, 0xC5, 0xD3, 0x86, 0x79, 0x22, 0x07, 0xFF, 0x18, 0x2C, 0x68, 0x00, 0xC0, 0x00, 0x00, 
0x00, 0x0C, 0xFE, 0xD9, 0x16, 0x00, 0x00, 0x70, 0xCC, 0x80, 0xC5, 0xD3, 0x87, 0x79, 0x32, 0x07, 
0xFF, 0x18, 0x2C, 0x68, 0x00, 0xC0, 0x00, 0x00, 0x00, 0x10, 0xFE, 0xD9, 0x16, 0x00, 0x00, 0x74, 
0xCC, 0x80, 0xC5, 0xD3, 0x87, 0x79, 0x32, 0x07, 0xFF, 0x18, 0x2C, 0x68, 0x00, 0xC0, 0x00, 0x00, 
0x00, 0x14, 0xFE, 0xD9, 0x16, 0x00, 0x00, 0x78, 0xCC, 0x80, 0xC5, 0xD3, 0x87, 0x79, 0x32, 0x07, 
0xFF, 0x18, 0x2C, 0x68, 0x00, 0xC0, 0x00, 0x00, 0x00, 0x18, 0xFE, 0xD9, 0x16, 0x00, 0x00, 0x7C, 
0xCC, 0x80, 0xC5, 0xD3, 0x87, 0x79, 0x32, 0x07, 0xFF, 0x18, 0x2C, 0x68, 0x00, 0xC0, 0x00, 0x00, 
0x00, 0x1C, 0xFE, 0xD9, 0x16, 0x00, 0x00, 0x80, 0xD0, 0x80, 0xC5, 0xD3, 0x88, 0x79, 0x42, 0x07, 
0xFF, 0x18, 0x2C, 0x68, 0x00, 0xC0, 0x00, 0x00, 0xD0, 0x80, 0xC5, 0xD3, 0x88, 0x79, 0x42, 0x07, 
0xFF, 0x18, 0x2C, 0x68, 0x00, 0xC0, 0x00, 0x00, 0xD0, 0x80, 0xC5, 0xD3, 0x88, 0x79, 0x42, 0x07, 
0xFF, 0x18, 0x2C, 0x68, 0x00, 0xC0, 0x00, 0x00, 0xD0, 0x80, 0xC5, 0xD3, 0x88, 0x79, 0x42, 0x07, 
0xFF, 0x18, 0x2C, 0x68, 0x00, 0xC0, 0x00, 0x00, 0xD4, 0x80, 0xC5, 0xD3, 0x89, 0x79, 0x52, 0x07, 
0xFF, 0x18, 0x2C, 0x68, 0x00, 0xC0, 0x00, 0x00, 0xD4, 0x80, 0xC5, 0xD3, 0x89, 0x79, 0x52, 0x07, 
0xFF, 0x18, 0x2C, 0x68, 0x00, 0xC0, 0x00, 0x00, 0xD4, 0x80, 0xC5, 0xD3, 0x89, 0x79, 0x52, 0x07, 
0xFF, 0x18, 0x2C, 0x68, 0x00, 0xC0, 0x00, 0x00, 0xD4, 0x80, 0xC5, 0xD3, 0x89, 0x79, 0x52, 0x07, 
0xFF, 0x18, 0x2C, 0x68, 0x00, 0xC0, 0x00, 0x00, 0xD8, 0x80, 0xC5, 0xD3, 0x8A, 0x79, 0x62, 0x07, 
0xFF, 0x18, 0x2C, 0x68, 0x00, 0xC0, 0x00, 0x00, 0xD8, 0x80, 0xC5, 0xD3, 0x8A, 0x79, 0x62, 0x07, 
0xFF, 0x18, 0x2C, 0x68, 0x00, 0xC0, 0x00, 0x00, 0xD8, 0x80, 0xC5, 0xD3, 0x8A, 0x79, 0x62, 0x07, 
0xFF, 0x18, 0x2C, 0x68, 0x00, 0xC0, 0x00, 0x00, 0xD8, 0x80, 0xC5, 0xD3, 0x8A, 0x79, 0x62, 0x07, 
0xFF, 0x18, 0x2C, 0x68, 0x00, 0xC0, 0x00, 0x00, 0xDC, 0x80, 0xC5, 0xD3, 0x8B, 0x79, 0x72, 0x07, 
0xFF, 0x18, 0x2C, 0x68, 0x00, 0xC0, 0x00, 0x00, 0xDC, 0x80, 0xC5, 0xD3, 0x8B, 0x79, 0x72, 0x07, 
0xFF, 0x18, 0x2C, 0x68, 0x00, 0xC0, 0x00, 0x00, 0xDC, 0x80, 0xC5, 0xD3, 0x8B, 0x79, 0x72, 0x07, 
0xFF, 0x18, 0x2C, 0x68, 0x00, 0xC0, 0x00, 0x00, 0xDC, 0x80, 0xC5, 0xD3, 0x8B, 0x79, 0x72, 0x07, 
0xFF, 0x18, 0x2C, 0x68, 0x00, 0xC0, 0x00, 0x00, 0xE0, 0x80, 0xC5, 0xD3, 0x84, 0x7B, 0x82, 0x07, 
0xFF, 0x18, 0x2C, 0x68, 0x00, 0xC0, 0x00, 0x00, 0xE0, 0x80, 0xC5, 0xD3, 0x84, 0x7B, 0x82, 0x07, 
0xFF, 0x18, 0x2C, 0x68, 0x00, 0xC0, 0x00, 0x00, 0xE0, 0x80, 0xC5, 0xD3, 0x84, 0x7B, 0x82, 0x07, 
0xFF, 0x18, 0x2C, 0x68, 0x00, 0xC0, 0x00, 0x00, 0xE0, 0x80, 0xC5, 0xD3, 0x84, 0x7B, 0x82, 0x07, 
0xFF, 0x18, 0x2C, 0x68, 0x00, 0xC0, 0x00, 0x00, 0xE4, 0x80, 0xC5, 0xD3, 0x85, 0x7B, 0x92, 0x07, 
0xFF, 0x18, 0x2C, 0x68, 0x00, 0xC0, 0x00, 0x00, 0xE4, 0x80, 0xC5, 0xD3, 0x85, 0x7B, 0x92, 0x07, 
0xFF, 0x18, 0x2C, 0x68, 0x00, 0xC0, 0x00, 0x00, 0xE4, 0x80, 0xC5, 0xD3, 0x85, 0x7B, 0x92, 0x07, 
0xFF, 0x18, 0x2C, 0x68, 0x00, 0xC0, 0x00, 0x00, 0xE4, 0x80, 0xC5, 0xD3, 0x85, 0x7B, 0x92, 0x07, 
0xFF, 0x18, 0x2C, 0x68, 0x00, 0xC0, 0x00, 0x00, 0xE8, 0x80, 0xC5, 0xD3, 0x86, 0x7B, 0xA2, 0x07, 
0xFF, 0x18, 0x2C, 0x68, 0x00, 0xC0, 0x00, 0x00, 0xE8, 0x80, 0xC5, 0xD3, 0x86, 0x7B, 0xA2, 0x07, 
0xFF, 0x18, 0x2C, 0x68, 0x00, 0xC0, 0x00, 0x00, 0xE8, 0x80, 0xC5, 0xD3, 0x86, 0x7B, 0xA2, 0x07, 
0xFF, 0x18, 0x2C, 0x68, 0x00, 0xC0, 0x00, 0x00, 0xE8, 0x80, 0xC5, 0xD3, 0x86, 0x7B, 0xA2, 0x07, 
0xFF, 0x18, 0x2C, 0x68, 0x00, 0xC0, 0x00, 0x00, 0xEC, 0x80, 0xC5, 0xD3, 0x87, 0x7B, 0xB2, 0x07, 
0xFF, 0x18, 0x2C, 0x68, 0x00, 0xC0, 0x00, 0x00, 0xEC, 0x80, 0xC5, 0xD3, 0x87, 0x7B, 0xB2, 0x07, 
0xFF, 0x18, 0x2C, 0x68, 0x00, 0xC0, 0x00, 0x00, 0xEC, 0x80, 0xC5, 0xD3, 0x87, 0x7B, 0xB2, 0x07, 
0xFF, 0x18, 0x2C, 0x68, 0x00, 0xC0, 0x00, 0x00, 0xEC, 0x80, 0xC5, 0xD3, 0x87, 0x7B, 0xB2, 0x07, 
0xFF, 0x18, 0x2C, 0x68, 0x00, 0xC0, 0x00, 0x00, 0xF0, 0x80, 0xC5, 0xD3, 0x88, 0x7B, 0xC2, 0x07, 
0xFF, 0x18, 0x2C, 0x68, 0x00, 0xC0, 0x00, 0x00, 0xF0, 0x80, 0xC5, 0xD3, 0x88, 0x7B, 0xC2, 0x07, 
0xFF, 0x18, 0x2C, 0x68, 0x00, 0xC0, 0x00, 0x00, 0xF0, 0x80, 0xC5, 0xD3, 0x88, 0x7B, 0xC2, 0x07, 
0xFF, 0x18, 0x2C, 0x68, 0x00, 0xC0, 0x00, 0x00, 0xF0, 0x80, 0xC5, 0xD3, 0x88, 0x7B, 0xC2, 0x07, 
0xFF, 0x18, 0x2C, 0x68, 0x00, 0xC0, 0x00, 0x00, 0xF4, 0x80, 0xC5, 0xD3, 0x89, 0x7B, 0xD2, 0x07, 
0xFF, 0x18, 0x2C, 0x68, 0x00, 0xC0, 0x00, 0x00, 0xF4, 0x80, 0xC5, 0xD3, 0x89, 0x7B, 0xD2, 0x07, 
0xFF, 0x18, 0x2C, 0x68, 0x00, 0xC0, 0x00, 0x00, 0xF4, 0x80, 0xC5, 0xD3, 0x89, 0x7B, 0xD2, 0x07, 
0xFF, 0x18, 0x2C, 0x68, 0x00, 0xC0, 0x00, 0x00, 0xF4, 0x80, 0xC5, 0xD3, 0x89, 0x7B, 0xD2, 0x07, 
0xFF, 0x18, 0x2C, 0x68, 0x00, 0xC0, 0x00, 0x00, 0xF8, 0x80, 0xC5, 0xD3, 0x8A, 0x7B, 0xE2, 0x07, 
0xFF, 0x18, 0x2C, 0x68, 0x00, 0xC0, 0x00, 0x00, 0xF8, 0x80, 0xC5, 0xD3, 0x8A, 0x7B, 0xE2, 0x07, 
0xFF, 0x18, 0x2C, 0x68, 0x00, 0xC0, 0x00, 0x00, 0xF8, 0x80, 0xC5, 0xD3, 0x8A, 0x7B, 0xE2, 0x07, 
0xFF, 0x18, 0x2C, 0x68, 0x00, 0xC0, 0x00, 0x00, 0xF8, 0x80, 0xC5, 0xD3, 0x8A, 0x7B, 0xE2, 0x07, 
0xFF, 0x18, 0x2C, 0x68, 0x00, 0xC0, 0x00, 0x00, 0xFC, 0x80, 0xC5, 0xD3, 0x8B, 0x7B, 0xF2, 0x07, 
0xFF, 0x18, 0x2C, 0x68, 0x00, 0xC0, 0x00, 0x00, 0xFC, 0x80, 0xC5, 0xD3, 0x8B, 0x7B, 0xF2, 0x07, 
0xFF, 0x18, 0x2C, 0x68, 0x00, 0xC0, 0x00, 0x00, 0xFC, 0x80, 0xC5, 0xD3, 0x8B, 0x7B, 0xF2, 0x07, 
0xFF, 0x18, 0x2C, 0x68, 0x00, 0xC0, 0x00, 0x00, 0xFC, 0x80, 0xC5, 0xD3, 0x8B, 0x7B, 0xF2, 0x07, 
0xFF, 0x18, 0x2C, 0x68, 0x00, 0xC0, 0x00, 0x00, 0x78, 0x02, 0x8C, 0xBF, 0x00, 0x00, 0x8A, 0xBF, 
0xE4, 0x00, 0xC5, 0xD3, 0x1C, 0x81, 0x02, 0x12, 0x80, 0x18, 0x2C, 0x68, 0x00, 0x00, 0xFE, 0xD9, 
0x16, 0x00, 0x00, 0x84, 0x00, 0x04, 0xFE, 0xD9, 0x16, 0x00, 0x00, 0x88, 0xE4, 0x00, 0xC5, 0xD3, 
0x1D, 0x83, 0x92, 0x17, 0x4B, 0x00, 0xFC, 0xBE, 0x00, 0x20, 0x51, 0xE0, 0x0B, 0x00, 0x06, 0x80, 
0xE4, 0x00, 0xC5, 0xD3, 0x1E, 0x85, 0x92, 0x17, 0x80, 0x18, 0x2C, 0x68, 0x00, 0x08, 0xFE, 0xD9, 
0x16, 0x00, 0x00, 0x8C, 0x00, 0x0C, 0xFE, 0xD9, 0x16, 0x00, 0x00, 0x90, 0xE4, 0x00, 0xC5, 0xD3, 
0x1F, 0x87, 0x92, 0x17, 0x51, 0x00, 0xFC, 0xBE, 0x00, 0x10, 0x5D, 0xE0, 0x03, 0x00, 0x05, 0x64, 
0xFF, 0x7C, 0x7C, 0x80, 0x00, 0x10, 0x00, 0x00, 0xE4, 0x00, 0xC5, 0xD3, 0x20, 0x99, 0x92, 0x17, 
0x80, 0x18, 0x2C, 0x68, 0x00, 0x10, 0xFE, 0xD9, 0x16, 0x00, 0x00, 0x94, 0x00, 0x14, 0xFE, 0xD9, 
0x16, 0x00, 0x00, 0x98, 0xE4, 0x00, 0xC5, 0xD3, 0x21, 0x9B, 0x92, 0x17, 0x51, 0x00, 0xFC, 0xBE, 
0x00, 0x10, 0x5D, 0xE0, 0x04, 0x00, 0x05, 0x64, 0xFF, 0x7C, 0x7C, 0x80, 0x00, 0x10, 0x00, 0x00, 
0xE4, 0x00, 0xC5, 0xD3, 0x22, 0x9D, 0x92, 0x17, 0x80, 0x18, 0x2C, 0x68, 0x00, 0x18, 0xFE, 0xD9, 
0x16, 0x00, 0x00, 0x9C, 0x00, 0x1C, 0xFE, 0xD9, 0x16, 0x00, 0x00, 0xA0, 0xE4, 0x00, 0xC5, 0xD3, 
0x23, 0x9F, 0x92, 0x17, 0x54, 0x00, 0xFC, 0xBE, 0x00, 0x10, 0x5D, 0xE0, 0x03, 0x00, 0x07, 0x63, 
0xFF, 0x7C, 0x7C, 0x80, 0x00, 0x10, 0x00, 0x00, 0xE4, 0x00, 0xC5, 0xD3, 0x24, 0xB1, 0x92, 0x17, 
0x80, 0x18, 0x2C, 0x68, 0xE4, 0x00, 0xC5, 0xD3, 0x25, 0xB3, 0x92, 0x17, 0x54, 0x00, 0xFC, 0xBE, 
0x00, 0x10, 0x5D, 0xE0, 0x04, 0x00, 0x07, 0x63, 0xFF, 0x7C, 0x7C, 0x80, 0x00, 0x10, 0x00, 0x00, 
0xE4, 0x00, 0xC5, 0xD3, 0x26, 0xB5, 0x92, 0x17, 0x4E, 0x00, 0xFC, 0xBE, 0x00, 0x10, 0x5D, 0xE0, 
0x01, 0x00, 0x02, 0x62, 0xFF, 0x7C, 0x7C, 0x80, 0x00, 0x10, 0x00, 0x00, 0xE4, 0x00, 0xC5, 0xD3, 
0x27, 0xB7, 0x92, 0x17, 0x4E, 0x00, 0xFC, 0xBE, 0x00, 0x10, 0x5D, 0xE0, 0x02, 0x00, 0x02, 0x62, 
0xFF, 0x7C, 0x7C, 0x80, 0x00, 0x10, 0x00, 0x00, 0xE4, 0x00, 0xC5, 0xD3, 0x28, 0xC9, 0x92, 0x17, 
0xE4, 0x00, 0xC5, 0xD3, 0x29, 0xCB, 0x92, 0x17, 0xE4, 0x00, 0xC5, 0xD3, 0x2A, 0xCD, 0x92, 0x17, 
0xE4, 0x00, 0xC5, 0xD3, 0x2B, 0xCF, 0x92, 0x17, 0xE4, 0x00, 0xC5, 0xD3, 0x2C, 0xE1, 0x92, 0x17, 
0xE4, 0x00, 0xC5, 0xD3, 0x2D, 0xE3, 0x92, 0x17, 0xE4, 0x00, 0xC5, 0xD3, 0x2E, 0xE5, 0x92, 0x17, 
0xE4, 0x00, 0xC5, 0xD3, 0x2F, 0xE7, 0x92, 0x17, 0xE4, 0x00, 0xC5, 0xD3, 0x30, 0xF9, 0x92, 0x17, 
0xE4, 0x00, 0xC5, 0xD3, 0x31, 0xFB, 0x92, 0x17, 0xE4, 0x00, 0xC5, 0xD3, 0x32, 0xFD, 0x92, 0x17, 
0xE4, 0x00, 0xC5, 0xD3, 0x33, 0xFF, 0x92, 0x17, 0xE4, 0x00, 0xC5, 0xD3, 0x34, 0x11, 0x93, 0x17, 
0xE4, 0x00, 0xC5, 0xD3, 0x35, 0x13, 0x93, 0x17, 0xE4, 0x00, 0xC5, 0xD3, 0x36, 0x15, 0x93, 0x17, 
0xE4, 0x00, 0xC5, 0xD3, 0x37, 0x17, 0x93, 0x17, 0xE4, 0x00, 0xC5, 0xD3, 0x38, 0x29, 0x93, 0x17, 
0xE4, 0x00, 0xC5, 0xD3, 0x39, 0x2B, 0x93, 0x17, 0xE4, 0x00, 0xC5, 0xD3, 0x3A, 0x2D, 0x93, 0x17, 
0xE4, 0x00, 0xC5, 0xD3, 0x3B, 0x2F, 0x93, 0x17, 0xE8, 0x00, 0xC5, 0xD3, 0x1C, 0x89, 0x02, 0x12, 
0xE8, 0x00, 0xC5, 0xD3, 0x1D, 0x8B, 0xA2, 0x17, 0xE8, 0x00, 0xC5, 0xD3, 0x1E, 0x8D, 0xA2, 0x17, 
0xE8, 0x00, 0xC5, 0xD3, 0x1F, 0x8F, 0xA2, 0x17, 0xE8, 0x00, 0xC5, 0xD3, 0x20, 0xA1, 0xA2, 0x17, 
0xE8, 0x00, 0xC5, 0xD3, 0x21, 0xA3, 0xA2, 0x17, 0xE8, 0x00, 0xC5, 0xD3, 0x22, 0xA5, 0xA2, 0x17, 
0xE8, 0x00, 0xC5, 0xD3, 0x23, 0xA7, 0xA2, 0x17, 0xE8, 0x00, 0xC5, 0xD3, 0x24, 0xB9, 0xA2, 0x17, 
0xE8, 0x00, 0xC5, 0xD3, 0x25, 0xBB, 0xA2, 0x17, 0xE8, 0x00, 0xC5, 0xD3, 0x26, 0xBD, 0xA2, 0x17, 
0xE8, 0x00, 0xC5, 0xD3, 0x27, 0xBF, 0xA2, 0x17, 0xE8, 0x00, 0xC5, 0xD3, 0x28, 0xD1, 0xA2, 0x17, 
0xE8, 0x00, 0xC5, 0xD3, 0x29, 0xD3, 0xA2, 0x17, 0xE8, 0x00, 0xC5, 0xD3, 0x2A, 0xD5, 0xA2, 0x17, 
0xE8, 0x00, 0xC5, 0xD3, 0x2B, 0xD7, 0xA2, 0x17, 0xE8, 0x00, 0xC5, 0xD3, 0x2C, 0xE9, 0xA2, 0x17, 
0xE8, 0x00, 0xC5, 0xD3, 0x2D, 0xEB, 0xA2, 0x17, 0xE8, 0x00, 0xC5, 0xD3, 0x2E, 0xED, 0xA2, 0x17, 
0xE8, 0x00, 0xC5, 0xD3, 0x2F, 0xEF, 0xA2, 0x17, 0xE8, 0x00, 0xC5, 0xD3, 0x30, 0x01, 0xA3, 0x17, 
0xE8, 0x00, 0xC5, 0xD3, 0x31, 0x03, 0xA3, 0x17, 0xE8, 0x00, 0xC5, 0xD3, 0x32, 0x05, 0xA3, 0x17, 
0xE8, 0x00, 0xC5, 0xD3, 0x33, 0x07, 0xA3, 0x17, 0xE8, 0x00, 0xC5, 0xD3, 0x34, 0x19, 0xA3, 0x17, 
0xE8, 0x00, 0xC5, 0xD3, 0x35, 0x1B, 0xA3, 0x17, 0xE8, 0x00, 0xC5, 0xD3, 0x36, 0x1D, 0xA3, 0x17, 
0xE8, 0x00, 0xC5, 0xD3, 0x37, 0x1F, 0xA3, 0x17, 0xE8, 0x00, 0xC5, 0xD3, 0x38, 0x31, 0xA3, 0x17, 
0xB0, 0x3B, 0x3C, 0x80, 0x3C, 0x3A, 0x0A, 0xBF, 0x44, 0x80, 0x44, 0x85, 0x46, 0x80, 0x46, 0x85, 
0x45, 0x80, 0x45, 0x85, 0xE8, 0x00, 0xC5, 0xD3, 0x39, 0x33, 0xA3, 0x17, 0x45, 0x16, 0x16, 0x68, 
0x46, 0x64, 0x64, 0x80, 0xE8, 0x00, 0xC5, 0xD3, 0x3A, 0x35, 0xA3, 0x17, 0x46, 0x63, 0x63, 0x80, 
0x44, 0x62, 0x62, 0x80, 0xE8, 0x00, 0xC5, 0xD3, 0x3B, 0x37, 0xA3, 0x17, 0x3B, 0x90, 0x09, 0xBF, 
0x43, 0x42, 0x42, 0x85, 0x10, 0x00, 0x3B, 0xB7, 0x00, 0x00, 0x80, 0xBF, 0x3B, 0x3A, 0x04, 0xBF, 
0xDF, 0xEE, 0x84, 0xBF, 0x7F, 0xC0, 0x8C, 0xBF, 0x80, 0x02, 0x2C, 0x7E, 0xFF, 0x36, 0x2E, 0x68, 
0x00, 0x46, 0x02, 0x00, 0x00, 0x00, 0x1A, 0xD8, 0x17, 0x16, 0x00, 0x00, 0x00, 0x00, 0x8A, 0xBF, 
0x1C, 0x00, 0xC5, 0xD3, 0x84, 0x01, 0x02, 0x12, 0x2F, 0xC8, 0xC9, 0x0B, 0x2F, 0xCA, 0xCB, 0x0B, 
0x2F, 0xCC, 0xCD, 0x0B, 0x2F, 0xCE, 0xCF, 0x0B, 0x1C, 0x00, 0xC5, 0xD3, 0x85, 0x03, 0x72, 0x14, 
0x2F, 0xD0, 0xD1, 0x0B, 0x2F, 0xD2, 0xD3, 0x0B, 0x2F, 0xD4, 0xD5, 0x0B, 0x2F, 0xD6, 0xD7, 0x0B, 
0x1C, 0x00, 0xC5, 0xD3, 0x86, 0x05, 0x72, 0x14, 0x00, 0x10, 0x34, 0xE1, 0x07, 0xEC, 0x08, 0x80, 
0x1C, 0x00, 0xC5, 0xD3, 0x87, 0x07, 0x72, 0x14, 0x2E, 0x88, 0x3C, 0x92, 0x3C, 0x01, 0x11, 0xBF, 
0x64, 0xF1, 0xF1, 0x0B, 0x00, 0x00, 0x9C, 0xBF, 0x3C, 0x01, 0x11, 0xBF, 0x65, 0xF3, 0xF3, 0x0B, 
0x00, 0x00, 0x9C, 0xBF, 0x3C, 0x01, 0x11, 0xBF, 0x66, 0xF5, 0xF5, 0x0B, 0x00, 0x00, 0x9C, 0xBF, 
0x3C, 0x01, 0x11, 0xBF, 0x67, 0xF7, 0xF7, 0x0B, 0x00, 0x00, 0x9C, 0xBF, 0x1C, 0x00, 0xC5, 0xD3, 
0x88, 0x09, 0x72, 0x14, 0x00, 0x10, 0x34, 0xE1, 0x08, 0xED, 0x08, 0x80, 0x1C, 0x00, 0xC5, 0xD3, 
0x89, 0x0B, 0x72, 0x14, 0x2E, 0x88, 0x3C, 0x92, 0x3C, 0x01, 0x11, 0xBF, 0x68, 0xF9, 0xF9, 0x0B, 
0x00, 0x00, 0x9C, 0xBF, 0x3C, 0x01, 0x11, 0xBF, 0x69, 0xFB, 0xFB, 0x0B, 0x00, 0x00, 0x9C, 0xBF, 
0x3C, 0x01, 0x11, 0xBF, 0x6A, 0xFD, 0xFD, 0x0B, 0x00, 0x00, 0x9C, 0xBF, 0x3C, 0x01, 0x11, 0xBF, 
0x6B, 0xFF, 0xFF, 0x0B, 0x00, 0x00, 0x9C, 0xBF, 0x1C, 0x00, 0xC5, 0xD3, 0x8A, 0x0D, 0x72, 0x14, 
0xF8, 0x40, 0xB2, 0xD3, 0xFA, 0xF1, 0x03, 0x18, 0xFC, 0x40, 0xB2, 0xD3, 0xFE, 0xF9, 0x03, 0x18, 
0xF8, 0x40, 0xB2, 0xD3, 0xFC, 0xF1, 0x03, 0x18, 0xF9, 0xF1, 0xF1, 0x03, 0xF8, 0x03, 0xF2, 0x7F, 
0xF9, 0xB5, 0xF0, 0x7F, 0xF9, 0xF1, 0xF1, 0x03, 0xF8, 0x03, 0xF2, 0x7F, 0xF9, 0xB3, 0xF0, 0x7F, 
0xF9, 0xF1, 0xF1, 0x03, 0xFF, 0x36, 0x2C, 0x68, 0x00, 0x46, 0x02, 0x00, 0x00, 0x00, 0x2A, 0xD8, 
0x16, 0xF8, 0x00, 0x00, 0x1C, 0x00, 0xC5, 0xD3, 0x8B, 0x0F, 0x72, 0x14, 0x00, 0x60, 0x6C, 0xD8, 
0x0D, 0x00, 0x00, 0x44, 0x40, 0x60, 0x6C, 0xD8, 0x0D, 0x00, 0x00, 0x45, 0x80, 0x60, 0x6C, 0xD8, 
0x0D, 0x00, 0x00, 0x46, 0xC0, 0x60, 0x6C, 0xD8, 0x0D, 0x00, 0x00, 0x47, 0x00, 0x64, 0x6C, 0xD8, 
0x0D, 0x00, 0x00, 0x48, 0x40, 0x64, 0x6C, 0xD8, 0x0D, 0x00, 0x00, 0x49, 0x80, 0x64, 0x6C, 0xD8, 
0x0D, 0x00, 0x00, 0x4A, 0xC0, 0x64, 0x6C, 0xD8, 0x0D, 0x00, 0x00, 0x4B, 0x1C, 0x00, 0xC5, 0xD3, 
0x8C, 0x11, 0x72, 0x14, 0x00, 0x68, 0x6C, 0xD8, 0x0D, 0x00, 0x00, 0x4C, 0x40, 0x68, 0x6C, 0xD8, 
0x0D, 0x00, 0x00, 0x4D, 0x80, 0x68, 0x6C, 0xD8, 0x0D, 0x00, 0x00, 0x4E, 0xC0, 0x68, 0x6C, 0xD8, 
0x0D, 0x00, 0x00, 0x4F, 0x00, 0x6C, 0x6C, 0xD8, 0x0D, 0x00, 0x00, 0x50, 0x40, 0x6C, 0x6C, 0xD8, 
0x0D, 0x00, 0x00, 0x51, 0x80, 0x6C, 0x6C, 0xD8, 0x0D, 0x00, 0x00, 0x52, 0xC0, 0x6C, 0x6C, 0xD8, 
0x0D, 0x00, 0x00, 0x53, 0x1C, 0x00, 0xC5, 0xD3, 0x8D, 0x13, 0x72, 0x14, 0x00, 0x70, 0x6C, 0xD8, 
0x0D, 0x00, 0x00, 0x54, 0x40, 0x70, 0x6C, 0xD8, 0x0D, 0x00, 0x00, 0x55, 0x80, 0x70, 0x6C, 0xD8, 
0x0D, 0x00, 0x00, 0x56, 0xC0, 0x70, 0x6C, 0xD8, 0x0D, 0x00, 0x00, 0x57, 0x00, 0x74, 0x6C, 0xD8, 
0x0D, 0x00, 0x00, 0x58, 0x40, 0x74, 0x6C, 0xD8, 0x0D, 0x00, 0x00, 0x59, 0x80, 0x74, 0x6C, 0xD8, 
0x0D, 0x00, 0x00, 0x5A, 0xC0, 0x74, 0x6C, 0xD8, 0x0D, 0x00, 0x00, 0x5B, 0x1C, 0x00, 0xC5, 0xD3, 
0x8E, 0x15, 0x72, 0x14, 0x00, 0x78, 0x6C, 0xD8, 0x0D, 0x00, 0x00, 0x5C, 0x40, 0x78, 0x6C, 0xD8, 
0x0D, 0x00, 0x00, 0x5D, 0x80, 0x78, 0x6C, 0xD8, 0x0D, 0x00, 0x00, 0x5E, 0xC0, 0x78, 0x6C, 0xD8, 
0x0D, 0x00, 0x00, 0x5F, 0x00, 0x7C, 0x6C, 0xD8, 0x0D, 0x00, 0x00, 0x60, 0x40, 0x7C, 0x6C, 0xD8, 
0x0D, 0x00, 0x00, 0x61, 0x80, 0x7C, 0x6C, 0xD8, 0x0D, 0x00, 0x00, 0x62, 0xC0, 0x7C, 0x6C, 0xD8, 
0x0D, 0x00, 0x00, 0x63, 0x1C, 0x00, 0xC5, 0xD3, 0x8F, 0x17, 0x72, 0x14, 0x1C, 0x00, 0xC5, 0xD3, 
0x90, 0x19, 0x72, 0x14, 0x1C, 0x00, 0xC5, 0xD3, 0x91, 0x1B, 0x72, 0x14, 0x1C, 0x00, 0xC5, 0xD3, 
0x92, 0x1D, 0x72, 0x14, 0x1C, 0x00, 0xC5, 0xD3, 0x93, 0x1F, 0x72, 0x14, 0x1C, 0x00, 0xC5, 0xD3, 
0x94, 0x21, 0x72, 0x14, 0x1C, 0x00, 0xC5, 0xD3, 0x95, 0x23, 0x72, 0x14, 0x1C, 0x00, 0xC5, 0xD3, 
0x96, 0x25, 0x72, 0x14, 0x1C, 0x00, 0xC5, 0xD3, 0x97, 0x27, 0x72, 0x14, 0x1C, 0x00, 0xC5, 0xD3, 
0x98, 0x29, 0x72, 0x14, 0x1C, 0x00, 0xC5, 0xD3, 0x99, 0x2B, 0x72, 0x14, 0x1C, 0x00, 0xC5, 0xD3, 
0x9A, 0x2D, 0x72, 0x14, 0x1C, 0x00, 0xC5, 0xD3, 0x9B, 0x2F, 0x72, 0x14, 0x1C, 0x00, 0xC5, 0xD3, 
0x9C, 0x31, 0x72, 0x14, 0x1C, 0x00, 0xC5, 0xD3, 0x9D, 0x33, 0x72, 0x14, 0x1C, 0x00, 0xC5, 0xD3, 
0x9E, 0x35, 0x72, 0x14, 0x1C, 0x00, 0xC5, 0xD3, 0x9F, 0x37, 0x72, 0x14, 0x1C, 0x00, 0xC5, 0xD3, 
0xA0, 0x39, 0x72, 0x14, 0x1C, 0x00, 0xC5, 0xD3, 0xA1, 0x3B, 0x72, 0x14, 0x1C, 0x00, 0xC5, 0xD3, 
0xA2, 0x3D, 0x72, 0x14, 0x1C, 0x00, 0xC5, 0xD3, 0xA3, 0x3F, 0x72, 0x14, 0x20, 0x00, 0xC5, 0xD3, 
0x84, 0x21, 0x02, 0x12, 0x20, 0x00, 0xC5, 0xD3, 0x85, 0x23, 0x82, 0x14, 0x20, 0x00, 0xC5, 0xD3, 
0x86, 0x25, 0x82, 0x14, 0x20, 0x00, 0xC5, 0xD3, 0x87, 0x27, 0x82, 0x14, 0x20, 0x00, 0xC5, 0xD3, 
0x88, 0x29, 0x82, 0x14, 0x20, 0x00, 0xC5, 0xD3, 0x89, 0x2B, 0x82, 0x14, 0x20, 0x00, 0xC5, 0xD3, 
0x8A, 0x2D, 0x82, 0x14, 0x20, 0x00, 0xC5, 0xD3, 0x8B, 0x2F, 0x82, 0x14, 0x20, 0x00, 0xC5, 0xD3, 
0x8C, 0x31, 0x82, 0x14, 0x20, 0x00, 0xC5, 0xD3, 0x8D, 0x33, 0x82, 0x14, 0x20, 0x00, 0xC5, 0xD3, 
0x8E, 0x35, 0x82, 0x14, 0x20, 0x00, 0xC5, 0xD3, 0x8F, 0x37, 0x82, 0x14, 0x20, 0x00, 0xC5, 0xD3, 
0x90, 0x39, 0x82, 0x14, 0x20, 0x00, 0xC5, 0xD3, 0x91, 0x3B, 0x82, 0x14, 0x20, 0x00, 0xC5, 0xD3, 
0x92, 0x3D, 0x82, 0x14, 0x20, 0x00, 0xC5, 0xD3, 0x93, 0x3F, 0x82, 0x14, 0x20, 0x00, 0xC5, 0xD3, 
0x94, 0x41, 0x82, 0x14, 0x20, 0x00, 0xC5, 0xD3, 0x95, 0x43, 0x82, 0x14, 0x20, 0x00, 0xC5, 0xD3, 
0x96, 0x45, 0x82, 0x14, 0x20, 0x00, 0xC5, 0xD3, 0x97, 0x47, 0x82, 0x14, 0x20, 0x00, 0xC5, 0xD3, 
0x98, 0x49, 0x82, 0x14, 0x20, 0x00, 0xC5, 0xD3, 0x99, 0x4B, 0x82, 0x14, 0x20, 0x00, 0xC5, 0xD3, 
0x9A, 0x4D, 0x82, 0x14, 0x20, 0x00, 0xC5, 0xD3, 0x9B, 0x4F, 0x82, 0x14, 0x20, 0x00, 0xC5, 0xD3, 
0x9C, 0x51, 0x82, 0x14, 0x20, 0x00, 0xC5, 0xD3, 0x9D, 0x53, 0x82, 0x14, 0x20, 0x00, 0xC5, 0xD3, 
0x9E, 0x55, 0x82, 0x14, 0x20, 0x00, 0xC5, 0xD3, 0x9F, 0x57, 0x82, 0x14, 0x20, 0x00, 0xC5, 0xD3, 
0xA0, 0x59, 0x82, 0x14, 0x20, 0x00, 0xC5, 0xD3, 0xA1, 0x5B, 0x82, 0x14, 0x20, 0x00, 0xC5, 0xD3, 
0xA2, 0x5D, 0x82, 0x14, 0x20, 0x00, 0xC5, 0xD3, 0xA3, 0x5F, 0x82, 0x14, 0x7F, 0xCF, 0x8C, 0xBF, 
0x00, 0x00, 0x8A, 0xBF, 0x3C, 0x00, 0xC5, 0xD3, 0x64, 0x01, 0x03, 0x12, 0x1C, 0x00, 0xCB, 0xD1, 
0x1C, 0x73, 0xD0, 0x87, 0x1D, 0x00, 0xCB, 0xD1, 0x1D, 0x73, 0xD4, 0x87, 0x1E, 0x00, 0xCB, 0xD1, 
0x1E, 0x73, 0xD8, 0x87, 0x1F, 0x00, 0xCB, 0xD1, 0x1F, 0x73, 0xDC, 0x87, 0x3C, 0x00, 0xC5, 0xD3, 
0x65, 0x03, 0xF3, 0x14, 0x00, 0x10, 0x34, 0xE1, 0x09, 0xEE, 0x08, 0x80, 0xFF, 0x20, 0x2C, 0x68, 
0x00, 0x46, 0x02, 0x00, 0x00, 0x00, 0x6C, 0xD8, 0x16, 0x00, 0x00, 0x1A, 0x3C, 0x00, 0xC5, 0xD3, 
0x66, 0x05, 0xF3, 0x14, 0x20, 0x00, 0xCB, 0xD1, 0x20, 0x73, 0xD0, 0x87, 0x21, 0x00, 0xCB, 0xD1, 
0x21, 0x73, 0xD4, 0x87, 0x22, 0x00, 0xCB, 0xD1, 0x22, 0x73, 0xD8, 0x87, 0x23, 0x00, 0xCB, 0xD1, 
0x23, 0x73, 0xDC, 0x87, 0x3C, 0x00, 0xC5, 0xD3, 0x67, 0x07, 0xF3, 0x14, 0x00, 0x10, 0x34, 0xE1, 
0x0A, 0xEF, 0x08, 0x80, 0xFF, 0x20, 0x2C, 0x68, 0x00, 0x46, 0x02, 0x00, 0x3C, 0x00, 0xC5, 0xD3, 
0x68, 0x09, 0xF3, 0x14, 0x24, 0x00, 0xCB, 0xD1, 0x24, 0x73, 0xD0, 0x87, 0x25, 0x00, 0xCB, 0xD1, 
0x25, 0x73, 0xD4, 0x87, 0x26, 0x00, 0xCB, 0xD1, 0x26, 0x73, 0xD8, 0x87, 0x27, 0x00, 0xCB, 0xD1, 
0x27, 0x73, 0xDC, 0x87, 0x1C, 0x41, 0x38, 0x7E, 0xFF, 0x02, 0x2C, 0x7E, 0x07, 0x02, 0x00, 0x00, 
0x3C, 0x00, 0x10, 0xD0, 0x1C, 0x2D, 0x02, 0x00, 0x00, 0x00, 0x80, 0xBF, 0x1C, 0x00, 0x00, 0xD1, 
0x1C, 0x01, 0xF1, 0x00, 0x1D, 0x41, 0x3A, 0x7E, 0xFF, 0x02, 0x2C, 0x7E, 0x07, 0x02, 0x00, 0x00, 
0x3C, 0x00, 0x10, 0xD0, 0x1D, 0x2D, 0x02, 0x00, 0x00, 0x00, 0x80, 0xBF, 0x1D, 0x00, 0x00, 0xD1, 
0x1D, 0x01, 0xF1, 0x00, 0x3C, 0x00, 0xC5, 0xD3, 0x69, 0x0B, 0xF3, 0x14, 0x80, 0x1A, 0x2C, 0x68, 
0x00, 0x00, 0x6C, 0xD8, 0x16, 0x00, 0x00, 0x84, 0x40, 0x00, 0x6C, 0xD8, 0x16, 0x00, 0x00, 0x85, 
0x80, 0x00, 0x6C, 0xD8, 0x16, 0x00, 0x00, 0x86, 0xC0, 0x00, 0x6C, 0xD8, 0x16, 0x00, 0x00, 0x87, 
0x3C, 0x00, 0xC5, 0xD3, 0x6A, 0x0D, 0xF3, 0x14, 0x28, 0x00, 0xCB, 0xD1, 0x28, 0x73, 0xD0, 0x87, 
0x29, 0x00, 0xCB, 0xD1, 0x29, 0x73, 0xD4, 0x87, 0x2A, 0x00, 0xCB, 0xD1, 0x2A, 0x73, 0xD8, 0x87, 
0x2B, 0x00, 0xCB, 0xD1, 0x2B, 0x73, 0xDC, 0x87, 0x1E, 0x41, 0x3C, 0x7E, 0xFF, 0x02, 0x2C, 0x7E, 
0x07, 0x02, 0x00, 0x00, 0x3C, 0x00, 0x10, 0xD0, 0x1E, 0x2D, 0x02, 0x00, 0x00, 0x00, 0x80, 0xBF, 
0x1E, 0x00, 0x00, 0xD1, 0x1E, 0x01, 0xF1, 0x00, 0x1F, 0x41, 0x3E, 0x7E, 0xFF, 0x02, 0x2C, 0x7E, 
0x07, 0x02, 0x00, 0x00, 0x3C, 0x00, 0x10, 0xD0, 0x1F, 0x2D, 0x02, 0x00, 0x00, 0x00, 0x80, 0xBF, 
0x1F, 0x00, 0x00, 0xD1, 0x1F, 0x01, 0xF1, 0x00, 0x3C, 0x00, 0xC5, 0xD3, 0x6B, 0x0F, 0xF3, 0x14, 
0x80, 0x1A, 0x2C, 0x68, 0x00, 0x04, 0x6C, 0xD8, 0x16, 0x00, 0x00, 0x88, 0x40, 0x04, 0x6C, 0xD8, 
0x16, 0x00, 0x00, 0x89, 0x80, 0x04, 0x6C, 0xD8, 0x16, 0x00, 0x00, 0x8A, 0xC0, 0x04, 0x6C, 0xD8, 
0x16, 0x00, 0x00, 0x8B, 0x3C, 0x00, 0xC5, 0xD3, 0x6C, 0x11, 0xF3, 0x14, 0x20, 0x41, 0x40, 0x7E, 
0xFF, 0x02, 0x2C, 0x7E, 0x07, 0x02, 0x00, 0x00, 0x3C, 0x00, 0x10, 0xD0, 0x20, 0x2D, 0x02, 0x00, 
0x00, 0x00, 0x80, 0xBF, 0x20, 0x00, 0x00, 0xD1, 0x20, 0x01, 0xF1, 0x00, 0x21, 0x41, 0x42, 0x7E, 
0xFF, 0x02, 0x2C, 0x7E, 0x07, 0x02, 0x00, 0x00, 0x3C, 0x00, 0x10, 0xD0, 0x21, 0x2D, 0x02, 0x00, 
0x00, 0x00, 0x80, 0xBF, 0x21, 0x00, 0x00, 0xD1, 0x21, 0x01, 0xF1, 0x00, 0x3C, 0x00, 0xC5, 0xD3, 
0x6D, 0x13, 0xF3, 0x14, 0x80, 0x1A, 0x2C, 0x68, 0x00, 0x08, 0x6C, 0xD8, 0x16, 0x00, 0x00, 0x8C, 
0x40, 0x08, 0x6C, 0xD8, 0x16, 0x00, 0x00, 0x8D, 0x80, 0x08, 0x6C, 0xD8, 0x16, 0x00, 0x00, 0x8E, 
0xC0, 0x08, 0x6C, 0xD8, 0x16, 0x00, 0x00, 0x8F, 0x3C, 0x00, 0xC5, 0xD3, 0x6E, 0x15, 0xF3, 0x14, 
0x22, 0x41, 0x44, 0x7E, 0xFF, 0x02, 0x2C, 0x7E, 0x07, 0x02, 0x00, 0x00, 0x3C, 0x00, 0x10, 0xD0, 
0x22, 0x2D, 0x02, 0x00, 0x00, 0x00, 0x80, 0xBF, 0x22, 0x00, 0x00, 0xD1, 0x22, 0x01, 0xF1, 0x00, 
0x23, 0x41, 0x46, 0x7E, 0xFF, 0x02, 0x2C, 0x7E, 0x07, 0x02, 0x00, 0x00, 0x3C, 0x00, 0x10, 0xD0, 
0x23, 0x2D, 0x02, 0x00, 0x00, 0x00, 0x80, 0xBF, 0x23, 0x00, 0x00, 0xD1, 0x23, 0x01, 0xF1, 0x00, 
0x3C, 0x00, 0xC5, 0xD3, 0x6F, 0x17, 0xF3, 0x14, 0x80, 0x1A, 0x2C, 0x68, 0x00, 0x0C, 0x6C, 0xD8, 
0x16, 0x00, 0x00, 0x90, 0x40, 0x0C, 0x6C, 0xD8, 0x16, 0x00, 0x00, 0x91, 0x80, 0x0C, 0x6C, 0xD8, 
0x16, 0x00, 0x00, 0x92, 0xC0, 0x0C, 0x6C, 0xD8, 0x16, 0x00, 0x00, 0x93, 0x3C, 0x00, 0xC5, 0xD3, 
0x70, 0x19, 0xF3, 0x14, 0x24, 0x41, 0x48, 0x7E, 0xFF, 0x02, 0x2C, 0x7E, 0x07, 0x02, 0x00, 0x00, 
0x3C, 0x00, 0x10, 0xD0, 0x24, 0x2D, 0x02, 0x00, 0x00, 0x00, 0x80, 0xBF, 0x24, 0x00, 0x00, 0xD1, 
0x24, 0x01, 0xF1, 0x00, 0x25, 0x41, 0x4A, 0x7E, 0xFF, 0x02, 0x2C, 0x7E, 0x07, 0x02, 0x00, 0x00, 
0x3C, 0x00, 0x10, 0xD0, 0x25, 0x2D, 0x02, 0x00, 0x00, 0x00, 0x80, 0xBF, 0x25, 0x00, 0x00, 0xD1, 
0x25, 0x01, 0xF1, 0x00, 0x3C, 0x00, 0xC5, 0xD3, 0x71, 0x1B, 0xF3, 0x14, 0x80, 0x1A, 0x2C, 0x68, 
0x00, 0x10, 0x6C, 0xD8, 0x16, 0x00, 0x00, 0x94, 0x40, 0x10, 0x6C, 0xD8, 0x16, 0x00, 0x00, 0x95, 
0x80, 0x10, 0x6C, 0xD8, 0x16, 0x00, 0x00, 0x96, 0xC0, 0x10, 0x6C, 0xD8, 0x16, 0x00, 0x00, 0x97, 
0x3C, 0x00, 0xC5, 0xD3, 0x72, 0x1D, 0xF3, 0x14, 0x26, 0x41, 0x4C, 0x7E, 0xFF, 0x02, 0x2C, 0x7E, 
0x07, 0x02, 0x00, 0x00, 0x3C, 0x00, 0x10, 0xD0, 0x26, 0x2D, 0x02, 0x00, 0x00, 0x00, 0x80, 0xBF, 
0x26, 0x00, 0x00, 0xD1, 0x26, 0x01, 0xF1, 0x00, 0x27, 0x41, 0x4E, 0x7E, 0xFF, 0x02, 0x2C, 0x7E, 
0x07, 0x02, 0x00, 0x00, 0x3C, 0x00, 0x10, 0xD0, 0x27, 0x2D, 0x02, 0x00, 0x00, 0x00, 0x80, 0xBF, 
0x27, 0x00, 0x00, 0xD1, 0x27, 0x01, 0xF1, 0x00, 0x3C, 0x00, 0xC5, 0xD3, 0x73, 0x1F, 0xF3, 0x14, 
0x80, 0x1A, 0x2C, 0x68, 0x00, 0x14, 0x6C, 0xD8, 0x16, 0x00, 0x00, 0x98, 0x40, 0x14, 0x6C, 0xD8, 
0x16, 0x00, 0x00, 0x99, 0x80, 0x14, 0x6C, 0xD8, 0x16, 0x00, 0x00, 0x9A, 0xC0, 0x14, 0x6C, 0xD8, 
0x16, 0x00, 0x00, 0x9B, 0x3C, 0x00, 0xC5, 0xD3, 0x74, 0x21, 0xF3, 0x14, 0x28, 0x41, 0x50, 0x7E, 
0xFF, 0x02, 0x2C, 0x7E, 0x07, 0x02, 0x00, 0x00, 0x3C, 0x00, 0x10, 0xD0, 0x28, 0x2D, 0x02, 0x00, 
0x00, 0x00, 0x80, 0xBF, 0x28, 0x00, 0x00, 0xD1, 0x28, 0x01, 0xF1, 0x00, 0x29, 0x41, 0x52, 0x7E, 
0xFF, 0x02, 0x2C, 0x7E, 0x07, 0x02, 0x00, 0x00, 0x3C, 0x00, 0x10, 0xD0, 0x29, 0x2D, 0x02, 0x00, 
0x00, 0x00, 0x80, 0xBF, 0x29, 0x00, 0x00, 0xD1, 0x29, 0x01, 0xF1, 0x00, 0x3C, 0x00, 0xC5, 0xD3, 
0x75, 0x23, 0xF3, 0x14, 0x80, 0x1A, 0x2C, 0x68, 0x00, 0x18, 0x6C, 0xD8, 0x16, 0x00, 0x00, 0x9C, 
0x40, 0x18, 0x6C, 0xD8, 0x16, 0x00, 0x00, 0x9D, 0x80, 0x18, 0x6C, 0xD8, 0x16, 0x00, 0x00, 0x9E, 
0xC0, 0x18, 0x6C, 0xD8, 0x16, 0x00, 0x00, 0x9F, 0x3C, 0x00, 0xC5, 0xD3, 0x76, 0x25, 0xF3, 0x14, 
0x2A, 0x41, 0x54, 0x7E, 0xFF, 0x02, 0x2C, 0x7E, 0x07, 0x02, 0x00, 0x00, 0x3C, 0x00, 0x10, 0xD0, 
0x2A, 0x2D, 0x02, 0x00, 0x00, 0x00, 0x80, 0xBF, 0x2A, 0x00, 0x00, 0xD1, 0x2A, 0x01, 0xF1, 0x00, 
0x2B, 0x41, 0x56, 0x7E, 0xFF, 0x02, 0x2C, 0x7E, 0x07, 0x02, 0x00, 0x00, 0x3C, 0x00, 0x10, 0xD0, 
0x2B, 0x2D, 0x02, 0x00, 0x00, 0x00, 0x80, 0xBF, 0x2B, 0x00, 0x00, 0xD1, 0x2B, 0x01, 0xF1, 0x00, 
0x3C, 0x00, 0xC5, 0xD3, 0x77, 0x27, 0xF3, 0x14, 0x80, 0x1A, 0x2C, 0x68, 0x00, 0x1C, 0x6C, 0xD8, 
0x16, 0x00, 0x00, 0xA0, 0x40, 0x1C, 0x6C, 0xD8, 0x16, 0x00, 0x00, 0xA1, 0x80, 0x1C, 0x6C, 0xD8, 
0x16, 0x00, 0x00, 0xA2, 0xC0, 0x1C, 0x6C, 0xD8, 0x16, 0x00, 0x00, 0xA3, 0x3C, 0x00, 0xC5, 0xD3, 
0x78, 0x29, 0xF3, 0x14, 0x3C, 0x00, 0xC5, 0xD3, 0x79, 0x2B, 0xF3, 0x14, 0x3C, 0x00, 0xC5, 0xD3, 
0x7A, 0x2D, 0xF3, 0x14, 0x3C, 0x00, 0xC5, 0xD3, 0x7B, 0x2F, 0xF3, 0x14, 0x3C, 0x00, 0xC5, 0xD3, 
0x7C, 0x31, 0xF3, 0x14, 0x3C, 0x00, 0xC5, 0xD3, 0x7D, 0x33, 0xF3, 0x14, 0x3C, 0x00, 0xC5, 0xD3, 
0x7E, 0x35, 0xF3, 0x14, 0x3C, 0x00, 0xC5, 0xD3, 0x7F, 0x37, 0xF3, 0x14, 0x3C, 0x00, 0xC5, 0xD3, 
0x80, 0x39, 0xF3, 0x14, 0x3C, 0x00, 0xC5, 0xD3, 0x81, 0x3B, 0xF3, 0x14, 0x3C, 0x00, 0xC5, 0xD3, 
0x82, 0x3D, 0xF3, 0x14, 0x3C, 0x00, 0xC5, 0xD3, 0x83, 0x3F, 0xF3, 0x14, 0x40, 0x00, 0xC5, 0xD3, 
0x64, 0x21, 0x03, 0x12, 0x40, 0x00, 0xC5, 0xD3, 0x65, 0x23, 0x03, 0x15, 0x40, 0x00, 0xC5, 0xD3, 
0x66, 0x25, 0x03, 0x15, 0x40, 0x00, 0xC5, 0xD3, 0x67, 0x27, 0x03, 0x15, 0x40, 0x00, 0xC5, 0xD3, 
0x68, 0x29, 0x03, 0x15, 0x40, 0x00, 0xC5, 0xD3, 0x69, 0x2B, 0x03, 0x15, 0x40, 0x00, 0xC5, 0xD3, 
0x6A, 0x2D, 0x03, 0x15, 0x40, 0x00, 0xC5, 0xD3, 0x6B, 0x2F, 0x03, 0x15, 0x40, 0x00, 0xC5, 0xD3, 
0x6C, 0x31, 0x03, 0x15, 0x40, 0x00, 0xC5, 0xD3, 0x6D, 0x33, 0x03, 0x15, 0x40, 0x00, 0xC5, 0xD3, 
0x6E, 0x35, 0x03, 0x15, 0x40, 0x00, 0xC5, 0xD3, 0x6F, 0x37, 0x03, 0x15, 0x40, 0x00, 0xC5, 0xD3, 
0x70, 0x39, 0x03, 0x15, 0x40, 0x00, 0xC5, 0xD3, 0x71, 0x3B, 0x03, 0x15, 0x40, 0x00, 0xC5, 0xD3, 
0x72, 0x3D, 0x03, 0x15, 0x40, 0x00, 0xC5, 0xD3, 0x73, 0x3F, 0x03, 0x15, 0x40, 0x00, 0xC5, 0xD3, 
0x74, 0x41, 0x03, 0x15, 0x40, 0x00, 0xC5, 0xD3, 0x75, 0x43, 0x03, 0x15, 0x40, 0x00, 0xC5, 0xD3, 
0x76, 0x45, 0x03, 0x15, 0x40, 0x00, 0xC5, 0xD3, 0x77, 0x47, 0x03, 0x15, 0x40, 0x00, 0xC5, 0xD3, 
0x78, 0x49, 0x03, 0x15, 0x40, 0x00, 0xC5, 0xD3, 0x79, 0x4B, 0x03, 0x15, 0x40, 0x00, 0xC5, 0xD3, 
0x7A, 0x4D, 0x03, 0x15, 0x40, 0x00, 0xC5, 0xD3, 0x7B, 0x4F, 0x03, 0x15, 0x40, 0x00, 0xC5, 0xD3, 
0x7C, 0x51, 0x03, 0x15, 0x40, 0x00, 0xC5, 0xD3, 0x7D, 0x53, 0x03, 0x15, 0x40, 0x00, 0xC5, 0xD3, 
0x7E, 0x55, 0x03, 0x15, 0x40, 0x00, 0xC5, 0xD3, 0x7F, 0x57, 0x03, 0x15, 0x40, 0x00, 0xC5, 0xD3, 
0x80, 0x59, 0x03, 0x15, 0x40, 0x00, 0xC5, 0xD3, 0x81, 0x5B, 0x03, 0x15, 0x40, 0x00, 0xC5, 0xD3, 
0x82, 0x5D, 0x03, 0x15, 0x40, 0x00, 0xC5, 0xD3, 0x83, 0x5F, 0x03, 0x15, 0x7F, 0xCF, 0x8C, 0xBF, 
0x7A, 0x0F, 0x8C, 0xBF, 0x00, 0x00, 0x8A, 0xBF, 0xA4, 0x00, 0xC5, 0xD3, 0x44, 0x39, 0x92, 0x06, 
0xFA, 0x78, 0x78, 0x06, 0x1A, 0x00, 0x00, 0xFF, 0xFA, 0x7A, 0x7A, 0x06, 0x1A, 0x55, 0x00, 0xFF, 
0xFA, 0x7C, 0x7C, 0x06, 0x1A, 0xAA, 0x00, 0xFF, 0xFA, 0x7E, 0x7E, 0x06, 0x1A, 0xFF, 0x00, 0xFF, 
0x1C, 0x79, 0x78, 0x0A, 0x1D, 0x7B, 0x7A, 0x0A, 0x1E, 0x7D, 0x7C, 0x0A, 0x1F, 0x7F, 0x7E, 0x0A, 
0xA4, 0x00, 0xC5, 0xD3, 0x45, 0x3B, 0x92, 0x06, 0xFF, 0x20, 0x2C, 0x68, 0x00, 0x22, 0x01, 0x00, 
0x00, 0x00, 0x6C, 0xD8, 0x16, 0x00, 0x00, 0xF4, 0x40, 0x10, 0x34, 0xE1, 0x07, 0xF0, 0x08, 0x80, 
0xA4, 0x00, 0xC5, 0xD3, 0x46, 0x3D, 0x92, 0x06, 0xFA, 0x80, 0x80, 0x06, 0x1A, 0x00, 0x00, 0xFF, 
0xFA, 0x82, 0x82, 0x06, 0x1A, 0x55, 0x00, 0xFF, 0xFA, 0x84, 0x84, 0x06, 0x1A, 0xAA, 0x00, 0xFF, 
0xFA, 0x86, 0x86, 0x06, 0x1A, 0xFF, 0x00, 0xFF, 0x20, 0x81, 0x80, 0x0A, 0x21, 0x83, 0x82, 0x0A, 
0x22, 0x85, 0x84, 0x0A, 0x23, 0x87, 0x86, 0x0A, 0xA4, 0x00, 0xC5, 0xD3, 0x47, 0x3F, 0x92, 0x06, 
0xFF, 0x20, 0x2C, 0x68, 0x00, 0x22, 0x01, 0x00, 0x40, 0x10, 0x34, 0xE1, 0x08, 0xF1, 0x08, 0x80, 
0xA8, 0x00, 0xC5, 0xD3, 0x48, 0x39, 0xA2, 0x06, 0xFA, 0x88, 0x88, 0x06, 0x1A, 0x00, 0x00, 0xFF, 
0xFA, 0x8A, 0x8A, 0x06, 0x1A, 0x55, 0x00, 0xFF, 0xFA, 0x8C, 0x8C, 0x06, 0x1A, 0xAA, 0x00, 0xFF, 
0xFA, 0x8E, 0x8E, 0x06, 0x1A, 0xFF, 0x00, 0xFF, 0x24, 0x89, 0x88, 0x0A, 0x25, 0x8B, 0x8A, 0x0A, 
0x26, 0x8D, 0x8C, 0x0A, 0x27, 0x8F, 0x8E, 0x0A, 0xA8, 0x00, 0xC5, 0xD3, 0x49, 0x3B, 0xA2, 0x06, 
0xFF, 0x20, 0x2C, 0x68, 0x00, 0x22, 0x01, 0x00, 0x40, 0x10, 0x34, 0xE1, 0x09, 0xF2, 0x08, 0x80, 
0xA8, 0x00, 0xC5, 0xD3, 0x4A, 0x3D, 0xA2, 0x06, 0xFA, 0x90, 0x90, 0x06, 0x1A, 0x00, 0x00, 0xFF, 
0xFA, 0x92, 0x92, 0x06, 0x1A, 0x55, 0x00, 0xFF, 0xFA, 0x94, 0x94, 0x06, 0x1A, 0xAA, 0x00, 0xFF, 
0xFA, 0x96, 0x96, 0x06, 0x1A, 0xFF, 0x00, 0xFF, 0x28, 0x91, 0x90, 0x0A, 0x29, 0x93, 0x92, 0x0A, 
0x2A, 0x95, 0x94, 0x0A, 0x2B, 0x97, 0x96, 0x0A, 0xA8, 0x00, 0xC5, 0xD3, 0x4B, 0x3F, 0xA2, 0x06, 
0xFF, 0x20, 0x2C, 0x68, 0x00, 0x22, 0x01, 0x00, 0x40, 0x10, 0x34, 0xE1, 0x0A, 0xF3, 0x08, 0x80, 
0xAC, 0x00, 0xC5, 0xD3, 0x4C, 0x39, 0xB2, 0x06, 0xFF, 0x1E, 0x2C, 0x68, 0x00, 0x26, 0x02, 0x00, 
0x00, 0x00, 0x1A, 0xD8, 0x16, 0x3C, 0x00, 0x00, 0x40, 0x00, 0x1A, 0xD8, 0x16, 0x3D, 0x00, 0x00, 
0x80, 0x00, 0x1A, 0xD8, 0x16, 0x3E, 0x00, 0x00, 0xC0, 0x00, 0x1A, 0xD8, 0x16, 0x3F, 0x00, 0x00, 
0xAC, 0x00, 0xC5, 0xD3, 0x4D, 0x3B, 0xB2, 0x06, 0xFF, 0x1E, 0x2C, 0x68, 0x00, 0x26, 0x02, 0x00, 
0x00, 0x10, 0x1A, 0xD8, 0x16, 0x40, 0x00, 0x00, 0x40, 0x10, 0x1A, 0xD8, 0x16, 0x41, 0x00, 0x00, 
0x80, 0x10, 0x1A, 0xD8, 0x16, 0x42, 0x00, 0x00, 0xC0, 0x10, 0x1A, 0xD8, 0x16, 0x43, 0x00, 0x00, 
0xAC, 0x00, 0xC5, 0xD3, 0x4E, 0x3D, 0xB2, 0x06, 0x7C, 0x0F, 0x8C, 0xBF, 0x00, 0x00, 0x8A, 0xBF, 
0xFF, 0x18, 0x2C, 0x68, 0x00, 0x60, 0x00, 0x00, 0x00, 0x20, 0xFE, 0xD9, 0x16, 0x00, 0x00, 0x64, 
0xAC, 0x00, 0xC5, 0xD3, 0x4F, 0x3F, 0xB2, 0x06, 0xFF, 0x18, 0x2C, 0x68, 0x00, 0x60, 0x00, 0x00, 
0x00, 0x24, 0xFE, 0xD9, 0x16, 0x00, 0x00, 0x68, 0xB0, 0x00, 0xC5, 0xD3, 0x50, 0x39, 0xC2, 0x06, 
0xFF, 0x18, 0x2C, 0x68, 0x00, 0x60, 0x00, 0x00, 0x00, 0x28, 0xFE, 0xD9, 0x16, 0x00, 0x00, 0x6C, 
0xB0, 0x00, 0xC5, 0xD3, 0x51, 0x3B, 0xC2, 0x06, 0xFF, 0x18, 0x2C, 0x68, 0x00, 0x60, 0x00, 0x00, 
0x00, 0x2C, 0xFE, 0xD9, 0x16, 0x00, 0x00, 0x70, 0xB0, 0x00, 0xC5, 0xD3, 0x52, 0x3D, 0xC2, 0x06, 
0xFF, 0x18, 0x2C, 0x68, 0x00, 0x60, 0x00, 0x00, 0x00, 0x30, 0xFE, 0xD9, 0x16, 0x00, 0x00, 0x74, 
0xB0, 0x00, 0xC5, 0xD3, 0x53, 0x3F, 0xC2, 0x06, 0xFF, 0x18, 0x2C, 0x68, 0x00, 0x60, 0x00, 0x00, 
0x00, 0x34, 0xFE, 0xD9, 0x16, 0x00, 0x00, 0x78, 0xB4, 0x00, 0xC5, 0xD3, 0x54, 0x39, 0xD2, 0x06, 
0xFF, 0x18, 0x2C, 0x68, 0x00, 0x60, 0x00, 0x00, 0x00, 0x38, 0xFE, 0xD9, 0x16, 0x00, 0x00, 0x7C, 
0xB4, 0x00, 0xC5, 0xD3, 0x55, 0x3B, 0xD2, 0x06, 0xFF, 0x18, 0x2C, 0x68, 0x00, 0x60, 0x00, 0x00, 
0x00, 0x3C, 0xFE, 0xD9, 0x16, 0x00, 0x00, 0x80, 0xB4, 0x00, 0xC5, 0xD3, 0x56, 0x3D, 0xD2, 0x06, 
0xFF, 0x18, 0x2C, 0x68, 0x00, 0x60, 0x00, 0x00, 0xB4, 0x00, 0xC5, 0xD3, 0x57, 0x3F, 0xD2, 0x06, 
0xFF, 0x18, 0x2C, 0x68, 0x00, 0x60, 0x00, 0x00, 0xB8, 0x00, 0xC5, 0xD3, 0x58, 0x39, 0xE2, 0x06, 
0xFF, 0x18, 0x2C, 0x68, 0x00, 0x60, 0x00, 0x00, 0xB8, 0x00, 0xC5, 0xD3, 0x59, 0x3B, 0xE2, 0x06, 
0xFF, 0x18, 0x2C, 0x68, 0x00, 0x60, 0x00, 0x00, 0xB8, 0x00, 0xC5, 0xD3, 0x5A, 0x3D, 0xE2, 0x06, 
0xFF, 0x18, 0x2C, 0x68, 0x00, 0x60, 0x00, 0x00, 0xB8, 0x00, 0xC5, 0xD3, 0x5B, 0x3F, 0xE2, 0x06, 
0xFF, 0x18, 0x2C, 0x68, 0x00, 0x60, 0x00, 0x00, 0xBC, 0x00, 0xC5, 0xD3, 0x5C, 0x39, 0xF2, 0x06, 
0xFF, 0x18, 0x2C, 0x68, 0x00, 0x60, 0x00, 0x00, 0xBC, 0x00, 0xC5, 0xD3, 0x5D, 0x3B, 0xF2, 0x06, 
0xFF, 0x18, 0x2C, 0x68, 0x00, 0x60, 0x00, 0x00, 0xBC, 0x00, 0xC5, 0xD3, 0x5E, 0x3D, 0xF2, 0x06, 
0xFF, 0x18, 0x2C, 0x68, 0x00, 0x60, 0x00, 0x00, 0xBC, 0x00, 0xC5, 0xD3, 0x5F, 0x3F, 0xF2, 0x06, 
0xFF, 0x18, 0x2C, 0x68, 0x00, 0x60, 0x00, 0x00, 0xC0, 0x00, 0xC5, 0xD3, 0x60, 0x39, 0x02, 0x07, 
0xFF, 0x18, 0x2C, 0x68, 0x00, 0x60, 0x00, 0x00, 0xC0, 0x00, 0xC5, 0xD3, 0x61, 0x3B, 0x02, 0x07, 
0xFF, 0x18, 0x2C, 0x68, 0x00, 0x60, 0x00, 0x00, 0xC0, 0x00, 0xC5, 0xD3, 0x62, 0x3D, 0x02, 0x07, 
0xFF, 0x18, 0x2C, 0x68, 0x00, 0x60, 0x00, 0x00, 0xC0, 0x00, 0xC5, 0xD3, 0x63, 0x3F, 0x02, 0x07, 
0xFF, 0x18, 0x2C, 0x68, 0x00, 0x60, 0x00, 0x00, 0xC4, 0x00, 0xC5, 0xD3, 0x44, 0x41, 0x12, 0x07, 
0xFF, 0x18, 0x2C, 0x68, 0x00, 0x60, 0x00, 0x00, 0xC4, 0x00, 0xC5, 0xD3, 0x45, 0x43, 0x12, 0x07, 
0xFF, 0x18, 0x2C, 0x68, 0x00, 0x60, 0x00, 0x00, 0xC4, 0x00, 0xC5, 0xD3, 0x46, 0x45, 0x12, 0x07, 
0xFF, 0x18, 0x2C, 0x68, 0x00, 0x60, 0x00, 0x00, 0xC4, 0x00, 0xC5, 0xD3, 0x47, 0x47, 0x12, 0x07, 
0xFF, 0x18, 0x2C, 0x68, 0x00, 0x60, 0x00, 0x00, 0xC8, 0x00, 0xC5, 0xD3, 0x48, 0x41, 0x22, 0x07, 
0xFF, 0x18, 0x2C, 0x68, 0x00, 0x60, 0x00, 0x00, 0xC8, 0x00, 0xC5, 0xD3, 0x49, 0x43, 0x22, 0x07, 
0xFF, 0x18, 0x2C, 0x68, 0x00, 0x60, 0x00, 0x00, 0xC8, 0x00, 0xC5, 0xD3, 0x4A, 0x45, 0x22, 0x07, 
0xFF, 0x18, 0x2C, 0x68, 0x00, 0x60, 0x00, 0x00, 0xC8, 0x00, 0xC5, 0xD3, 0x4B, 0x47, 0x22, 0x07, 
0xFF, 0x18, 0x2C, 0x68, 0x00, 0x60, 0x00, 0x00, 0xCC, 0x00, 0xC5, 0xD3, 0x4C, 0x41, 0x32, 0x07, 
0xFF, 0x18, 0x2C, 0x68, 0x00, 0x60, 0x00, 0x00, 0xCC, 0x00, 0xC5, 0xD3, 0x4D, 0x43, 0x32, 0x07, 
0xFF, 0x18, 0x2C, 0x68, 0x00, 0x60, 0x00, 0x00, 0xCC, 0x00, 0xC5, 0xD3, 0x4E, 0x45, 0x32, 0x07, 
0xFF, 0x18, 0x2C, 0x68, 0x00, 0x60, 0x00, 0x00, 0xCC, 0x00, 0xC5, 0xD3, 0x4F, 0x47, 0x32, 0x07, 
0xFF, 0x18, 0x2C, 0x68, 0x00, 0x60, 0x00, 0x00, 0xD0, 0x00, 0xC5, 0xD3, 0x50, 0x41, 0x42, 0x07, 
0xFF, 0x18, 0x2C, 0x68, 0x00, 0x60, 0x00, 0x00, 0xD0, 0x00, 0xC5, 0xD3, 0x51, 0x43, 0x42, 0x07, 
0xFF, 0x18, 0x2C, 0x68, 0x00, 0x60, 0x00, 0x00, 0xD0, 0x00, 0xC5, 0xD3, 0x52, 0x45, 0x42, 0x07, 
0xFF, 0x18, 0x2C, 0x68, 0x00, 0x60, 0x00, 0x00, 0xD0, 0x00, 0xC5, 0xD3, 0x53, 0x47, 0x42, 0x07, 
0xFF, 0x18, 0x2C, 0x68, 0x00, 0x60, 0x00, 0x00, 0xD4, 0x00, 0xC5, 0xD3, 0x54, 0x41, 0x52, 0x07, 
0xFF, 0x18, 0x2C, 0x68, 0x00, 0x60, 0x00, 0x00, 0xD4, 0x00, 0xC5, 0xD3, 0x55, 0x43, 0x52, 0x07, 
0xFF, 0x18, 0x2C, 0x68, 0x00, 0x60, 0x00, 0x00, 0xD4, 0x00, 0xC5, 0xD3, 0x56, 0x45, 0x52, 0x07, 
0xFF, 0x18, 0x2C, 0x68, 0x00, 0x60, 0x00, 0x00, 0xD4, 0x00, 0xC5, 0xD3, 0x57, 0x47, 0x52, 0x07, 
0xFF, 0x18, 0x2C, 0x68, 0x00, 0x60, 0x00, 0x00, 0xD8, 0x00, 0xC5, 0xD3, 0x58, 0x41, 0x62, 0x07, 
0xFF, 0x18, 0x2C, 0x68, 0x00, 0x60, 0x00, 0x00, 0xD8, 0x00, 0xC5, 0xD3, 0x59, 0x43, 0x62, 0x07, 
0xFF, 0x18, 0x2C, 0x68, 0x00, 0x60, 0x00, 0x00, 0xD8, 0x00, 0xC5, 0xD3, 0x5A, 0x45, 0x62, 0x07, 
0xFF, 0x18, 0x2C, 0x68, 0x00, 0x60, 0x00, 0x00, 0xD8, 0x00, 0xC5, 0xD3, 0x5B, 0x47, 0x62, 0x07, 
0xFF, 0x18, 0x2C, 0x68, 0x00, 0x60, 0x00, 0x00, 0xDC, 0x00, 0xC5, 0xD3, 0x5C, 0x41, 0x72, 0x07, 
0xFF, 0x18, 0x2C, 0x68, 0x00, 0x60, 0x00, 0x00, 0xDC, 0x00, 0xC5, 0xD3, 0x5D, 0x43, 0x72, 0x07, 
0xFF, 0x18, 0x2C, 0x68, 0x00, 0x60, 0x00, 0x00, 0xDC, 0x00, 0xC5, 0xD3, 0x5E, 0x45, 0x72, 0x07, 
0xFF, 0x18, 0x2C, 0x68, 0x00, 0x60, 0x00, 0x00, 0xDC, 0x00, 0xC5, 0xD3, 0x5F, 0x47, 0x72, 0x07, 
0xFF, 0x18, 0x2C, 0x68, 0x00, 0x60, 0x00, 0x00, 0xE0, 0x00, 0xC5, 0xD3, 0x60, 0x41, 0x82, 0x07, 
0xFF, 0x18, 0x2C, 0x68, 0x00, 0x60, 0x00, 0x00, 0xE0, 0x00, 0xC5, 0xD3, 0x61, 0x43, 0x82, 0x07, 
0xFF, 0x18, 0x2C, 0x68, 0x00, 0x60, 0x00, 0x00, 0xE0, 0x00, 0xC5, 0xD3, 0x62, 0x45, 0x82, 0x07, 
0xFF, 0x18, 0x2C, 0x68, 0x00, 0x60, 0x00, 0x00, 0xE0, 0x00, 0xC5, 0xD3, 0x63, 0x47, 0x82, 0x07, 
0xFF, 0x18, 0x2C, 0x68, 0x00, 0x60, 0x00, 0x00, 0x7F, 0xC8, 0x8C, 0xBF, 0x00, 0x00, 0x8A, 0xBF, 
0xC0, 0x80, 0xC5, 0xD3, 0x84, 0x79, 0x02, 0x07, 0x30, 0xE8, 0xE9, 0x0B, 0xFA, 0x02, 0xEE, 0x7F, 
0xF4, 0xFF, 0x00, 0xFF, 0xC0, 0x80, 0xC5, 0xD3, 0x84, 0x79, 0x02, 0x07, 0xFF, 0x1C, 0x2C, 0x68, 
0x00, 0x26, 0x02, 0x00, 0x00, 0x00, 0xFE, 0xD9, 0x16, 0x00, 0x00, 0x1C, 0x00, 0x04, 0xFE, 0xD9, 
0x16, 0x00, 0x00, 0x20, 0xC0, 0x80, 0xC5, 0xD3, 0x84, 0x79, 0x02, 0x07, 0xFA, 0x02, 0xEC, 0x7F, 
0xF4, 0xAA, 0x00, 0xFF, 0xC0, 0x80, 0xC5, 0xD3, 0x84, 0x79, 0x02, 0x07, 0xFF, 0x1C, 0x2C, 0x68, 
0x00, 0x26, 0x02, 0x00, 0x00, 0x08, 0xFE, 0xD9, 0x16, 0x00, 0x00, 0x24, 0x00, 0x0C, 0xFE, 0xD9, 
0x16, 0x00, 0x00, 0x28, 0xC4, 0x80, 0xC5, 0xD3, 0x85, 0x79, 0x12, 0x07, 0xFA, 0x02, 0xEA, 0x7F, 
0xF4, 0x55, 0x00, 0xFF, 0xC4, 0x80, 0xC5, 0xD3, 0x85, 0x79, 0x12, 0x07, 0xFF, 0x1C, 0x2C, 0x68, 
0x00, 0x26, 0x02, 0x00, 0x00, 0x10, 0xFE, 0xD9, 0x16, 0x00, 0x00, 0x2C, 0x00, 0x14, 0xFE, 0xD9, 
0x16, 0x00, 0x00, 0x30, 0xC4, 0x80, 0xC5, 0xD3, 0x85, 0x79, 0x12, 0x07, 0xFA, 0x02, 0xE8, 0x7F, 
0xF4, 0x00, 0x00, 0xFF, 0xC4, 0x80, 0xC5, 0xD3, 0x85, 0x79, 0x12, 0x07, 0xFF, 0x1C, 0x2C, 0x68, 
0x00, 0x26, 0x02, 0x00, 0x00, 0x18, 0xFE, 0xD9, 0x16, 0x00, 0x00, 0x34, 0x00, 0x1C, 0xFE, 0xD9, 
0x16, 0x00, 0x00, 0x38, 0xC8, 0x80, 0xC5, 0xD3, 0x86, 0x79, 0x22, 0x07, 0x7A, 0x0F, 0x8C, 0xBF, 
0x00, 0x00, 0x8A, 0xBF, 0xFF, 0x18, 0x2C, 0x68, 0x00, 0xC0, 0x00, 0x00, 0x00, 0x20, 0xFE, 0xD9, 
0x16, 0x00, 0x00, 0x64, 0xC8, 0x80, 0xC5, 0xD3, 0x86, 0x79, 0x22, 0x07, 0xFF, 0x18, 0x2C, 0x68, 
0x00, 0xC0, 0x00, 0x00, 0x00, 0x24, 0xFE, 0xD9, 0x16, 0x00, 0x00, 0x68, 0xC8, 0x80, 0xC5, 0xD3, 
0x86, 0x79, 0x22, 0x07, 0xFF, 0x18, 0x2C, 0x68, 0x00, 0xC0, 0x00, 0x00, 0x00, 0x28, 0xFE, 0xD9, 
0x16, 0x00, 0x00, 0x6C, 0xC8, 0x80, 0xC5, 0xD3, 0x86, 0x79, 0x22, 0x07, 0xFF, 0x18, 0x2C, 0x68, 
0x00, 0xC0, 0x00, 0x00, 0x00, 0x2C, 0xFE, 0xD9, 0x16, 0x00, 0x00, 0x70, 0xCC, 0x80, 0xC5, 0xD3, 
0x87, 0x79, 0x32, 0x07, 0xFF, 0x18, 0x2C, 0x68, 0x00, 0xC0, 0x00, 0x00, 0x00, 0x30, 0xFE, 0xD9, 
0x16, 0x00, 0x00, 0x74, 0xCC, 0x80, 0xC5, 0xD3, 0x87, 0x79, 0x32, 0x07, 0xFF, 0x18, 0x2C, 0x68, 
0x00, 0xC0, 0x00, 0x00, 0x00, 0x34, 0xFE, 0xD9, 0x16, 0x00, 0x00, 0x78, 0xCC, 0x80, 0xC5, 0xD3, 
0x87, 0x79, 0x32, 0x07, 0xFF, 0x18, 0x2C, 0x68, 0x00, 0xC0, 0x00, 0x00, 0x00, 0x38, 0xFE, 0xD9, 
0x16, 0x00, 0x00, 0x7C, 0xCC, 0x80, 0xC5, 0xD3, 0x87, 0x79, 0x32, 0x07, 0xFF, 0x18, 0x2C, 0x68, 
0x00, 0xC0, 0x00, 0x00, 0x00, 0x3C, 0xFE, 0xD9, 0x16, 0x00, 0x00, 0x80, 0xD0, 0x80, 0xC5, 0xD3, 
0x88, 0x79, 0x42, 0x07, 0xFF, 0x18, 0x2C, 0x68, 0x00, 0xC0, 0x00, 0x00, 0xD0, 0x80, 0xC5, 0xD3, 
0x88, 0x79, 0x42, 0x07, 0xFF, 0x18, 0x2C, 0x68, 0x00, 0xC0, 0x00, 0x00, 0xD0, 0x80, 0xC5, 0xD3, 
0x88, 0x79, 0x42, 0x07, 0xFF, 0x18, 0x2C, 0x68, 0x00, 0xC0, 0x00, 0x00, 0xD0, 0x80, 0xC5, 0xD3, 
0x88, 0x79, 0x42, 0x07, 0xFF, 0x18, 0x2C, 0x68, 0x00, 0xC0, 0x00, 0x00, 0xD4, 0x80, 0xC5, 0xD3, 
0x89, 0x79, 0x52, 0x07, 0xFF, 0x18, 0x2C, 0x68, 0x00, 0xC0, 0x00, 0x00, 0xD4, 0x80, 0xC5, 0xD3, 
0x89, 0x79, 0x52, 0x07, 0xFF, 0x18, 0x2C, 0x68, 0x00, 0xC0, 0x00, 0x00, 0xD4, 0x80, 0xC5, 0xD3, 
0x89, 0x79, 0x52, 0x07, 0xFF, 0x18, 0x2C, 0x68, 0x00, 0xC0, 0x00, 0x00, 0xD4, 0x80, 0xC5, 0xD3, 
0x89, 0x79, 0x52, 0x07, 0xFF, 0x18, 0x2C, 0x68, 0x00, 0xC0, 0x00, 0x00, 0xD8, 0x80, 0xC5, 0xD3, 
0x8A, 0x79, 0x62, 0x07, 0xFF, 0x18, 0x2C, 0x68, 0x00, 0xC0, 0x00, 0x00, 0xD8, 0x80, 0xC5, 0xD3, 
0x8A, 0x79, 0x62, 0x07, 0xFF, 0x18, 0x2C, 0x68, 0x00, 0xC0, 0x00, 0x00, 0xD8, 0x80, 0xC5, 0xD3, 
0x8A, 0x79, 0x62, 0x07, 0xFF, 0x18, 0x2C, 0x68, 0x00, 0xC0, 0x00, 0x00, 0xD8, 0x80, 0xC5, 0xD3, 
0x8A, 0x79, 0x62, 0x07, 0xFF, 0x18, 0x2C, 0x68, 0x00, 0xC0, 0x00, 0x00, 0xDC, 0x80, 0xC5, 0xD3, 
0x8B, 0x79, 0x72, 0x07, 0xFF, 0x18, 0x2C, 0x68, 0x00, 0xC0, 0x00, 0x00, 0xDC, 0x80, 0xC5, 0xD3, 
0x8B, 0x79, 0x72, 0x07, 0xFF, 0x18, 0x2C, 0x68, 0x00, 0xC0, 0x00, 0x00, 0xDC, 0x80, 0xC5, 0xD3, 
0x8B, 0x79, 0x72, 0x07, 0xFF, 0x18, 0x2C, 0x68, 0x00, 0xC0, 0x00, 0x00, 0xDC, 0x80, 0xC5, 0xD3, 
0x8B, 0x79, 0x72, 0x07, 0xFF, 0x18, 0x2C, 0x68, 0x00, 0xC0, 0x00, 0x00, 0xE0, 0x80, 0xC5, 0xD3, 
0x84, 0x7B, 0x82, 0x07, 0xFF, 0x18, 0x2C, 0x68, 0x00, 0xC0, 0x00, 0x00, 0xE0, 0x80, 0xC5, 0xD3, 
0x84, 0x7B, 0x82, 0x07, 0xFF, 0x18, 0x2C, 0x68, 0x00, 0xC0, 0x00, 0x00, 0xE0, 0x80, 0xC5, 0xD3, 
0x84, 0x7B, 0x82, 0x07, 0xFF, 0x18, 0x2C, 0x68, 0x00, 0xC0, 0x00, 0x00, 0xE0, 0x80, 0xC5, 0xD3, 
0x84, 0x7B, 0x82, 0x07, 0xFF, 0x18, 0x2C, 0x68, 0x00, 0xC0, 0x00, 0x00, 0xE4, 0x80, 0xC5, 0xD3, 
0x85, 0x7B, 0x92, 0x07, 0xFF, 0x18, 0x2C, 0x68, 0x00, 0xC0, 0x00, 0x00, 0xE4, 0x80, 0xC5, 0xD3, 
0x85, 0x7B, 0x92, 0x07, 0xFF, 0x18, 0x2C, 0x68, 0x00, 0xC0, 0x00, 0x00, 0xE4, 0x80, 0xC5, 0xD3, 
0x85, 0x7B, 0x92, 0x07, 0xFF, 0x18, 0x2C, 0x68, 0x00, 0xC0, 0x00, 0x00, 0xE4, 0x80, 0xC5, 0xD3, 
0x85, 0x7B, 0x92, 0x07, 0xFF, 0x18, 0x2C, 0x68, 0x00, 0xC0, 0x00, 0x00, 0xE8, 0x80, 0xC5, 0xD3, 
0x86, 0x7B, 0xA2, 0x07, 0xFF, 0x18, 0x2C, 0x68, 0x00, 0xC0, 0x00, 0x00, 0xE8, 0x80, 0xC5, 0xD3, 
0x86, 0x7B, 0xA2, 0x07, 0xFF, 0x18, 0x2C, 0x68, 0x00, 0xC0, 0x00, 0x00, 0xE8, 0x80, 0xC5, 0xD3, 
0x86, 0x7B, 0xA2, 0x07, 0xFF, 0x18, 0x2C, 0x68, 0x00, 0xC0, 0x00, 0x00, 0xE8, 0x80, 0xC5, 0xD3, 
0x86, 0x7B, 0xA2, 0x07, 0xFF, 0x18, 0x2C, 0x68, 0x00, 0xC0, 0x00, 0x00, 0xEC, 0x80, 0xC5, 0xD3, 
0x87, 0x7B, 0xB2, 0x07, 0xFF, 0x18, 0x2C, 0x68, 0x00, 0xC0, 0x00, 0x00, 0xEC, 0x80, 0xC5, 0xD3, 
0x87, 0x7B, 0xB2, 0x07, 0xFF, 0x18, 0x2C, 0x68, 0x00, 0xC0, 0x00, 0x00, 0xEC, 0x80, 0xC5, 0xD3, 
0x87, 0x7B, 0xB2, 0x07, 0xFF, 0x18, 0x2C, 0x68, 0x00, 0xC0, 0x00, 0x00, 0xEC, 0x80, 0xC5, 0xD3, 
0x87, 0x7B, 0xB2, 0x07, 0xFF, 0x18, 0x2C, 0x68, 0x00, 0xC0, 0x00, 0x00, 0xF0, 0x80, 0xC5, 0xD3, 
0x88, 0x7B, 0xC2, 0x07, 0xFF, 0x18, 0x2C, 0x68, 0x00, 0xC0, 0x00, 0x00, 0xF0, 0x80, 0xC5, 0xD3, 
0x88, 0x7B, 0xC2, 0x07, 0xFF, 0x18, 0x2C, 0x68, 0x00, 0xC0, 0x00, 0x00, 0xF0, 0x80, 0xC5, 0xD3, 
0x88, 0x7B, 0xC2, 0x07, 0xFF, 0x18, 0x2C, 0x68, 0x00, 0xC0, 0x00, 0x00, 0xF0, 0x80, 0xC5, 0xD3, 
0x88, 0x7B, 0xC2, 0x07, 0xFF, 0x18, 0x2C, 0x68, 0x00, 0xC0, 0x00, 0x00, 0xF4, 0x80, 0xC5, 0xD3, 
0x89, 0x7B, 0xD2, 0x07, 0xFF, 0x18, 0x2C, 0x68, 0x00, 0xC0, 0x00, 0x00, 0xF4, 0x80, 0xC5, 0xD3, 
0x89, 0x7B, 0xD2, 0x07, 0xFF, 0x18, 0x2C, 0x68, 0x00, 0xC0, 0x00, 0x00, 0xF4, 0x80, 0xC5, 0xD3, 
0x89, 0x7B, 0xD2, 0x07, 0xFF, 0x18, 0x2C, 0x68, 0x00, 0xC0, 0x00, 0x00, 0xF4, 0x80, 0xC5, 0xD3, 
0x89, 0x7B, 0xD2, 0x07, 0xFF, 0x18, 0x2C, 0x68, 0x00, 0xC0, 0x00, 0x00, 0xF8, 0x80, 0xC5, 0xD3, 
0x8A, 0x7B, 0xE2, 0x07, 0xFF, 0x18, 0x2C, 0x68, 0x00, 0xC0, 0x00, 0x00, 0xF8, 0x80, 0xC5, 0xD3, 
0x8A, 0x7B, 0xE2, 0x07, 0xFF, 0x18, 0x2C, 0x68, 0x00, 0xC0, 0x00, 0x00, 0xF8, 0x80, 0xC5, 0xD3, 
0x8A, 0x7B, 0xE2, 0x07, 0xFF, 0x18, 0x2C, 0x68, 0x00, 0xC0, 0x00, 0x00, 0xF8, 0x80, 0xC5, 0xD3, 
0x8A, 0x7B, 0xE2, 0x07, 0xFF, 0x18, 0x2C, 0x68, 0x00, 0xC0, 0x00, 0x00, 0xFC, 0x80, 0xC5, 0xD3, 
0x8B, 0x7B, 0xF2, 0x07, 0xFF, 0x18, 0x2C, 0x68, 0x00, 0xC0, 0x00, 0x00, 0xFC, 0x80, 0xC5, 0xD3, 
0x8B, 0x7B, 0xF2, 0x07, 0xFF, 0x18, 0x2C, 0x68, 0x00, 0xC0, 0x00, 0x00, 0xFC, 0x80, 0xC5, 0xD3, 
0x8B, 0x7B, 0xF2, 0x07, 0xFF, 0x18, 0x2C, 0x68, 0x00, 0xC0, 0x00, 0x00, 0xFC, 0x80, 0xC5, 0xD3, 
0x8B, 0x7B, 0xF2, 0x07, 0xFF, 0x18, 0x2C, 0x68, 0x00, 0xC0, 0x00, 0x00, 0x78, 0x02, 0x8C, 0xBF, 
0x00, 0x00, 0x8A, 0xBF, 0xE4, 0x00, 0xC5, 0xD3, 0x1C, 0x81, 0x02, 0x12, 0x80, 0x18, 0x2C, 0x68, 
0x00, 0x20, 0xFE, 0xD9, 0x16, 0x00, 0x00, 0x84, 0x00, 0x24, 0xFE, 0xD9, 0x16, 0x00, 0x00, 0x88, 
0xE4, 0x00, 0xC5, 0xD3, 0x1D, 0x83, 0x92, 0x17, 0x4C, 0x00, 0xFC, 0xBE, 0x00, 0x20, 0x51, 0xE0, 
0x0B, 0x00, 0x06, 0x80, 0xE4, 0x00, 0xC5, 0xD3, 0x1E, 0x85, 0x92, 0x17, 0x80, 0x18, 0x2C, 0x68, 
0x00, 0x28, 0xFE, 0xD9, 0x16, 0x00, 0x00, 0x8C, 0x00, 0x2C, 0xFE, 0xD9, 0x16, 0x00, 0x00, 0x90, 
0xE4, 0x00, 0xC5, 0xD3, 0x1F, 0x87, 0x92, 0x17, 0x52, 0x00, 0xFC, 0xBE, 0x00, 0x10, 0x5D, 0xE0, 
0x03, 0x00, 0x05, 0x64, 0xFF, 0x7C, 0x7C, 0x80, 0x00, 0x10, 0x00, 0x00, 0xE4, 0x00, 0xC5, 0xD3, 
0x20, 0x99, 0x92, 0x17, 0x80, 0x18, 0x2C, 0x68, 0x00, 0x30, 0xFE, 0xD9, 0x16, 0x00, 0x00, 0x94, 
0x00, 0x34, 0xFE, 0xD9, 0x16, 0x00, 0x00, 0x98, 0xE4, 0x00, 0xC5, 0xD3, 0x21, 0x9B, 0x92, 0x17, 
0x52, 0x00, 0xFC, 0xBE, 0x00, 0x10, 0x5D, 0xE0, 0x04, 0x00, 0x05, 0x64, 0xFF, 0x7C, 0x7C, 0x80, 
0x00, 0x10, 0x00, 0x00, 0xE4, 0x00, 0xC5, 0xD3, 0x22, 0x9D, 0x92, 0x17, 0x80, 0x18, 0x2C, 0x68, 
0x00, 0x38, 0xFE, 0xD9, 0x16, 0x00, 0x00, 0x9C, 0x00, 0x3C, 0xFE, 0xD9, 0x16, 0x00, 0x00, 0xA0, 
0xE4, 0x00, 0xC5, 0xD3, 0x23, 0x9F, 0x92, 0x17, 0x55, 0x00, 0xFC, 0xBE, 0x00, 0x10, 0x5D, 0xE0, 
0x03, 0x00, 0x07, 0x63, 0xFF, 0x7C, 0x7C, 0x80, 0x00, 0x10, 0x00, 0x00, 0xE4, 0x00, 0xC5, 0xD3, 
0x24, 0xB1, 0x92, 0x17, 0x80, 0x18, 0x2C, 0x68, 0xE4, 0x00, 0xC5, 0xD3, 0x25, 0xB3, 0x92, 0x17, 
0x55, 0x00, 0xFC, 0xBE, 0x00, 0x10, 0x5D, 0xE0, 0x04, 0x00, 0x07, 0x63, 0xFF, 0x7C, 0x7C, 0x80, 
0x00, 0x10, 0x00, 0x00, 0xE4, 0x00, 0xC5, 0xD3, 0x26, 0xB5, 0x92, 0x17, 0x4F, 0x00, 0xFC, 0xBE, 
0x00, 0x10, 0x5D, 0xE0, 0x01, 0x00, 0x02, 0x62, 0xFF, 0x7C, 0x7C, 0x80, 0x00, 0x10, 0x00, 0x00, 
0xE4, 0x00, 0xC5, 0xD3, 0x27, 0xB7, 0x92, 0x17, 0x4F, 0x00, 0xFC, 0xBE, 0x00, 0x10, 0x5D, 0xE0, 
0x02, 0x00, 0x02, 0x62, 0xFF, 0x7C, 0x7C, 0x80, 0x00, 0x10, 0x00, 0x00, 0xE4, 0x00, 0xC5, 0xD3, 
0x28, 0xC9, 0x92, 0x17, 0xE4, 0x00, 0xC5, 0xD3, 0x29, 0xCB, 0x92, 0x17, 0xE4, 0x00, 0xC5, 0xD3, 
0x2A, 0xCD, 0x92, 0x17, 0xE4, 0x00, 0xC5, 0xD3, 0x2B, 0xCF, 0x92, 0x17, 0xE4, 0x00, 0xC5, 0xD3, 
0x2C, 0xE1, 0x92, 0x17, 0xE4, 0x00, 0xC5, 0xD3, 0x2D, 0xE3, 0x92, 0x17, 0xE4, 0x00, 0xC5, 0xD3, 
0x2E, 0xE5, 0x92, 0x17, 0xE4, 0x00, 0xC5, 0xD3, 0x2F, 0xE7, 0x92, 0x17, 0xE4, 0x00, 0xC5, 0xD3, 
0x30, 0xF9, 0x92, 0x17, 0xE4, 0x00, 0xC5, 0xD3, 0x31, 0xFB, 0x92, 0x17, 0xE4, 0x00, 0xC5, 0xD3, 
0x32, 0xFD, 0x92, 0x17, 0xE4, 0x00, 0xC5, 0xD3, 0x33, 0xFF, 0x92, 0x17, 0xE4, 0x00, 0xC5, 0xD3, 
0x34, 0x11, 0x93, 0x17, 0xE4, 0x00, 0xC5, 0xD3, 0x35, 0x13, 0x93, 0x17, 0xE4, 0x00, 0xC5, 0xD3, 
0x36, 0x15, 0x93, 0x17, 0xE4, 0x00, 0xC5, 0xD3, 0x37, 0x17, 0x93, 0x17, 0xE4, 0x00, 0xC5, 0xD3, 
0x38, 0x29, 0x93, 0x17, 0xE4, 0x00, 0xC5, 0xD3, 0x39, 0x2B, 0x93, 0x17, 0xE4, 0x00, 0xC5, 0xD3, 
0x3A, 0x2D, 0x93, 0x17, 0xE4, 0x00, 0xC5, 0xD3, 0x3B, 0x2F, 0x93, 0x17, 0xE8, 0x00, 0xC5, 0xD3, 
0x1C, 0x89, 0x02, 0x12, 0xE8, 0x00, 0xC5, 0xD3, 0x1D, 0x8B, 0xA2, 0x17, 0xE8, 0x00, 0xC5, 0xD3, 
0x1E, 0x8D, 0xA2, 0x17, 0xE8, 0x00, 0xC5, 0xD3, 0x1F, 0x8F, 0xA2, 0x17, 0xE8, 0x00, 0xC5, 0xD3, 
0x20, 0xA1, 0xA2, 0x17, 0xE8, 0x00, 0xC5, 0xD3, 0x21, 0xA3, 0xA2, 0x17, 0xE8, 0x00, 0xC5, 0xD3, 
0x22, 0xA5, 0xA2, 0x17, 0xE8, 0x00, 0xC5, 0xD3, 0x23, 0xA7, 0xA2, 0x17, 0xE8, 0x00, 0xC5, 0xD3, 
0x24, 0xB9, 0xA2, 0x17, 0xE8, 0x00, 0xC5, 0xD3, 0x25, 0xBB, 0xA2, 0x17, 0xE8, 0x00, 0xC5, 0xD3, 
0x26, 0xBD, 0xA2, 0x17, 0xE8, 0x00, 0xC5, 0xD3, 0x27, 0xBF, 0xA2, 0x17, 0xE8, 0x00, 0xC5, 0xD3, 
0x28, 0xD1, 0xA2, 0x17, 0xE8, 0x00, 0xC5, 0xD3, 0x29, 0xD3, 0xA2, 0x17, 0xE8, 0x00, 0xC5, 0xD3, 
0x2A, 0xD5, 0xA2, 0x17, 0xE8, 0x00, 0xC5, 0xD3, 0x2B, 0xD7, 0xA2, 0x17, 0xE8, 0x00, 0xC5, 0xD3, 
0x2C, 0xE9, 0xA2, 0x17, 0xE8, 0x00, 0xC5, 0xD3, 0x2D, 0xEB, 0xA2, 0x17, 0xE8, 0x00, 0xC5, 0xD3, 
0x2E, 0xED, 0xA2, 0x17, 0xE8, 0x00, 0xC5, 0xD3, 0x2F, 0xEF, 0xA2, 0x17, 0xE8, 0x00, 0xC5, 0xD3, 
0x30, 0x01, 0xA3, 0x17, 0xE8, 0x00, 0xC5, 0xD3, 0x31, 0x03, 0xA3, 0x17, 0xE8, 0x00, 0xC5, 0xD3, 
0x32, 0x05, 0xA3, 0x17, 0xE8, 0x00, 0xC5, 0xD3, 0x33, 0x07, 0xA3, 0x17, 0xE8, 0x00, 0xC5, 0xD3, 
0x34, 0x19, 0xA3, 0x17, 0xE8, 0x00, 0xC5, 0xD3, 0x35, 0x1B, 0xA3, 0x17, 0xE8, 0x00, 0xC5, 0xD3, 
0x36, 0x1D, 0xA3, 0x17, 0xE8, 0x00, 0xC5, 0xD3, 0x37, 0x1F, 0xA3, 0x17, 0xE8, 0x00, 0xC5, 0xD3, 
0x38, 0x31, 0xA3, 0x17, 0xB0, 0x3B, 0x3C, 0x80, 0x3C, 0x3A, 0x0A, 0xBF, 0x44, 0x80, 0x44, 0x85, 
0x46, 0x80, 0x46, 0x85, 0x45, 0x80, 0x45, 0x85, 0xE8, 0x00, 0xC5, 0xD3, 0x39, 0x33, 0xA3, 0x17, 
0x45, 0x16, 0x16, 0x68, 0x46, 0x64, 0x64, 0x80, 0xE8, 0x00, 0xC5, 0xD3, 0x3A, 0x35, 0xA3, 0x17, 
0x46, 0x63, 0x63, 0x80, 0x44, 0x62, 0x62, 0x80, 0xE8, 0x00, 0xC5, 0xD3, 0x3B, 0x37, 0xA3, 0x17, 
0x3B, 0x90, 0x09, 0xBF, 0x43, 0x42, 0x42, 0x85, 0x10, 0x00, 0x3B, 0xB7, 0x00, 0x00, 0x80, 0xBF, 
0x3B, 0x3A, 0x04, 0xBF, 0x2A, 0xE9, 0x84, 0xBF, 0x7F, 0xC0, 0x8C, 0xBF, 0x80, 0x02, 0x2C, 0x7E, 
0xFF, 0x36, 0x2E, 0x68, 0x00, 0x46, 0x02, 0x00, 0x00, 0x00, 0x1A, 0xD8, 0x17, 0x16, 0x00, 0x00, 
0x00, 0x00, 0x8A, 0xBF, 0x1C, 0x00, 0xC5, 0xD3, 0x84, 0x01, 0x02, 0x12, 0x2F, 0xC8, 0xC9, 0x0B, 
0x2F, 0xCA, 0xCB, 0x0B, 0x2F, 0xCC, 0xCD, 0x0B, 0x2F, 0xCE, 0xCF, 0x0B, 0x1C, 0x00, 0xC5, 0xD3, 
0x85, 0x03, 0x72, 0x14, 0x2F, 0xD0, 0xD1, 0x0B, 0x2F, 0xD2, 0xD3, 0x0B, 0x2F, 0xD4, 0xD5, 0x0B, 
0x2F, 0xD6, 0xD7, 0x0B, 0x1C, 0x00, 0xC5, 0xD3, 0x86, 0x05, 0x72, 0x14, 0x00, 0x10, 0x34, 0xE1, 
0x07, 0xEC, 0x08, 0x80, 0x1C, 0x00, 0xC5, 0xD3, 0x87, 0x07, 0x72, 0x14, 0x2E, 0x88, 0x3C, 0x92, 
0x3C, 0x01, 0x11, 0xBF, 0x64, 0xF1, 0xF1, 0x0B, 0x00, 0x00, 0x9C, 0xBF, 0x3C, 0x01, 0x11, 0xBF, 
0x65, 0xF3, 0xF3, 0x0B, 0x00, 0x00, 0x9C, 0xBF, 0x3C, 0x01, 0x11, 0xBF, 0x66, 0xF5, 0xF5, 0x0B, 
0x00, 0x00, 0x9C, 0xBF, 0x3C, 0x01, 0x11, 0xBF, 0x67, 0xF7, 0xF7, 0x0B, 0x00, 0x00, 0x9C, 0xBF, 
0x1C, 0x00, 0xC5, 0xD3, 0x88, 0x09, 0x72, 0x14, 0x00, 0x10, 0x34, 0xE1, 0x08, 0xED, 0x08, 0x80, 
0x1C, 0x00, 0xC5, 0xD3, 0x89, 0x0B, 0x72, 0x14, 0x2E, 0x88, 0x3C, 0x92, 0x3C, 0x01, 0x11, 0xBF, 
0x68, 0xF9, 0xF9, 0x0B, 0x00, 0x00, 0x9C, 0xBF, 0x3C, 0x01, 0x11, 0xBF, 0x69, 0xFB, 0xFB, 0x0B, 
0x00, 0x00, 0x9C, 0xBF, 0x3C, 0x01, 0x11, 0xBF, 0x6A, 0xFD, 0xFD, 0x0B, 0x00, 0x00, 0x9C, 0xBF, 
0x3C, 0x01, 0x11, 0xBF, 0x6B, 0xFF, 0xFF, 0x0B, 0x00, 0x00, 0x9C, 0xBF, 0x1C, 0x00, 0xC5, 0xD3, 
0x8A, 0x0D, 0x72, 0x14, 0xF8, 0x40, 0xB2, 0xD3, 0xFA, 0xF1, 0x03, 0x18, 0xFC, 0x40, 0xB2, 0xD3, 
0xFE, 0xF9, 0x03, 0x18, 0xF8, 0x40, 0xB2, 0xD3, 0xFC, 0xF1, 0x03, 0x18, 0xF9, 0xF1, 0xF1, 0x03, 
0xF8, 0x03, 0xF2, 0x7F, 0xF9, 0xB5, 0xF0, 0x7F, 0xF9, 0xF1, 0xF1, 0x03, 0xF8, 0x03, 0xF2, 0x7F, 
0xF9, 0xB3, 0xF0, 0x7F, 0xF9, 0xF1, 0xF1, 0x03, 0xFF, 0x36, 0x2C, 0x68, 0x00, 0x46, 0x02, 0x00, 
0x00, 0x00, 0x2A, 0xD8, 0x16, 0xF8, 0x00, 0x00, 0x1C, 0x00, 0xC5, 0xD3, 0x8B, 0x0F, 0x72, 0x14, 
0x00, 0x80, 0x6C, 0xD8, 0x0D, 0x00, 0x00, 0x44, 0x40, 0x80, 0x6C, 0xD8, 0x0D, 0x00, 0x00, 0x45, 
0x80, 0x80, 0x6C, 0xD8, 0x0D, 0x00, 0x00, 0x46, 0xC0, 0x80, 0x6C, 0xD8, 0x0D, 0x00, 0x00, 0x47, 
0x00, 0x84, 0x6C, 0xD8, 0x0D, 0x00, 0x00, 0x48, 0x40, 0x84, 0x6C, 0xD8, 0x0D, 0x00, 0x00, 0x49, 
0x80, 0x84, 0x6C, 0xD8, 0x0D, 0x00, 0x00, 0x4A, 0xC0, 0x84, 0x6C, 0xD8, 0x0D, 0x00, 0x00, 0x4B, 
0x1C, 0x00, 0xC5, 0xD3, 0x8C, 0x11, 0x72, 0x14, 0x00, 0x88, 0x6C, 0xD8, 0x0D, 0x00, 0x00, 0x4C, 
0x40, 0x88, 0x6C, 0xD8, 0x0D, 0x00, 0x00, 0x4D, 0x80, 0x88, 0x6C, 0xD8, 0x0D, 0x00, 0x00, 0x4E, 
0xC0, 0x88, 0x6C, 0xD8, 0x0D, 0x00, 0x00, 0x4F, 0x00, 0x8C, 0x6C, 0xD8, 0x0D, 0x00, 0x00, 0x50, 
0x40, 0x8C, 0x6C, 0xD8, 0x0D, 0x00, 0x00, 0x51, 0x80, 0x8C, 0x6C, 0xD8, 0x0D, 0x00, 0x00, 0x52, 
0xC0, 0x8C, 0x6C, 0xD8, 0x0D, 0x00, 0x00, 0x53, 0x1C, 0x00, 0xC5, 0xD3, 0x8D, 0x13, 0x72, 0x14, 
0x00, 0x90, 0x6C, 0xD8, 0x0D, 0x00, 0x00, 0x54, 0x40, 0x90, 0x6C, 0xD8, 0x0D, 0x00, 0x00, 0x55, 
0x80, 0x90, 0x6C, 0xD8, 0x0D, 0x00, 0x00, 0x56, 0xC0, 0x90, 0x6C, 0xD8, 0x0D, 0x00, 0x00, 0x57, 
0x00, 0x94, 0x6C, 0xD8, 0x0D, 0x00, 0x00, 0x58, 0x40, 0x94, 0x6C, 0xD8, 0x0D, 0x00, 0x00, 0x59, 
0x80, 0x94, 0x6C, 0xD8, 0x0D, 0x00, 0x00, 0x5A, 0xC0, 0x94, 0x6C, 0xD8, 0x0D, 0x00, 0x00, 0x5B, 
0x1C, 0x00, 0xC5, 0xD3, 0x8E, 0x15, 0x72, 0x14, 0x00, 0x98, 0x6C, 0xD8, 0x0D, 0x00, 0x00, 0x5C, 
0x40, 0x98, 0x6C, 0xD8, 0x0D, 0x00, 0x00, 0x5D, 0x80, 0x98, 0x6C, 0xD8, 0x0D, 0x00, 0x00, 0x5E, 
0xC0, 0x98, 0x6C, 0xD8, 0x0D, 0x00, 0x00, 0x5F, 0x00, 0x9C, 0x6C, 0xD8, 0x0D, 0x00, 0x00, 0x60, 
0x40, 0x9C, 0x6C, 0xD8, 0x0D, 0x00, 0x00, 0x61, 0x80, 0x9C, 0x6C, 0xD8, 0x0D, 0x00, 0x00, 0x62, 
0xC0, 0x9C, 0x6C, 0xD8, 0x0D, 0x00, 0x00, 0x63, 0x1C, 0x00, 0xC5, 0xD3, 0x8F, 0x17, 0x72, 0x14, 
0x1C, 0x00, 0xC5, 0xD3, 0x90, 0x19, 0x72, 0x14, 0x1C, 0x00, 0xC5, 0xD3, 0x91, 0x1B, 0x72, 0x14, 
0x1C, 0x00, 0xC5, 0xD3, 0x92, 0x1D, 0x72, 0x14, 0x1C, 0x00, 0xC5, 0xD3, 0x93, 0x1F, 0x72, 0x14, 
0x1C, 0x00, 0xC5, 0xD3, 0x94, 0x21, 0x72, 0x14, 0x1C, 0x00, 0xC5, 0xD3, 0x95, 0x23, 0x72, 0x14, 
0x1C, 0x00, 0xC5, 0xD3, 0x96, 0x25, 0x72, 0x14, 0x1C, 0x00, 0xC5, 0xD3, 0x97, 0x27, 0x72, 0x14, 
0x1C, 0x00, 0xC5, 0xD3, 0x98, 0x29, 0x72, 0x14, 0x1C, 0x00, 0xC5, 0xD3, 0x99, 0x2B, 0x72, 0x14, 
0x1C, 0x00, 0xC5, 0xD3, 0x9A, 0x2D, 0x72, 0x14, 0x1C, 0x00, 0xC5, 0xD3, 0x9B, 0x2F, 0x72, 0x14, 
0x1C, 0x00, 0xC5, 0xD3, 0x9C, 0x31, 0x72, 0x14, 0x1C, 0x00, 0xC5, 0xD3, 0x9D, 0x33, 0x72, 0x14, 
0x1C, 0x00, 0xC5, 0xD3, 0x9E, 0x35, 0x72, 0x14, 0x1C, 0x00, 0xC5, 0xD3, 0x9F, 0x37, 0x72, 0x14, 
0x1C, 0x00, 0xC5, 0xD3, 0xA0, 0x39, 0x72, 0x14, 0x1C, 0x00, 0xC5, 0xD3, 0xA1, 0x3B, 0x72, 0x14, 
0x1C, 0x00, 0xC5, 0xD3, 0xA2, 0x3D, 0x72, 0x14, 0x1C, 0x00, 0xC5, 0xD3, 0xA3, 0x3F, 0x72, 0x14, 
0x20, 0x00, 0xC5, 0xD3, 0x84, 0x21, 0x02, 0x12, 0x20, 0x00, 0xC5, 0xD3, 0x85, 0x23, 0x82, 0x14, 
0x20, 0x00, 0xC5, 0xD3, 0x86, 0x25, 0x82, 0x14, 0x20, 0x00, 0xC5, 0xD3, 0x87, 0x27, 0x82, 0x14, 
0x20, 0x00, 0xC5, 0xD3, 0x88, 0x29, 0x82, 0x14, 0x20, 0x00, 0xC5, 0xD3, 0x89, 0x2B, 0x82, 0x14, 
0x20, 0x00, 0xC5, 0xD3, 0x8A, 0x2D, 0x82, 0x14, 0x20, 0x00, 0xC5, 0xD3, 0x8B, 0x2F, 0x82, 0x14, 
0x20, 0x00, 0xC5, 0xD3, 0x8C, 0x31, 0x82, 0x14, 0x20, 0x00, 0xC5, 0xD3, 0x8D, 0x33, 0x82, 0x14, 
0x20, 0x00, 0xC5, 0xD3, 0x8E, 0x35, 0x82, 0x14, 0x20, 0x00, 0xC5, 0xD3, 0x8F, 0x37, 0x82, 0x14, 
0x20, 0x00, 0xC5, 0xD3, 0x90, 0x39, 0x82, 0x14, 0x20, 0x00, 0xC5, 0xD3, 0x91, 0x3B, 0x82, 0x14, 
0x20, 0x00, 0xC5, 0xD3, 0x92, 0x3D, 0x82, 0x14, 0x20, 0x00, 0xC5, 0xD3, 0x93, 0x3F, 0x82, 0x14, 
0x20, 0x00, 0xC5, 0xD3, 0x94, 0x41, 0x82, 0x14, 0x20, 0x00, 0xC5, 0xD3, 0x95, 0x43, 0x82, 0x14, 
0x20, 0x00, 0xC5, 0xD3, 0x96, 0x45, 0x82, 0x14, 0x20, 0x00, 0xC5, 0xD3, 0x97, 0x47, 0x82, 0x14, 
0x20, 0x00, 0xC5, 0xD3, 0x98, 0x49, 0x82, 0x14, 0x20, 0x00, 0xC5, 0xD3, 0x99, 0x4B, 0x82, 0x14, 
0x20, 0x00, 0xC5, 0xD3, 0x9A, 0x4D, 0x82, 0x14, 0x20, 0x00, 0xC5, 0xD3, 0x9B, 0x4F, 0x82, 0x14, 
0x20, 0x00, 0xC5, 0xD3, 0x9C, 0x51, 0x82, 0x14, 0x20, 0x00, 0xC5, 0xD3, 0x9D, 0x53, 0x82, 0x14, 
0x20, 0x00, 0xC5, 0xD3, 0x9E, 0x55, 0x82, 0x14, 0x20, 0x00, 0xC5, 0xD3, 0x9F, 0x57, 0x82, 0x14, 
0x20, 0x00, 0xC5, 0xD3, 0xA0, 0x59, 0x82, 0x14, 0x20, 0x00, 0xC5, 0xD3, 0xA1, 0x5B, 0x82, 0x14, 
0x20, 0x00, 0xC5, 0xD3, 0xA2, 0x5D, 0x82, 0x14, 0x20, 0x00, 0xC5, 0xD3, 0xA3, 0x5F, 0x82, 0x14, 
0x7F, 0xCF, 0x8C, 0xBF, 0x00, 0x00, 0x8A, 0xBF, 0x3C, 0x00, 0xC5, 0xD3, 0x64, 0x01, 0x03, 0x12, 
0x1C, 0x00, 0xCB, 0xD1, 0x1C, 0x73, 0xD0, 0x87, 0x1D, 0x00, 0xCB, 0xD1, 0x1D, 0x73, 0xD4, 0x87, 
0x1E, 0x00, 0xCB, 0xD1, 0x1E, 0x73, 0xD8, 0x87, 0x1F, 0x00, 0xCB, 0xD1, 0x1F, 0x73, 0xDC, 0x87, 
0x3C, 0x00, 0xC5, 0xD3, 0x65, 0x03, 0xF3, 0x14, 0x00, 0x10, 0x34, 0xE1, 0x09, 0xEE, 0x08, 0x80, 
0xFF, 0x20, 0x2C, 0x68, 0x00, 0x46, 0x02, 0x00, 0x00, 0x00, 0x6C, 0xD8, 0x16, 0x00, 0x00, 0x1A, 
0x3C, 0x00, 0xC5, 0xD3, 0x66, 0x05, 0xF3, 0x14, 0x20, 0x00, 0xCB, 0xD1, 0x20, 0x73, 0xD0, 0x87, 
0x21, 0x00, 0xCB, 0xD1, 0x21, 0x73, 0xD4, 0x87, 0x22, 0x00, 0xCB, 0xD1, 0x22, 0x73, 0xD8, 0x87, 
0x23, 0x00, 0xCB, 0xD1, 0x23, 0x73, 0xDC, 0x87, 0x3C, 0x00, 0xC5, 0xD3, 0x67, 0x07, 0xF3, 0x14, 
0x00, 0x10, 0x34, 0xE1, 0x0A, 0xEF, 0x08, 0x80, 0xFF, 0x20, 0x2C, 0x68, 0x00, 0x46, 0x02, 0x00, 
0x3C, 0x00, 0xC5, 0xD3, 0x68, 0x09, 0xF3, 0x14, 0x24, 0x00, 0xCB, 0xD1, 0x24, 0x73, 0xD0, 0x87, 
0x25, 0x00, 0xCB, 0xD1, 0x25, 0x73, 0xD4, 0x87, 0x26, 0x00, 0xCB, 0xD1, 0x26, 0x73, 0xD8, 0x87, 
0x27, 0x00, 0xCB, 0xD1, 0x27, 0x73, 0xDC, 0x87, 0x1C, 0x41, 0x38, 0x7E, 0xFF, 0x02, 0x2C, 0x7E, 
0x07, 0x02, 0x00, 0x00, 0x3C, 0x00, 0x10, 0xD0, 0x1C, 0x2D, 0x02, 0x00, 0x00, 0x00, 0x80, 0xBF, 
0x1C, 0x00, 0x00, 0xD1, 0x1C, 0x01, 0xF1, 0x00, 0x1D, 0x41, 0x3A, 0x7E, 0xFF, 0x02, 0x2C, 0x7E, 
0x07, 0x02, 0x00, 0x00, 0x3C, 0x00, 0x10, 0xD0, 0x1D, 0x2D, 0x02, 0x00, 0x00, 0x00, 0x80, 0xBF, 
0x1D, 0x00, 0x00, 0xD1, 0x1D, 0x01, 0xF1, 0x00, 0x3C, 0x00, 0xC5, 0xD3, 0x69, 0x0B, 0xF3, 0x14, 
0x80, 0x1A, 0x2C, 0x68, 0x00, 0x20, 0x6C, 0xD8, 0x16, 0x00, 0x00, 0x84, 0x40, 0x20, 0x6C, 0xD8, 
0x16, 0x00, 0x00, 0x85, 0x80, 0x20, 0x6C, 0xD8, 0x16, 0x00, 0x00, 0x86, 0xC0, 0x20, 0x6C, 0xD8, 
0x16, 0x00, 0x00, 0x87, 0x3C, 0x00, 0xC5, 0xD3, 0x6A, 0x0D, 0xF3, 0x14, 0x28, 0x00, 0xCB, 0xD1, 
0x28, 0x73, 0xD0, 0x87, 0x29, 0x00, 0xCB, 0xD1, 0x29, 0x73, 0xD4, 0x87, 0x2A, 0x00, 0xCB, 0xD1, 
0x2A, 0x73, 0xD8, 0x87, 0x2B, 0x00, 0xCB, 0xD1, 0x2B, 0x73, 0xDC, 0x87, 0x1E, 0x41, 0x3C, 0x7E, 
0xFF, 0x02, 0x2C, 0x7E, 0x07, 0x02, 0x00, 0x00, 0x3C, 0x00, 0x10, 0xD0, 0x1E, 0x2D, 0x02, 0x00, 
0x00, 0x00, 0x80, 0xBF, 0x1E, 0x00, 0x00, 0xD1, 0x1E, 0x01, 0xF1, 0x00, 0x1F, 0x41, 0x3E, 0x7E, 
0xFF, 0x02, 0x2C, 0x7E, 0x07, 0x02, 0x00, 0x00, 0x3C, 0x00, 0x10, 0xD0, 0x1F, 0x2D, 0x02, 0x00, 
0x00, 0x00, 0x80, 0xBF, 0x1F, 0x00, 0x00, 0xD1, 0x1F, 0x01, 0xF1, 0x00, 0x3C, 0x00, 0xC5, 0xD3, 
0x6B, 0x0F, 0xF3, 0x14, 0x80, 0x1A, 0x2C, 0x68, 0x00, 0x24, 0x6C, 0xD8, 0x16, 0x00, 0x00, 0x88, 
0x40, 0x24, 0x6C, 0xD8, 0x16, 0x00, 0x00, 0x89, 0x80, 0x24, 0x6C, 0xD8, 0x16, 0x00, 0x00, 0x8A, 
0xC0, 0x24, 0x6C, 0xD8, 0x16, 0x00, 0x00, 0x8B, 0x3C, 0x00, 0xC5, 0xD3, 0x6C, 0x11, 0xF3, 0x14, 
0x20, 0x41, 0x40, 0x7E, 0xFF, 0x02, 0x2C, 0x7E, 0x07, 0x02, 0x00, 0x00, 0x3C, 0x00, 0x10, 0xD0, 
0x20, 0x2D, 0x02, 0x00, 0x00, 0x00, 0x80, 0xBF, 0x20, 0x00, 0x00, 0xD1, 0x20, 0x01, 0xF1, 0x00, 
0x21, 0x41, 0x42, 0x7E, 0xFF, 0x02, 0x2C, 0x7E, 0x07, 0x02, 0x00, 0x00, 0x3C, 0x00, 0x10, 0xD0, 
0x21, 0x2D, 0x02, 0x00, 0x00, 0x00, 0x80, 0xBF, 0x21, 0x00, 0x00, 0xD1, 0x21, 0x01, 0xF1, 0x00, 
0x3C, 0x00, 0xC5, 0xD3, 0x6D, 0x13, 0xF3, 0x14, 0x80, 0x1A, 0x2C, 0x68, 0x00, 0x28, 0x6C, 0xD8, 
0x16, 0x00, 0x00, 0x8C, 0x40, 0x28, 0x6C, 0xD8, 0x16, 0x00, 0x00, 0x8D, 0x80, 0x28, 0x6C, 0xD8, 
0x16, 0x00, 0x00, 0x8E, 0xC0, 0x28, 0x6C, 0xD8, 0x16, 0x00, 0x00, 0x8F, 0x3C, 0x00, 0xC5, 0xD3, 
0x6E, 0x15, 0xF3, 0x14, 0x22, 0x41, 0x44, 0x7E, 0xFF, 0x02, 0x2C, 0x7E, 0x07, 0x02, 0x00, 0x00, 
0x3C, 0x00, 0x10, 0xD0, 0x22, 0x2D, 0x02, 0x00, 0x00, 0x00, 0x80, 0xBF, 0x22, 0x00, 0x00, 0xD1, 
0x22, 0x01, 0xF1, 0x00, 0x23, 0x41, 0x46, 0x7E, 0xFF, 0x02, 0x2C, 0x7E, 0x07, 0x02, 0x00, 0x00, 
0x3C, 0x00, 0x10, 0xD0, 0x23, 0x2D, 0x02, 0x00, 0x00, 0x00, 0x80, 0xBF, 0x23, 0x00, 0x00, 0xD1, 
0x23, 0x01, 0xF1, 0x00, 0x3C, 0x00, 0xC5, 0xD3, 0x6F, 0x17, 0xF3, 0x14, 0x80, 0x1A, 0x2C, 0x68, 
0x00, 0x2C, 0x6C, 0xD8, 0x16, 0x00, 0x00, 0x90, 0x40, 0x2C, 0x6C, 0xD8, 0x16, 0x00, 0x00, 0x91, 
0x80, 0x2C, 0x6C, 0xD8, 0x16, 0x00, 0x00, 0x92, 0xC0, 0x2C, 0x6C, 0xD8, 0x16, 0x00, 0x00, 0x93, 
0x3C, 0x00, 0xC5, 0xD3, 0x70, 0x19, 0xF3, 0x14, 0x24, 0x41, 0x48, 0x7E, 0xFF, 0x02, 0x2C, 0x7E, 
0x07, 0x02, 0x00, 0x00, 0x3C, 0x00, 0x10, 0xD0, 0x24, 0x2D, 0x02, 0x00, 0x00, 0x00, 0x80, 0xBF, 
0x24, 0x00, 0x00, 0xD1, 0x24, 0x01, 0xF1, 0x00, 0x25, 0x41, 0x4A, 0x7E, 0xFF, 0x02, 0x2C, 0x7E, 
0x07, 0x02, 0x00, 0x00, 0x3C, 0x00, 0x10, 0xD0, 0x25, 0x2D, 0x02, 0x00, 0x00, 0x00, 0x80, 0xBF, 
0x25, 0x00, 0x00, 0xD1, 0x25, 0x01, 0xF1, 0x00, 0x3C, 0x00, 0xC5, 0xD3, 0x71, 0x1B, 0xF3, 0x14, 
0x80, 0x1A, 0x2C, 0x68, 0x00, 0x30, 0x6C, 0xD8, 0x16, 0x00, 0x00, 0x94, 0x40, 0x30, 0x6C, 0xD8, 
0x16, 0x00, 0x00, 0x95, 0x80, 0x30, 0x6C, 0xD8, 0x16, 0x00, 0x00, 0x96, 0xC0, 0x30, 0x6C, 0xD8, 
0x16, 0x00, 0x00, 0x97, 0x3C, 0x00, 0xC5, 0xD3, 0x72, 0x1D, 0xF3, 0x14, 0x26, 0x41, 0x4C, 0x7E, 
0xFF, 0x02, 0x2C, 0x7E, 0x07, 0x02, 0x00, 0x00, 0x3C, 0x00, 0x10, 0xD0, 0x26, 0x2D, 0x02, 0x00, 
0x00, 0x00, 0x80, 0xBF, 0x26, 0x00, 0x00, 0xD1, 0x26, 0x01, 0xF1, 0x00, 0x27, 0x41, 0x4E, 0x7E, 
0xFF, 0x02, 0x2C, 0x7E, 0x07, 0x02, 0x00, 0x00, 0x3C, 0x00, 0x10, 0xD0, 0x27, 0x2D, 0x02, 0x00, 
0x00, 0x00, 0x80, 0xBF, 0x27, 0x00, 0x00, 0xD1, 0x27, 0x01, 0xF1, 0x00, 0x3C, 0x00, 0xC5, 0xD3, 
0x73, 0x1F, 0xF3, 0x14, 0x80, 0x1A, 0x2C, 0x68, 0x00, 0x34, 0x6C, 0xD8, 0x16, 0x00, 0x00, 0x98, 
0x40, 0x34, 0x6C, 0xD8, 0x16, 0x00, 0x00, 0x99, 0x80, 0x34, 0x6C, 0xD8, 0x16, 0x00, 0x00, 0x9A, 
0xC0, 0x34, 0x6C, 0xD8, 0x16, 0x00, 0x00, 0x9B, 0x3C, 0x00, 0xC5, 0xD3, 0x74, 0x21, 0xF3, 0x14, 
0x28, 0x41, 0x50, 0x7E, 0xFF, 0x02, 0x2C, 0x7E, 0x07, 0x02, 0x00, 0x00, 0x3C, 0x00, 0x10, 0xD0, 
0x28, 0x2D, 0x02, 0x00, 0x00, 0x00, 0x80, 0xBF, 0x28, 0x00, 0x00, 0xD1, 0x28, 0x01, 0xF1, 0x00, 
0x29, 0x41, 0x52, 0x7E, 0xFF, 0x02, 0x2C, 0x7E, 0x07, 0x02, 0x00, 0x00, 0x3C, 0x00, 0x10, 0xD0, 
0x29, 0x2D, 0x02, 0x00, 0x00, 0x00, 0x80, 0xBF, 0x29, 0x00, 0x00, 0xD1, 0x29, 0x01, 0xF1, 0x00, 
0x3C, 0x00, 0xC5, 0xD3, 0x75, 0x23, 0xF3, 0x14, 0x80, 0x1A, 0x2C, 0x68, 0x00, 0x38, 0x6C, 0xD8, 
0x16, 0x00, 0x00, 0x9C, 0x40, 0x38, 0x6C, 0xD8, 0x16, 0x00, 0x00, 0x9D, 0x80, 0x38, 0x6C, 0xD8, 
0x16, 0x00, 0x00, 0x9E, 0xC0, 0x38, 0x6C, 0xD8, 0x16, 0x00, 0x00, 0x9F, 0x3C, 0x00, 0xC5, 0xD3, 
0x76, 0x25, 0xF3, 0x14, 0x2A, 0x41, 0x54, 0x7E, 0xFF, 0x02, 0x2C, 0x7E, 0x07, 0x02, 0x00, 0x00, 
0x3C, 0x00, 0x10, 0xD0, 0x2A, 0x2D, 0x02, 0x00, 0x00, 0x00, 0x80, 0xBF, 0x2A, 0x00, 0x00, 0xD1, 
0x2A, 0x01, 0xF1, 0x00, 0x2B, 0x41, 0x56, 0x7E, 0xFF, 0x02, 0x2C, 0x7E, 0x07, 0x02, 0x00, 0x00, 
0x3C, 0x00, 0x10, 0xD0, 0x2B, 0x2D, 0x02, 0x00, 0x00, 0x00, 0x80, 0xBF, 0x2B, 0x00, 0x00, 0xD1, 
0x2B, 0x01, 0xF1, 0x00, 0x3C, 0x00, 0xC5, 0xD3, 0x77, 0x27, 0xF3, 0x14, 0x80, 0x1A, 0x2C, 0x68, 
0x00, 0x3C, 0x6C, 0xD8, 0x16, 0x00, 0x00, 0xA0, 0x40, 0x3C, 0x6C, 0xD8, 0x16, 0x00, 0x00, 0xA1, 
0x80, 0x3C, 0x6C, 0xD8, 0x16, 0x00, 0x00, 0xA2, 0xC0, 0x3C, 0x6C, 0xD8, 0x16, 0x00, 0x00, 0xA3, 
0x3C, 0x00, 0xC5, 0xD3, 0x78, 0x29, 0xF3, 0x14, 0x3C, 0x00, 0xC5, 0xD3, 0x79, 0x2B, 0xF3, 0x14, 
0x3C, 0x00, 0xC5, 0xD3, 0x7A, 0x2D, 0xF3, 0x14, 0x3C, 0x00, 0xC5, 0xD3, 0x7B, 0x2F, 0xF3, 0x14, 
0x3C, 0x00, 0xC5, 0xD3, 0x7C, 0x31, 0xF3, 0x14, 0x3C, 0x00, 0xC5, 0xD3, 0x7D, 0x33, 0xF3, 0x14, 
0x3C, 0x00, 0xC5, 0xD3, 0x7E, 0x35, 0xF3, 0x14, 0x3C, 0x00, 0xC5, 0xD3, 0x7F, 0x37, 0xF3, 0x14, 
0x3C, 0x00, 0xC5, 0xD3, 0x80, 0x39, 0xF3, 0x14, 0x3C, 0x00, 0xC5, 0xD3, 0x81, 0x3B, 0xF3, 0x14, 
0x3C, 0x00, 0xC5, 0xD3, 0x82, 0x3D, 0xF3, 0x14, 0x3C, 0x00, 0xC5, 0xD3, 0x83, 0x3F, 0xF3, 0x14, 
0x40, 0x00, 0xC5, 0xD3, 0x64, 0x21, 0x03, 0x12, 0x40, 0x00, 0xC5, 0xD3, 0x65, 0x23, 0x03, 0x15, 
0x40, 0x00, 0xC5, 0xD3, 0x66, 0x25, 0x03, 0x15, 0x40, 0x00, 0xC5, 0xD3, 0x67, 0x27, 0x03, 0x15, 
0x40, 0x00, 0xC5, 0xD3, 0x68, 0x29, 0x03, 0x15, 0x40, 0x00, 0xC5, 0xD3, 0x69, 0x2B, 0x03, 0x15, 
0x40, 0x00, 0xC5, 0xD3, 0x6A, 0x2D, 0x03, 0x15, 0x40, 0x00, 0xC5, 0xD3, 0x6B, 0x2F, 0x03, 0x15, 
0x40, 0x00, 0xC5, 0xD3, 0x6C, 0x31, 0x03, 0x15, 0x40, 0x00, 0xC5, 0xD3, 0x6D, 0x33, 0x03, 0x15, 
0x40, 0x00, 0xC5, 0xD3, 0x6E, 0x35, 0x03, 0x15, 0x40, 0x00, 0xC5, 0xD3, 0x6F, 0x37, 0x03, 0x15, 
0x40, 0x00, 0xC5, 0xD3, 0x70, 0x39, 0x03, 0x15, 0x40, 0x00, 0xC5, 0xD3, 0x71, 0x3B, 0x03, 0x15, 
0x40, 0x00, 0xC5, 0xD3, 0x72, 0x3D, 0x03, 0x15, 0x40, 0x00, 0xC5, 0xD3, 0x73, 0x3F, 0x03, 0x15, 
0x40, 0x00, 0xC5, 0xD3, 0x74, 0x41, 0x03, 0x15, 0x40, 0x00, 0xC5, 0xD3, 0x75, 0x43, 0x03, 0x15, 
0x40, 0x00, 0xC5, 0xD3, 0x76, 0x45, 0x03, 0x15, 0x40, 0x00, 0xC5, 0xD3, 0x77, 0x47, 0x03, 0x15, 
0x40, 0x00, 0xC5, 0xD3, 0x78, 0x49, 0x03, 0x15, 0x40, 0x00, 0xC5, 0xD3, 0x79, 0x4B, 0x03, 0x15, 
0x40, 0x00, 0xC5, 0xD3, 0x7A, 0x4D, 0x03, 0x15, 0x40, 0x00, 0xC5, 0xD3, 0x7B, 0x4F, 0x03, 0x15, 
0x40, 0x00, 0xC5, 0xD3, 0x7C, 0x51, 0x03, 0x15, 0x40, 0x00, 0xC5, 0xD3, 0x7D, 0x53, 0x03, 0x15, 
0x40, 0x00, 0xC5, 0xD3, 0x7E, 0x55, 0x03, 0x15, 0x40, 0x00, 0xC5, 0xD3, 0x7F, 0x57, 0x03, 0x15, 
0x40, 0x00, 0xC5, 0xD3, 0x80, 0x59, 0x03, 0x15, 0x40, 0x00, 0xC5, 0xD3, 0x81, 0x5B, 0x03, 0x15, 
0x40, 0x00, 0xC5, 0xD3, 0x82, 0x5D, 0x03, 0x15, 0x40, 0x00, 0xC5, 0xD3, 0x83, 0x5F, 0x03, 0x15, 
0x7F, 0xCF, 0x8C, 0xBF, 0x7A, 0x0F, 0x8C, 0xBF, 0x00, 0x00, 0x8A, 0xBF, 0xA4, 0x00, 0xC5, 0xD3, 
0x44, 0x39, 0x92, 0x06, 0xFA, 0x78, 0x78, 0x06, 0x1A, 0x00, 0x00, 0xFF, 0xFA, 0x7A, 0x7A, 0x06, 
0x1A, 0x55, 0x00, 0xFF, 0xFA, 0x7C, 0x7C, 0x06, 0x1A, 0xAA, 0x00, 0xFF, 0xFA, 0x7E, 0x7E, 0x06, 
0x1A, 0xFF, 0x00, 0xFF, 0x1C, 0x79, 0x78, 0x0A, 0x1D, 0x7B, 0x7A, 0x0A, 0x1E, 0x7D, 0x7C, 0x0A, 
0x1F, 0x7F, 0x7E, 0x0A, 0xA4, 0x00, 0xC5, 0xD3, 0x45, 0x3B, 0x92, 0x06, 0xFF, 0x20, 0x2C, 0x68, 
0x00, 0x24, 0x01, 0x00, 0x00, 0x00, 0x6C, 0xD8, 0x16, 0x00, 0x00, 0xF4, 0x40, 0x10, 0x34, 0xE1, 
0x07, 0xF0, 0x08, 0x80, 0xA4, 0x00, 0xC5, 0xD3, 0x46, 0x3D, 0x92, 0x06, 0xFA, 0x80, 0x80, 0x06, 
0x1A, 0x00, 0x00, 0xFF, 0xFA, 0x82, 0x82, 0x06, 0x1A, 0x55, 0x00, 0xFF, 0xFA, 0x84, 0x84, 0x06, 
0x1A, 0xAA, 0x00, 0xFF, 0xFA, 0x86, 0x86, 0x06, 0x1A, 0xFF, 0x00, 0xFF, 0x20, 0x81, 0x80, 0x0A, 
0x21, 0x83, 0x82, 0x0A, 0x22, 0x85, 0x84, 0x0A, 0x23, 0x87, 0x86, 0x0A, 0xA4, 0x00, 0xC5, 0xD3, 
0x47, 0x3F, 0x92, 0x06, 0xFF, 0x20, 0x2C, 0x68, 0x00, 0x24, 0x01, 0x00, 0x40, 0x10, 0x34, 0xE1, 
0x08, 0xF1, 0x08, 0x80, 0xA8, 0x00, 0xC5, 0xD3, 0x48, 0x39, 0xA2, 0x06, 0xFA, 0x88, 0x88, 0x06, 
0x1A, 0x00, 0x00, 0xFF, 0xFA, 0x8A, 0x8A, 0x06, 0x1A, 0x55, 0x00, 0xFF, 0xFA, 0x8C, 0x8C, 0x06, 
0x1A, 0xAA, 0x00, 0xFF, 0xFA, 0x8E, 0x8E, 0x06, 0x1A, 0xFF, 0x00, 0xFF, 0x24, 0x89, 0x88, 0x0A, 
0x25, 0x8B, 0x8A, 0x0A, 0x26, 0x8D, 0x8C, 0x0A, 0x27, 0x8F, 0x8E, 0x0A, 0xA8, 0x00, 0xC5, 0xD3, 
0x49, 0x3B, 0xA2, 0x06, 0xFF, 0x20, 0x2C, 0x68, 0x00, 0x24, 0x01, 0x00, 0x40, 0x10, 0x34, 0xE1, 
0x09, 0xF2, 0x08, 0x80, 0xA8, 0x00, 0xC5, 0xD3, 0x4A, 0x3D, 0xA2, 0x06, 0xFA, 0x90, 0x90, 0x06, 
0x1A, 0x00, 0x00, 0xFF, 0xFA, 0x92, 0x92, 0x06, 0x1A, 0x55, 0x00, 0xFF, 0xFA, 0x94, 0x94, 0x06, 
0x1A, 0xAA, 0x00, 0xFF, 0xFA, 0x96, 0x96, 0x06, 0x1A, 0xFF, 0x00, 0xFF, 0x28, 0x91, 0x90, 0x0A, 
0x29, 0x93, 0x92, 0x0A, 0x2A, 0x95, 0x94, 0x0A, 0x2B, 0x97, 0x96, 0x0A, 0xA8, 0x00, 0xC5, 0xD3, 
0x4B, 0x3F, 0xA2, 0x06, 0xFF, 0x20, 0x2C, 0x68, 0x00, 0x24, 0x01, 0x00, 0x40, 0x10, 0x34, 0xE1, 
0x0A, 0xF3, 0x08, 0x80, 0xAC, 0x00, 0xC5, 0xD3, 0x4C, 0x39, 0xB2, 0x06, 0xFF, 0x1E, 0x2C, 0x68, 
0x00, 0x26, 0x02, 0x00, 0x00, 0x00, 0x1A, 0xD8, 0x16, 0x3C, 0x00, 0x00, 0x40, 0x00, 0x1A, 0xD8, 
0x16, 0x3D, 0x00, 0x00, 0x80, 0x00, 0x1A, 0xD8, 0x16, 0x3E, 0x00, 0x00, 0xC0, 0x00, 0x1A, 0xD8, 
0x16, 0x3F, 0x00, 0x00, 0xAC, 0x00, 0xC5, 0xD3, 0x4D, 0x3B, 0xB2, 0x06, 0xFF, 0x1E, 0x2C, 0x68, 
0x00, 0x26, 0x02, 0x00, 0x00, 0x10, 0x1A, 0xD8, 0x16, 0x40, 0x00, 0x00, 0x40, 0x10, 0x1A, 0xD8, 
0x16, 0x41, 0x00, 0x00, 0x80, 0x10, 0x1A, 0xD8, 0x16, 0x42, 0x00, 0x00, 0xC0, 0x10, 0x1A, 0xD8, 
0x16, 0x43, 0x00, 0x00, 0xAC, 0x00, 0xC5, 0xD3, 0x4E, 0x3D, 0xB2, 0x06, 0x7C, 0x0F, 0x8C, 0xBF, 
0x00, 0x00, 0x8A, 0xBF, 0xFF, 0x18, 0x2C, 0x68, 0x00, 0x60, 0x00, 0x00, 0x00, 0x40, 0xFE, 0xD9, 
0x16, 0x00, 0x00, 0x64, 0xAC, 0x00, 0xC5, 0xD3, 0x4F, 0x3F, 0xB2, 0x06, 0xFF, 0x18, 0x2C, 0x68, 
0x00, 0x60, 0x00, 0x00, 0x00, 0x44, 0xFE, 0xD9, 0x16, 0x00, 0x00, 0x68, 0xB0, 0x00, 0xC5, 0xD3, 
0x50, 0x39, 0xC2, 0x06, 0xFF, 0x18, 0x2C, 0x68, 0x00, 0x60, 0x00, 0x00, 0x00, 0x48, 0xFE, 0xD9, 
0x16, 0x00, 0x00, 0x6C, 0xB0, 0x00, 0xC5, 0xD3, 0x51, 0x3B, 0xC2, 0x06, 0xFF, 0x18, 0x2C, 0x68, 
0x00, 0x60, 0x00, 0x00, 0x00, 0x4C, 0xFE, 0xD9, 0x16, 0x00, 0x00, 0x70, 0xB0, 0x00, 0xC5, 0xD3, 
0x52, 0x3D, 0xC2, 0x06, 0xFF, 0x18, 0x2C, 0x68, 0x00, 0x60, 0x00, 0x00, 0x00, 0x50, 0xFE, 0xD9, 
0x16, 0x00, 0x00, 0x74, 0xB0, 0x00, 0xC5, 0xD3, 0x53, 0x3F, 0xC2, 0x06, 0xFF, 0x18, 0x2C, 0x68, 
0x00, 0x60, 0x00, 0x00, 0x00, 0x54, 0xFE, 0xD9, 0x16, 0x00, 0x00, 0x78, 0xB4, 0x00, 0xC5, 0xD3, 
0x54, 0x39, 0xD2, 0x06, 0xFF, 0x18, 0x2C, 0x68, 0x00, 0x60, 0x00, 0x00, 0x00, 0x58, 0xFE, 0xD9, 
0x16, 0x00, 0x00, 0x7C, 0xB4, 0x00, 0xC5, 0xD3, 0x55, 0x3B, 0xD2, 0x06, 0xFF, 0x18, 0x2C, 0x68, 
0x00, 0x60, 0x00, 0x00, 0x00, 0x5C, 0xFE, 0xD9, 0x16, 0x00, 0x00, 0x80, 0xB4, 0x00, 0xC5, 0xD3, 
0x56, 0x3D, 0xD2, 0x06, 0xFF, 0x18, 0x2C, 0x68, 0x00, 0x60, 0x00, 0x00, 0xB4, 0x00, 0xC5, 0xD3, 
0x57, 0x3F, 0xD2, 0x06, 0xFF, 0x18, 0x2C, 0x68, 0x00, 0x60, 0x00, 0x00, 0xB8, 0x00, 0xC5, 0xD3, 
0x58, 0x39, 0xE2, 0x06, 0xFF, 0x18, 0x2C, 0x68, 0x00, 0x60, 0x00, 0x00, 0xB8, 0x00, 0xC5, 0xD3, 
0x59, 0x3B, 0xE2, 0x06, 0xFF, 0x18, 0x2C, 0x68, 0x00, 0x60, 0x00, 0x00, 0xB8, 0x00, 0xC5, 0xD3, 
0x5A, 0x3D, 0xE2, 0x06, 0xFF, 0x18, 0x2C, 0x68, 0x00, 0x60, 0x00, 0x00, 0xB8, 0x00, 0xC5, 0xD3, 
0x5B, 0x3F, 0xE2, 0x06, 0xFF, 0x18, 0x2C, 0x68, 0x00, 0x60, 0x00, 0x00, 0xBC, 0x00, 0xC5, 0xD3, 
0x5C, 0x39, 0xF2, 0x06, 0xFF, 0x18, 0x2C, 0x68, 0x00, 0x60, 0x00, 0x00, 0xBC, 0x00, 0xC5, 0xD3, 
0x5D, 0x3B, 0xF2, 0x06, 0xFF, 0x18, 0x2C, 0x68, 0x00, 0x60, 0x00, 0x00, 0xBC, 0x00, 0xC5, 0xD3, 
0x5E, 0x3D, 0xF2, 0x06, 0xFF, 0x18, 0x2C, 0x68, 0x00, 0x60, 0x00, 0x00, 0xBC, 0x00, 0xC5, 0xD3, 
0x5F, 0x3F, 0xF2, 0x06, 0xFF, 0x18, 0x2C, 0x68, 0x00, 0x60, 0x00, 0x00, 0xC0, 0x00, 0xC5, 0xD3, 
0x60, 0x39, 0x02, 0x07, 0xFF, 0x18, 0x2C, 0x68, 0x00, 0x60, 0x00, 0x00, 0xC0, 0x00, 0xC5, 0xD3, 
0x61, 0x3B, 0x02, 0x07, 0xFF, 0x18, 0x2C, 0x68, 0x00, 0x60, 0x00, 0x00, 0xC0, 0x00, 0xC5, 0xD3, 
0x62, 0x3D, 0x02, 0x07, 0xFF, 0x18, 0x2C, 0x68, 0x00, 0x60, 0x00, 0x00, 0xC0, 0x00, 0xC5, 0xD3, 
0x63, 0x3F, 0x02, 0x07, 0xFF, 0x18, 0x2C, 0x68, 0x00, 0x60, 0x00, 0x00, 0xC4, 0x00, 0xC5, 0xD3, 
0x44, 0x41, 0x12, 0x07, 0xFF, 0x18, 0x2C, 0x68, 0x00, 0x60, 0x00, 0x00, 0xC4, 0x00, 0xC5, 0xD3, 
0x45, 0x43, 0x12, 0x07, 0xFF, 0x18, 0x2C, 0x68, 0x00, 0x60, 0x00, 0x00, 0xC4, 0x00, 0xC5, 0xD3, 
0x46, 0x45, 0x12, 0x07, 0xFF, 0x18, 0x2C, 0x68, 0x00, 0x60, 0x00, 0x00, 0xC4, 0x00, 0xC5, 0xD3, 
0x47, 0x47, 0x12, 0x07, 0xFF, 0x18, 0x2C, 0x68, 0x00, 0x60, 0x00, 0x00, 0xC8, 0x00, 0xC5, 0xD3, 
0x48, 0x41, 0x22, 0x07, 0xFF, 0x18, 0x2C, 0x68, 0x00, 0x60, 0x00, 0x00, 0xC8, 0x00, 0xC5, 0xD3, 
0x49, 0x43, 0x22, 0x07, 0xFF, 0x18, 0x2C, 0x68, 0x00, 0x60, 0x00, 0x00, 0xC8, 0x00, 0xC5, 0xD3, 
0x4A, 0x45, 0x22, 0x07, 0xFF, 0x18, 0x2C, 0x68, 0x00, 0x60, 0x00, 0x00, 0xC8, 0x00, 0xC5, 0xD3, 
0x4B, 0x47, 0x22, 0x07, 0xFF, 0x18, 0x2C, 0x68, 0x00, 0x60, 0x00, 0x00, 0xCC, 0x00, 0xC5, 0xD3, 
0x4C, 0x41, 0x32, 0x07, 0xFF, 0x18, 0x2C, 0x68, 0x00, 0x60, 0x00, 0x00, 0xCC, 0x00, 0xC5, 0xD3, 
0x4D, 0x43, 0x32, 0x07, 0xFF, 0x18, 0x2C, 0x68, 0x00, 0x60, 0x00, 0x00, 0xCC, 0x00, 0xC5, 0xD3, 
0x4E, 0x45, 0x32, 0x07, 0xFF, 0x18, 0x2C, 0x68, 0x00, 0x60, 0x00, 0x00, 0xCC, 0x00, 0xC5, 0xD3, 
0x4F, 0x47, 0x32, 0x07, 0xFF, 0x18, 0x2C, 0x68, 0x00, 0x60, 0x00, 0x00, 0xD0, 0x00, 0xC5, 0xD3, 
0x50, 0x41, 0x42, 0x07, 0xFF, 0x18, 0x2C, 0x68, 0x00, 0x60, 0x00, 0x00, 0xD0, 0x00, 0xC5, 0xD3, 
0x51, 0x43, 0x42, 0x07, 0xFF, 0x18, 0x2C, 0x68, 0x00, 0x60, 0x00, 0x00, 0xD0, 0x00, 0xC5, 0xD3, 
0x52, 0x45, 0x42, 0x07, 0xFF, 0x18, 0x2C, 0x68, 0x00, 0x60, 0x00, 0x00, 0xD0, 0x00, 0xC5, 0xD3, 
0x53, 0x47, 0x42, 0x07, 0xFF, 0x18, 0x2C, 0x68, 0x00, 0x60, 0x00, 0x00, 0xD4, 0x00, 0xC5, 0xD3, 
0x54, 0x41, 0x52, 0x07, 0xFF, 0x18, 0x2C, 0x68, 0x00, 0x60, 0x00, 0x00, 0xD4, 0x00, 0xC5, 0xD3, 
0x55, 0x43, 0x52, 0x07, 0xFF, 0x18, 0x2C, 0x68, 0x00, 0x60, 0x00, 0x00, 0xD4, 0x00, 0xC5, 0xD3, 
0x56, 0x45, 0x52, 0x07, 0xFF, 0x18, 0x2C, 0x68, 0x00, 0x60, 0x00, 0x00, 0xD4, 0x00, 0xC5, 0xD3, 
0x57, 0x47, 0x52, 0x07, 0xFF, 0x18, 0x2C, 0x68, 0x00, 0x60, 0x00, 0x00, 0xD8, 0x00, 0xC5, 0xD3, 
0x58, 0x41, 0x62, 0x07, 0xFF, 0x18, 0x2C, 0x68, 0x00, 0x60, 0x00, 0x00, 0xD8, 0x00, 0xC5, 0xD3, 
0x59, 0x43, 0x62, 0x07, 0xFF, 0x18, 0x2C, 0x68, 0x00, 0x60, 0x00, 0x00, 0xD8, 0x00, 0xC5, 0xD3, 
0x5A, 0x45, 0x62, 0x07, 0xFF, 0x18, 0x2C, 0x68, 0x00, 0x60, 0x00, 0x00, 0xD8, 0x00, 0xC5, 0xD3, 
0x5B, 0x47, 0x62, 0x07, 0xFF, 0x18, 0x2C, 0x68, 0x00, 0x60, 0x00, 0x00, 0xDC, 0x00, 0xC5, 0xD3, 
0x5C, 0x41, 0x72, 0x07, 0xFF, 0x18, 0x2C, 0x68, 0x00, 0x60, 0x00, 0x00, 0xDC, 0x00, 0xC5, 0xD3, 
0x5D, 0x43, 0x72, 0x07, 0xFF, 0x18, 0x2C, 0x68, 0x00, 0x60, 0x00, 0x00, 0xDC, 0x00, 0xC5, 0xD3, 
0x5E, 0x45, 0x72, 0x07, 0xFF, 0x18, 0x2C, 0x68, 0x00, 0x60, 0x00, 0x00, 0xDC, 0x00, 0xC5, 0xD3, 
0x5F, 0x47, 0x72, 0x07, 0xFF, 0x18, 0x2C, 0x68, 0x00, 0x60, 0x00, 0x00, 0xE0, 0x00, 0xC5, 0xD3, 
0x60, 0x41, 0x82, 0x07, 0xFF, 0x18, 0x2C, 0x68, 0x00, 0x60, 0x00, 0x00, 0xE0, 0x00, 0xC5, 0xD3, 
0x61, 0x43, 0x82, 0x07, 0xFF, 0x18, 0x2C, 0x68, 0x00, 0x60, 0x00, 0x00, 0xE0, 0x00, 0xC5, 0xD3, 
0x62, 0x45, 0x82, 0x07, 0xFF, 0x18, 0x2C, 0x68, 0x00, 0x60, 0x00, 0x00, 0xE0, 0x00, 0xC5, 0xD3, 
0x63, 0x47, 0x82, 0x07, 0xFF, 0x18, 0x2C, 0x68, 0x00, 0x60, 0x00, 0x00, 0x7F, 0xC8, 0x8C, 0xBF, 
0x00, 0x00, 0x8A, 0xBF, 0xC0, 0x80, 0xC5, 0xD3, 0x84, 0x79, 0x02, 0x07, 0x30, 0xE8, 0xE9, 0x0B, 
0xFA, 0x02, 0xEE, 0x7F, 0xF4, 0xFF, 0x00, 0xFF, 0xC0, 0x80, 0xC5, 0xD3, 0x84, 0x79, 0x02, 0x07, 
0xFF, 0x1C, 0x2C, 0x68, 0x00, 0x26, 0x02, 0x00, 0x00, 0x00, 0xFE, 0xD9, 0x16, 0x00, 0x00, 0x1C, 
0x00, 0x04, 0xFE, 0xD9, 0x16, 0x00, 0x00, 0x20, 0xC0, 0x80, 0xC5, 0xD3, 0x84, 0x79, 0x02, 0x07, 
0xFA, 0x02, 0xEC, 0x7F, 0xF4, 0xAA, 0x00, 0xFF, 0xC0, 0x80, 0xC5, 0xD3, 0x84, 0x79, 0x02, 0x07, 
0xFF, 0x1C, 0x2C, 0x68, 0x00, 0x26, 0x02, 0x00, 0x00, 0x08, 0xFE, 0xD9, 0x16, 0x00, 0x00, 0x24, 
0x00, 0x0C, 0xFE, 0xD9, 0x16, 0x00, 0x00, 0x28, 0xC4, 0x80, 0xC5, 0xD3, 0x85, 0x79, 0x12, 0x07, 
0xFA, 0x02, 0xEA, 0x7F, 0xF4, 0x55, 0x00, 0xFF, 0xC4, 0x80, 0xC5, 0xD3, 0x85, 0x79, 0x12, 0x07, 
0xFF, 0x1C, 0x2C, 0x68, 0x00, 0x26, 0x02, 0x00, 0x00, 0x10, 0xFE, 0xD9, 0x16, 0x00, 0x00, 0x2C, 
0x00, 0x14, 0xFE, 0xD9, 0x16, 0x00, 0x00, 0x30, 0xC4, 0x80, 0xC5, 0xD3, 0x85, 0x79, 0x12, 0x07, 
0xFA, 0x02, 0xE8, 0x7F, 0xF4, 0x00, 0x00, 0xFF, 0xC4, 0x80, 0xC5, 0xD3, 0x85, 0x79, 0x12, 0x07, 
0xFF, 0x1C, 0x2C, 0x68, 0x00, 0x26, 0x02, 0x00, 0x00, 0x18, 0xFE, 0xD9, 0x16, 0x00, 0x00, 0x34, 
0x00, 0x1C, 0xFE, 0xD9, 0x16, 0x00, 0x00, 0x38, 0xC8, 0x80, 0xC5, 0xD3, 0x86, 0x79, 0x22, 0x07, 
0x7A, 0x0F, 0x8C, 0xBF, 0x00, 0x00, 0x8A, 0xBF, 0xFF, 0x18, 0x2C, 0x68, 0x00, 0xC0, 0x00, 0x00, 
0x00, 0x40, 0xFE, 0xD9, 0x16, 0x00, 0x00, 0x64, 0xC8, 0x80, 0xC5, 0xD3, 0x86, 0x79, 0x22, 0x07, 
0xFF, 0x18, 0x2C, 0x68, 0x00, 0xC0, 0x00, 0x00, 0x00, 0x44, 0xFE, 0xD9, 0x16, 0x00, 0x00, 0x68, 
0xC8, 0x80, 0xC5, 0xD3, 0x86, 0x79, 0x22, 0x07, 0xFF, 0x18, 0x2C, 0x68, 0x00, 0xC0, 0x00, 0x00, 
0x00, 0x48, 0xFE, 0xD9, 0x16, 0x00, 0x00, 0x6C, 0xC8, 0x80, 0xC5, 0xD3, 0x86, 0x79, 0x22, 0x07, 
0xFF, 0x18, 0x2C, 0x68, 0x00, 0xC0, 0x00, 0x00, 0x00, 0x4C, 0xFE, 0xD9, 0x16, 0x00, 0x00, 0x70, 
0xCC, 0x80, 0xC5, 0xD3, 0x87, 0x79, 0x32, 0x07, 0xFF, 0x18, 0x2C, 0x68, 0x00, 0xC0, 0x00, 0x00, 
0x00, 0x50, 0xFE, 0xD9, 0x16, 0x00, 0x00, 0x74, 0xCC, 0x80, 0xC5, 0xD3, 0x87, 0x79, 0x32, 0x07, 
0xFF, 0x18, 0x2C, 0x68, 0x00, 0xC0, 0x00, 0x00, 0x00, 0x54, 0xFE, 0xD9, 0x16, 0x00, 0x00, 0x78, 
0xCC, 0x80, 0xC5, 0xD3, 0x87, 0x79, 0x32, 0x07, 0xFF, 0x18, 0x2C, 0x68, 0x00, 0xC0, 0x00, 0x00, 
0x00, 0x58, 0xFE, 0xD9, 0x16, 0x00, 0x00, 0x7C, 0xCC, 0x80, 0xC5, 0xD3, 0x87, 0x79, 0x32, 0x07, 
0xFF, 0x18, 0x2C, 0x68, 0x00, 0xC0, 0x00, 0x00, 0x00, 0x5C, 0xFE, 0xD9, 0x16, 0x00, 0x00, 0x80, 
0xD0, 0x80, 0xC5, 0xD3, 0x88, 0x79, 0x42, 0x07, 0xFF, 0x18, 0x2C, 0x68, 0x00, 0xC0, 0x00, 0x00, 
0xD0, 0x80, 0xC5, 0xD3, 0x88, 0x79, 0x42, 0x07, 0xFF, 0x18, 0x2C, 0x68, 0x00, 0xC0, 0x00, 0x00, 
0xD0, 0x80, 0xC5, 0xD3, 0x88, 0x79, 0x42, 0x07, 0xFF, 0x18, 0x2C, 0x68, 0x00, 0xC0, 0x00, 0x00, 
0xD0, 0x80, 0xC5, 0xD3, 0x88, 0x79, 0x42, 0x07, 0xFF, 0x18, 0x2C, 0x68, 0x00, 0xC0, 0x00, 0x00, 
0xD4, 0x80, 0xC5, 0xD3, 0x89, 0x79, 0x52, 0x07, 0xFF, 0x18, 0x2C, 0x68, 0x00, 0xC0, 0x00, 0x00, 
0xD4, 0x80, 0xC5, 0xD3, 0x89, 0x79, 0x52, 0x07, 0xFF, 0x18, 0x2C, 0x68, 0x00, 0xC0, 0x00, 0x00, 
0xD4, 0x80, 0xC5, 0xD3, 0x89, 0x79, 0x52, 0x07, 0xFF, 0x18, 0x2C, 0x68, 0x00, 0xC0, 0x00, 0x00, 
0xD4, 0x80, 0xC5, 0xD3, 0x89, 0x79, 0x52, 0x07, 0xFF, 0x18, 0x2C, 0x68, 0x00, 0xC0, 0x00, 0x00, 
0xD8, 0x80, 0xC5, 0xD3, 0x8A, 0x79, 0x62, 0x07, 0xFF, 0x18, 0x2C, 0x68, 0x00, 0xC0, 0x00, 0x00, 
0xD8, 0x80, 0xC5, 0xD3, 0x8A, 0x79, 0x62, 0x07, 0xFF, 0x18, 0x2C, 0x68, 0x00, 0xC0, 0x00, 0x00, 
0xD8, 0x80, 0xC5, 0xD3, 0x8A, 0x79, 0x62, 0x07, 0xFF, 0x18, 0x2C, 0x68, 0x00, 0xC0, 0x00, 0x00, 
0xD8, 0x80, 0xC5, 0xD3, 0x8A, 0x79, 0x62, 0x07, 0xFF, 0x18, 0x2C, 0x68, 0x00, 0xC0, 0x00, 0x00, 
0xDC, 0x80, 0xC5, 0xD3, 0x8B, 0x79, 0x72, 0x07, 0xFF, 0x18, 0x2C, 0x68, 0x00, 0xC0, 0x00, 0x00, 
0xDC, 0x80, 0xC5, 0xD3, 0x8B, 0x79, 0x72, 0x07, 0xFF, 0x18, 0x2C, 0x68, 0x00, 0xC0, 0x00, 0x00, 
0xDC, 0x80, 0xC5, 0xD3, 0x8B, 0x79, 0x72, 0x07, 0xFF, 0x18, 0x2C, 0x68, 0x00, 0xC0, 0x00, 0x00, 
0xDC, 0x80, 0xC5, 0xD3, 0x8B, 0x79, 0x72, 0x07, 0xFF, 0x18, 0x2C, 0x68, 0x00, 0xC0, 0x00, 0x00, 
0xE0, 0x80, 0xC5, 0xD3, 0x84, 0x7B, 0x82, 0x07, 0xFF, 0x18, 0x2C, 0x68, 0x00, 0xC0, 0x00, 0x00, 
0xE0, 0x80, 0xC5, 0xD3, 0x84, 0x7B, 0x82, 0x07, 0xFF, 0x18, 0x2C, 0x68, 0x00, 0xC0, 0x00, 0x00, 
0xE0, 0x80, 0xC5, 0xD3, 0x84, 0x7B, 0x82, 0x07, 0xFF, 0x18, 0x2C, 0x68, 0x00, 0xC0, 0x00, 0x00, 
0xE0, 0x80, 0xC5, 0xD3, 0x84, 0x7B, 0x82, 0x07, 0xFF, 0x18, 0x2C, 0x68, 0x00, 0xC0, 0x00, 0x00, 
0xE4, 0x80, 0xC5, 0xD3, 0x85, 0x7B, 0x92, 0x07, 0xFF, 0x18, 0x2C, 0x68, 0x00, 0xC0, 0x00, 0x00, 
0xE4, 0x80, 0xC5, 0xD3, 0x85, 0x7B, 0x92, 0x07, 0xFF, 0x18, 0x2C, 0x68, 0x00, 0xC0, 0x00, 0x00, 
0xE4, 0x80, 0xC5, 0xD3, 0x85, 0x7B, 0x92, 0x07, 0xFF, 0x18, 0x2C, 0x68, 0x00, 0xC0, 0x00, 0x00, 
0xE4, 0x80, 0xC5, 0xD3, 0x85, 0x7B, 0x92, 0x07, 0xFF, 0x18, 0x2C, 0x68, 0x00, 0xC0, 0x00, 0x00, 
0xE8, 0x80, 0xC5, 0xD3, 0x86, 0x7B, 0xA2, 0x07, 0xFF, 0x18, 0x2C, 0x68, 0x00, 0xC0, 0x00, 0x00, 
0xE8, 0x80, 0xC5, 0xD3, 0x86, 0x7B, 0xA2, 0x07, 0xFF, 0x18, 0x2C, 0x68, 0x00, 0xC0, 0x00, 0x00, 
0xE8, 0x80, 0xC5, 0xD3, 0x86, 0x7B, 0xA2, 0x07, 0xFF, 0x18, 0x2C, 0x68, 0x00, 0xC0, 0x00, 0x00, 
0xE8, 0x80, 0xC5, 0xD3, 0x86, 0x7B, 0xA2, 0x07, 0xFF, 0x18, 0x2C, 0x68, 0x00, 0xC0, 0x00, 0x00, 
0xEC, 0x80, 0xC5, 0xD3, 0x87, 0x7B, 0xB2, 0x07, 0xFF, 0x18, 0x2C, 0x68, 0x00, 0xC0, 0x00, 0x00, 
0xEC, 0x80, 0xC5, 0xD3, 0x87, 0x7B, 0xB2, 0x07, 0xFF, 0x18, 0x2C, 0x68, 0x00, 0xC0, 0x00, 0x00, 
0xEC, 0x80, 0xC5, 0xD3, 0x87, 0x7B, 0xB2, 0x07, 0xFF, 0x18, 0x2C, 0x68, 0x00, 0xC0, 0x00, 0x00, 
0xEC, 0x80, 0xC5, 0xD3, 0x87, 0x7B, 0xB2, 0x07, 0xFF, 0x18, 0x2C, 0x68, 0x00, 0xC0, 0x00, 0x00, 
0xF0, 0x80, 0xC5, 0xD3, 0x88, 0x7B, 0xC2, 0x07, 0xFF, 0x18, 0x2C, 0x68, 0x00, 0xC0, 0x00, 0x00, 
0xF0, 0x80, 0xC5, 0xD3, 0x88, 0x7B, 0xC2, 0x07, 0xFF, 0x18, 0x2C, 0x68, 0x00, 0xC0, 0x00, 0x00, 
0xF0, 0x80, 0xC5, 0xD3, 0x88, 0x7B, 0xC2, 0x07, 0xFF, 0x18, 0x2C, 0x68, 0x00, 0xC0, 0x00, 0x00, 
0xF0, 0x80, 0xC5, 0xD3, 0x88, 0x7B, 0xC2, 0x07, 0xFF, 0x18, 0x2C, 0x68, 0x00, 0xC0, 0x00, 0x00, 
0xF4, 0x80, 0xC5, 0xD3, 0x89, 0x7B, 0xD2, 0x07, 0xFF, 0x18, 0x2C, 0x68, 0x00, 0xC0, 0x00, 0x00, 
0xF4, 0x80, 0xC5, 0xD3, 0x89, 0x7B, 0xD2, 0x07, 0xFF, 0x18, 0x2C, 0x68, 0x00, 0xC0, 0x00, 0x00, 
0xF4, 0x80, 0xC5, 0xD3, 0x89, 0x7B, 0xD2, 0x07, 0xFF, 0x18, 0x2C, 0x68, 0x00, 0xC0, 0x00, 0x00, 
0xF4, 0x80, 0xC5, 0xD3, 0x89, 0x7B, 0xD2, 0x07, 0xFF, 0x18, 0x2C, 0x68, 0x00, 0xC0, 0x00, 0x00, 
0xF8, 0x80, 0xC5, 0xD3, 0x8A, 0x7B, 0xE2, 0x07, 0xFF, 0x18, 0x2C, 0x68, 0x00, 0xC0, 0x00, 0x00, 
0xF8, 0x80, 0xC5, 0xD3, 0x8A, 0x7B, 0xE2, 0x07, 0xFF, 0x18, 0x2C, 0x68, 0x00, 0xC0, 0x00, 0x00, 
0xF8, 0x80, 0xC5, 0xD3, 0x8A, 0x7B, 0xE2, 0x07, 0xFF, 0x18, 0x2C, 0x68, 0x00, 0xC0, 0x00, 0x00, 
0xF8, 0x80, 0xC5, 0xD3, 0x8A, 0x7B, 0xE2, 0x07, 0xFF, 0x18, 0x2C, 0x68, 0x00, 0xC0, 0x00, 0x00, 
0xFC, 0x80, 0xC5, 0xD3, 0x8B, 0x7B, 0xF2, 0x07, 0xFF, 0x18, 0x2C, 0x68, 0x00, 0xC0, 0x00, 0x00, 
0xFC, 0x80, 0xC5, 0xD3, 0x8B, 0x7B, 0xF2, 0x07, 0xFF, 0x18, 0x2C, 0x68, 0x00, 0xC0, 0x00, 0x00, 
0xFC, 0x80, 0xC5, 0xD3, 0x8B, 0x7B, 0xF2, 0x07, 0xFF, 0x18, 0x2C, 0x68, 0x00, 0xC0, 0x00, 0x00, 
0xFC, 0x80, 0xC5, 0xD3, 0x8B, 0x7B, 0xF2, 0x07, 0xFF, 0x18, 0x2C, 0x68, 0x00, 0xC0, 0x00, 0x00, 
0x78, 0x02, 0x8C, 0xBF, 0x00, 0x00, 0x8A, 0xBF, 0xE4, 0x00, 0xC5, 0xD3, 0x1C, 0x81, 0x02, 0x12, 
0x80, 0x18, 0x2C, 0x68, 0x00, 0x40, 0xFE, 0xD9, 0x16, 0x00, 0x00, 0x84, 0x00, 0x44, 0xFE, 0xD9, 
0x16, 0x00, 0x00, 0x88, 0xE4, 0x00, 0xC5, 0xD3, 0x1D, 0x83, 0x92, 0x17, 0x4A, 0x00, 0xFC, 0xBE, 
0x00, 0x20, 0x51, 0xE0, 0x0B, 0x00, 0x06, 0x80, 0xE4, 0x00, 0xC5, 0xD3, 0x1E, 0x85, 0x92, 0x17, 
0x80, 0x18, 0x2C, 0x68, 0x00, 0x48, 0xFE, 0xD9, 0x16, 0x00, 0x00, 0x8C, 0x00, 0x4C, 0xFE, 0xD9, 
0x16, 0x00, 0x00, 0x90, 0xE4, 0x00, 0xC5, 0xD3, 0x1F, 0x87, 0x92, 0x17, 0x50, 0x00, 0xFC, 0xBE, 
0x00, 0x10, 0x5D, 0xE0, 0x03, 0x00, 0x05, 0x64, 0xFF, 0x7C, 0x7C, 0x80, 0x00, 0x10, 0x00, 0x00, 
0xE4, 0x00, 0xC5, 0xD3, 0x20, 0x99, 0x92, 0x17, 0x80, 0x18, 0x2C, 0x68, 0x00, 0x50, 0xFE, 0xD9, 
0x16, 0x00, 0x00, 0x94, 0x00, 0x54, 0xFE, 0xD9, 0x16, 0x00, 0x00, 0x98, 0xE4, 0x00, 0xC5, 0xD3, 
0x21, 0x9B, 0x92, 0x17, 0x50, 0x00, 0xFC, 0xBE, 0x00, 0x10, 0x5D, 0xE0, 0x04, 0x00, 0x05, 0x64, 
0xFF, 0x7C, 0x7C, 0x80, 0x00, 0x10, 0x00, 0x00, 0xE4, 0x00, 0xC5, 0xD3, 0x22, 0x9D, 0x92, 0x17, 
0x80, 0x18, 0x2C, 0x68, 0x00, 0x58, 0xFE, 0xD9, 0x16, 0x00, 0x00, 0x9C, 0x00, 0x5C, 0xFE, 0xD9, 
0x16, 0x00, 0x00, 0xA0, 0xE4, 0x00, 0xC5, 0xD3, 0x23, 0x9F, 0x92, 0x17, 0x53, 0x00, 0xFC, 0xBE, 
0x00, 0x10, 0x5D, 0xE0, 0x03, 0x00, 0x07, 0x63, 0xFF, 0x7C, 0x7C, 0x80, 0x00, 0x10, 0x00, 0x00, 
0xE4, 0x00, 0xC5, 0xD3, 0x24, 0xB1, 0x92, 0x17, 0x80, 0x18, 0x2C, 0x68, 0xE4, 0x00, 0xC5, 0xD3, 
0x25, 0xB3, 0x92, 0x17, 0x53, 0x00, 0xFC, 0xBE, 0x00, 0x10, 0x5D, 0xE0, 0x04, 0x00, 0x07, 0x63, 
0xFF, 0x7C, 0x7C, 0x80, 0x00, 0x10, 0x00, 0x00, 0xE4, 0x00, 0xC5, 0xD3, 0x26, 0xB5, 0x92, 0x17, 
0x4D, 0x00, 0xFC, 0xBE, 0x00, 0x10, 0x5D, 0xE0, 0x01, 0x00, 0x02, 0x62, 0xFF, 0x7C, 0x7C, 0x80, 
0x00, 0x10, 0x00, 0x00, 0xE4, 0x00, 0xC5, 0xD3, 0x27, 0xB7, 0x92, 0x17, 0x4D, 0x00, 0xFC, 0xBE, 
0x00, 0x10, 0x5D, 0xE0, 0x02, 0x00, 0x02, 0x62, 0xFF, 0x7C, 0x7C, 0x80, 0x00, 0x10, 0x00, 0x00, 
0xE4, 0x00, 0xC5, 0xD3, 0x28, 0xC9, 0x92, 0x17, 0xE4, 0x00, 0xC5, 0xD3, 0x29, 0xCB, 0x92, 0x17, 
0xE4, 0x00, 0xC5, 0xD3, 0x2A, 0xCD, 0x92, 0x17, 0xE4, 0x00, 0xC5, 0xD3, 0x2B, 0xCF, 0x92, 0x17, 
0xE4, 0x00, 0xC5, 0xD3, 0x2C, 0xE1, 0x92, 0x17, 0xE4, 0x00, 0xC5, 0xD3, 0x2D, 0xE3, 0x92, 0x17, 
0xE4, 0x00, 0xC5, 0xD3, 0x2E, 0xE5, 0x92, 0x17, 0xE4, 0x00, 0xC5, 0xD3, 0x2F, 0xE7, 0x92, 0x17, 
0xE4, 0x00, 0xC5, 0xD3, 0x30, 0xF9, 0x92, 0x17, 0xE4, 0x00, 0xC5, 0xD3, 0x31, 0xFB, 0x92, 0x17, 
0xE4, 0x00, 0xC5, 0xD3, 0x32, 0xFD, 0x92, 0x17, 0xE4, 0x00, 0xC5, 0xD3, 0x33, 0xFF, 0x92, 0x17, 
0xE4, 0x00, 0xC5, 0xD3, 0x34, 0x11, 0x93, 0x17, 0xE4, 0x00, 0xC5, 0xD3, 0x35, 0x13, 0x93, 0x17, 
0xE4, 0x00, 0xC5, 0xD3, 0x36, 0x15, 0x93, 0x17, 0xE4, 0x00, 0xC5, 0xD3, 0x37, 0x17, 0x93, 0x17, 
0xE4, 0x00, 0xC5, 0xD3, 0x38, 0x29, 0x93, 0x17, 0xE4, 0x00, 0xC5, 0xD3, 0x39, 0x2B, 0x93, 0x17, 
0xE4, 0x00, 0xC5, 0xD3, 0x3A, 0x2D, 0x93, 0x17, 0xE4, 0x00, 0xC5, 0xD3, 0x3B, 0x2F, 0x93, 0x17, 
0xE8, 0x00, 0xC5, 0xD3, 0x1C, 0x89, 0x02, 0x12, 0xE8, 0x00, 0xC5, 0xD3, 0x1D, 0x8B, 0xA2, 0x17, 
0xE8, 0x00, 0xC5, 0xD3, 0x1E, 0x8D, 0xA2, 0x17, 0xE8, 0x00, 0xC5, 0xD3, 0x1F, 0x8F, 0xA2, 0x17, 
0xE8, 0x00, 0xC5, 0xD3, 0x20, 0xA1, 0xA2, 0x17, 0xE8, 0x00, 0xC5, 0xD3, 0x21, 0xA3, 0xA2, 0x17, 
0xE8, 0x00, 0xC5, 0xD3, 0x22, 0xA5, 0xA2, 0x17, 0xE8, 0x00, 0xC5, 0xD3, 0x23, 0xA7, 0xA2, 0x17, 
0xE8, 0x00, 0xC5, 0xD3, 0x24, 0xB9, 0xA2, 0x17, 0xE8, 0x00, 0xC5, 0xD3, 0x25, 0xBB, 0xA2, 0x17, 
0xE8, 0x00, 0xC5, 0xD3, 0x26, 0xBD, 0xA2, 0x17, 0xE8, 0x00, 0xC5, 0xD3, 0x27, 0xBF, 0xA2, 0x17, 
0xE8, 0x00, 0xC5, 0xD3, 0x28, 0xD1, 0xA2, 0x17, 0xE8, 0x00, 0xC5, 0xD3, 0x29, 0xD3, 0xA2, 0x17, 
0xE8, 0x00, 0xC5, 0xD3, 0x2A, 0xD5, 0xA2, 0x17, 0xE8, 0x00, 0xC5, 0xD3, 0x2B, 0xD7, 0xA2, 0x17, 
0xE8, 0x00, 0xC5, 0xD3, 0x2C, 0xE9, 0xA2, 0x17, 0xE8, 0x00, 0xC5, 0xD3, 0x2D, 0xEB, 0xA2, 0x17, 
0xE8, 0x00, 0xC5, 0xD3, 0x2E, 0xED, 0xA2, 0x17, 0xE8, 0x00, 0xC5, 0xD3, 0x2F, 0xEF, 0xA2, 0x17, 
0xE8, 0x00, 0xC5, 0xD3, 0x30, 0x01, 0xA3, 0x17, 0xE8, 0x00, 0xC5, 0xD3, 0x31, 0x03, 0xA3, 0x17, 
0xE8, 0x00, 0xC5, 0xD3, 0x32, 0x05, 0xA3, 0x17, 0xE8, 0x00, 0xC5, 0xD3, 0x33, 0x07, 0xA3, 0x17, 
0xE8, 0x00, 0xC5, 0xD3, 0x34, 0x19, 0xA3, 0x17, 0xE8, 0x00, 0xC5, 0xD3, 0x35, 0x1B, 0xA3, 0x17, 
0xE8, 0x00, 0xC5, 0xD3, 0x36, 0x1D, 0xA3, 0x17, 0xE8, 0x00, 0xC5, 0xD3, 0x37, 0x1F, 0xA3, 0x17, 
0xE8, 0x00, 0xC5, 0xD3, 0x38, 0x31, 0xA3, 0x17, 0xB0, 0x3B, 0x3C, 0x80, 0x3C, 0x3A, 0x0A, 0xBF, 
0x44, 0x80, 0x44, 0x85, 0x46, 0x80, 0x46, 0x85, 0x45, 0x80, 0x45, 0x85, 0xE8, 0x00, 0xC5, 0xD3, 
0x39, 0x33, 0xA3, 0x17, 0x45, 0x16, 0x16, 0x68, 0x46, 0x64, 0x64, 0x80, 0xE8, 0x00, 0xC5, 0xD3, 
0x3A, 0x35, 0xA3, 0x17, 0x46, 0x63, 0x63, 0x80, 0x44, 0x62, 0x62, 0x80, 0xE8, 0x00, 0xC5, 0xD3, 
0x3B, 0x37, 0xA3, 0x17, 0x3B, 0x90, 0x09, 0xBF, 0x43, 0x42, 0x42, 0x85, 0x10, 0x00, 0x3B, 0xB7, 
0x00, 0x00, 0x80, 0xBF, 0x3B, 0x3A, 0x04, 0xBF, 0x75, 0xE3, 0x84, 0xBF, 0x7F, 0xC0, 0x8C, 0xBF, 
0x80, 0x02, 0x2C, 0x7E, 0xFF, 0x36, 0x2E, 0x68, 0x00, 0x46, 0x02, 0x00, 0x00, 0x00, 0x1A, 0xD8, 
0x17, 0x16, 0x00, 0x00, 0x00, 0x00, 0x8A, 0xBF, 0x1C, 0x00, 0xC5, 0xD3, 0x84, 0x01, 0x02, 0x12, 
0x2F, 0xC8, 0xC9, 0x0B, 0x2F, 0xCA, 0xCB, 0x0B, 0x2F, 0xCC, 0xCD, 0x0B, 0x2F, 0xCE, 0xCF, 0x0B, 
0x1C, 0x00, 0xC5, 0xD3, 0x85, 0x03, 0x72, 0x14, 0x2F, 0xD0, 0xD1, 0x0B, 0x2F, 0xD2, 0xD3, 0x0B, 
0x2F, 0xD4, 0xD5, 0x0B, 0x2F, 0xD6, 0xD7, 0x0B, 0x1C, 0x00, 0xC5, 0xD3, 0x86, 0x05, 0x72, 0x14, 
0x00, 0x10, 0x34, 0xE1, 0x07, 0xEC, 0x08, 0x80, 0x1C, 0x00, 0xC5, 0xD3, 0x87, 0x07, 0x72, 0x14, 
0x2E, 0x88, 0x3C, 0x92, 0x3C, 0x01, 0x11, 0xBF, 0x64, 0xF1, 0xF1, 0x0B, 0x00, 0x00, 0x9C, 0xBF, 
0x3C, 0x01, 0x11, 0xBF, 0x65, 0xF3, 0xF3, 0x0B, 0x00, 0x00, 0x9C, 0xBF, 0x3C, 0x01, 0x11, 0xBF, 
0x66, 0xF5, 0xF5, 0x0B, 0x00, 0x00, 0x9C, 0xBF, 0x3C, 0x01, 0x11, 0xBF, 0x67, 0xF7, 0xF7, 0x0B, 
0x00, 0x00, 0x9C, 0xBF, 0x1C, 0x00, 0xC5, 0xD3, 0x88, 0x09, 0x72, 0x14, 0x00, 0x10, 0x34, 0xE1, 
0x08, 0xED, 0x08, 0x80, 0x1C, 0x00, 0xC5, 0xD3, 0x89, 0x0B, 0x72, 0x14, 0x2E, 0x88, 0x3C, 0x92, 
0x3C, 0x01, 0x11, 0xBF, 0x68, 0xF9, 0xF9, 0x0B, 0x00, 0x00, 0x9C, 0xBF, 0x3C, 0x01, 0x11, 0xBF, 
0x69, 0xFB, 0xFB, 0x0B, 0x00, 0x00, 0x9C, 0xBF, 0x3C, 0x01, 0x11, 0xBF, 0x6A, 0xFD, 0xFD, 0x0B, 
0x00, 0x00, 0x9C, 0xBF, 0x3C, 0x01, 0x11, 0xBF, 0x6B, 0xFF, 0xFF, 0x0B, 0x00, 0x00, 0x9C, 0xBF, 
0x1C, 0x00, 0xC5, 0xD3, 0x8A, 0x0D, 0x72, 0x14, 0xF8, 0x40, 0xB2, 0xD3, 0xFA, 0xF1, 0x03, 0x18, 
0xFC, 0x40, 0xB2, 0xD3, 0xFE, 0xF9, 0x03, 0x18, 0xF8, 0x40, 0xB2, 0xD3, 0xFC, 0xF1, 0x03, 0x18, 
0xF9, 0xF1, 0xF1, 0x03, 0xF8, 0x03, 0xF2, 0x7F, 0xF9, 0xB5, 0xF0, 0x7F, 0xF9, 0xF1, 0xF1, 0x03, 
0xF8, 0x03, 0xF2, 0x7F, 0xF9, 0xB3, 0xF0, 0x7F, 0xF9, 0xF1, 0xF1, 0x03, 0xFF, 0x36, 0x2C, 0x68, 
0x00, 0x46, 0x02, 0x00, 0x00, 0x00, 0x2A, 0xD8, 0x16, 0xF8, 0x00, 0x00, 0x1C, 0x00, 0xC5, 0xD3, 
0x8B, 0x0F, 0x72, 0x14, 0x00, 0xA0, 0x6C, 0xD8, 0x0D, 0x00, 0x00, 0x44, 0x40, 0xA0, 0x6C, 0xD8, 
0x0D, 0x00, 0x00, 0x45, 0x80, 0xA0, 0x6C, 0xD8, 0x0D, 0x00, 0x00, 0x46, 0xC0, 0xA0, 0x6C, 0xD8, 
0x0D, 0x00, 0x00, 0x47, 0x00, 0xA4, 0x6C, 0xD8, 0x0D, 0x00, 0x00, 0x48, 0x40, 0xA4, 0x6C, 0xD8, 
0x0D, 0x00, 0x00, 0x49, 0x80, 0xA4, 0x6C, 0xD8, 0x0D, 0x00, 0x00, 0x4A, 0xC0, 0xA4, 0x6C, 0xD8, 
0x0D, 0x00, 0x00, 0x4B, 0x1C, 0x00, 0xC5, 0xD3, 0x8C, 0x11, 0x72, 0x14, 0x00, 0xA8, 0x6C, 0xD8, 
0x0D, 0x00, 0x00, 0x4C, 0x40, 0xA8, 0x6C, 0xD8, 0x0D, 0x00, 0x00, 0x4D, 0x80, 0xA8, 0x6C, 0xD8, 
0x0D, 0x00, 0x00, 0x4E, 0xC0, 0xA8, 0x6C, 0xD8, 0x0D, 0x00, 0x00, 0x4F, 0x00, 0xAC, 0x6C, 0xD8, 
0x0D, 0x00, 0x00, 0x50, 0x40, 0xAC, 0x6C, 0xD8, 0x0D, 0x00, 0x00, 0x51, 0x80, 0xAC, 0x6C, 0xD8, 
0x0D, 0x00, 0x00, 0x52, 0xC0, 0xAC, 0x6C, 0xD8, 0x0D, 0x00, 0x00, 0x53, 0x1C, 0x00, 0xC5, 0xD3, 
0x8D, 0x13, 0x72, 0x14, 0x00, 0xB0, 0x6C, 0xD8, 0x0D, 0x00, 0x00, 0x54, 0x40, 0xB0, 0x6C, 0xD8, 
0x0D, 0x00, 0x00, 0x55, 0x80, 0xB0, 0x6C, 0xD8, 0x0D, 0x00, 0x00, 0x56, 0xC0, 0xB0, 0x6C, 0xD8, 
0x0D, 0x00, 0x00, 0x57, 0x00, 0xB4, 0x6C, 0xD8, 0x0D, 0x00, 0x00, 0x58, 0x40, 0xB4, 0x6C, 0xD8, 
0x0D, 0x00, 0x00, 0x59, 0x80, 0xB4, 0x6C, 0xD8, 0x0D, 0x00, 0x00, 0x5A, 0xC0, 0xB4, 0x6C, 0xD8, 
0x0D, 0x00, 0x00, 0x5B, 0x1C, 0x00, 0xC5, 0xD3, 0x8E, 0x15, 0x72, 0x14, 0x00, 0xB8, 0x6C, 0xD8, 
0x0D, 0x00, 0x00, 0x5C, 0x40, 0xB8, 0x6C, 0xD8, 0x0D, 0x00, 0x00, 0x5D, 0x80, 0xB8, 0x6C, 0xD8, 
0x0D, 0x00, 0x00, 0x5E, 0xC0, 0xB8, 0x6C, 0xD8, 0x0D, 0x00, 0x00, 0x5F, 0x00, 0xBC, 0x6C, 0xD8, 
0x0D, 0x00, 0x00, 0x60, 0x40, 0xBC, 0x6C, 0xD8, 0x0D, 0x00, 0x00, 0x61, 0x80, 0xBC, 0x6C, 0xD8, 
0x0D, 0x00, 0x00, 0x62, 0xC0, 0xBC, 0x6C, 0xD8, 0x0D, 0x00, 0x00, 0x63, 0x1C, 0x00, 0xC5, 0xD3, 
0x8F, 0x17, 0x72, 0x14, 0x1C, 0x00, 0xC5, 0xD3, 0x90, 0x19, 0x72, 0x14, 0x1C, 0x00, 0xC5, 0xD3, 
0x91, 0x1B, 0x72, 0x14, 0x1C, 0x00, 0xC5, 0xD3, 0x92, 0x1D, 0x72, 0x14, 0x1C, 0x00, 0xC5, 0xD3, 
0x93, 0x1F, 0x72, 0x14, 0x1C, 0x00, 0xC5, 0xD3, 0x94, 0x21, 0x72, 0x14, 0x1C, 0x00, 0xC5, 0xD3, 
0x95, 0x23, 0x72, 0x14, 0x1C, 0x00, 0xC5, 0xD3, 0x96, 0x25, 0x72, 0x14, 0x1C, 0x00, 0xC5, 0xD3, 
0x97, 0x27, 0x72, 0x14, 0x1C, 0x00, 0xC5, 0xD3, 0x98, 0x29, 0x72, 0x14, 0x1C, 0x00, 0xC5, 0xD3, 
0x99, 0x2B, 0x72, 0x14, 0x1C, 0x00, 0xC5, 0xD3, 0x9A, 0x2D, 0x72, 0x14, 0x1C, 0x00, 0xC5, 0xD3, 
0x9B, 0x2F, 0x72, 0x14, 0x1C, 0x00, 0xC5, 0xD3, 0x9C, 0x31, 0x72, 0x14, 0x1C, 0x00, 0xC5, 0xD3, 
0x9D, 0x33, 0x72, 0x14, 0x1C, 0x00, 0xC5, 0xD3, 0x9E, 0x35, 0x72, 0x14, 0x1C, 0x00, 0xC5, 0xD3, 
0x9F, 0x37, 0x72, 0x14, 0x1C, 0x00, 0xC5, 0xD3, 0xA0, 0x39, 0x72, 0x14, 0x1C, 0x00, 0xC5, 0xD3, 
0xA1, 0x3B, 0x72, 0x14, 0x1C, 0x00, 0xC5, 0xD3, 0xA2, 0x3D, 0x72, 0x14, 0x1C, 0x00, 0xC5, 0xD3, 
0xA3, 0x3F, 0x72, 0x14, 0x20, 0x00, 0xC5, 0xD3, 0x84, 0x21, 0x02, 0x12, 0x20, 0x00, 0xC5, 0xD3, 
0x85, 0x23, 0x82, 0x14, 0x20, 0x00, 0xC5, 0xD3, 0x86, 0x25, 0x82, 0x14, 0x20, 0x00, 0xC5, 0xD3, 
0x87, 0x27, 0x82, 0x14, 0x20, 0x00, 0xC5, 0xD3, 0x88, 0x29, 0x82, 0x14, 0x20, 0x00, 0xC5, 0xD3, 
0x89, 0x2B, 0x82, 0x14, 0x20, 0x00, 0xC5, 0xD3, 0x8A, 0x2D, 0x82, 0x14, 0x20, 0x00, 0xC5, 0xD3, 
0x8B, 0x2F, 0x82, 0x14, 0x20, 0x00, 0xC5, 0xD3, 0x8C, 0x31, 0x82, 0x14, 0x20, 0x00, 0xC5, 0xD3, 
0x8D, 0x33, 0x82, 0x14, 0x20, 0x00, 0xC5, 0xD3, 0x8E, 0x35, 0x82, 0x14, 0x20, 0x00, 0xC5, 0xD3, 
0x8F, 0x37, 0x82, 0x14, 0x20, 0x00, 0xC5, 0xD3, 0x90, 0x39, 0x82, 0x14, 0x20, 0x00, 0xC5, 0xD3, 
0x91, 0x3B, 0x82, 0x14, 0x20, 0x00, 0xC5, 0xD3, 0x92, 0x3D, 0x82, 0x14, 0x20, 0x00, 0xC5, 0xD3, 
0x93, 0x3F, 0x82, 0x14, 0x20, 0x00, 0xC5, 0xD3, 0x94, 0x41, 0x82, 0x14, 0x20, 0x00, 0xC5, 0xD3, 
0x95, 0x43, 0x82, 0x14, 0x20, 0x00, 0xC5, 0xD3, 0x96, 0x45, 0x82, 0x14, 0x20, 0x00, 0xC5, 0xD3, 
0x97, 0x47, 0x82, 0x14, 0x20, 0x00, 0xC5, 0xD3, 0x98, 0x49, 0x82, 0x14, 0x20, 0x00, 0xC5, 0xD3, 
0x99, 0x4B, 0x82, 0x14, 0x20, 0x00, 0xC5, 0xD3, 0x9A, 0x4D, 0x82, 0x14, 0x20, 0x00, 0xC5, 0xD3, 
0x9B, 0x4F, 0x82, 0x14, 0x20, 0x00, 0xC5, 0xD3, 0x9C, 0x51, 0x82, 0x14, 0x20, 0x00, 0xC5, 0xD3, 
0x9D, 0x53, 0x82, 0x14, 0x20, 0x00, 0xC5, 0xD3, 0x9E, 0x55, 0x82, 0x14, 0x20, 0x00, 0xC5, 0xD3, 
0x9F, 0x57, 0x82, 0x14, 0x20, 0x00, 0xC5, 0xD3, 0xA0, 0x59, 0x82, 0x14, 0x20, 0x00, 0xC5, 0xD3, 
0xA1, 0x5B, 0x82, 0x14, 0x20, 0x00, 0xC5, 0xD3, 0xA2, 0x5D, 0x82, 0x14, 0x20, 0x00, 0xC5, 0xD3, 
0xA3, 0x5F, 0x82, 0x14, 0x7F, 0xCF, 0x8C, 0xBF, 0x00, 0x00, 0x8A, 0xBF, 0x3C, 0x00, 0xC5, 0xD3, 
0x64, 0x01, 0x03, 0x12, 0x1C, 0x00, 0xCB, 0xD1, 0x1C, 0x73, 0xD0, 0x87, 0x1D, 0x00, 0xCB, 0xD1, 
0x1D, 0x73, 0xD4, 0x87, 0x1E, 0x00, 0xCB, 0xD1, 0x1E, 0x73, 0xD8, 0x87, 0x1F, 0x00, 0xCB, 0xD1, 
0x1F, 0x73, 0xDC, 0x87, 0x3C, 0x00, 0xC5, 0xD3, 0x65, 0x03, 0xF3, 0x14, 0x00, 0x10, 0x34, 0xE1, 
0x09, 0xEE, 0x08, 0x80, 0xFF, 0x20, 0x2C, 0x68, 0x00, 0x46, 0x02, 0x00, 0x00, 0x00, 0x6C, 0xD8, 
0x16, 0x00, 0x00, 0x1A, 0x3C, 0x00, 0xC5, 0xD3, 0x66, 0x05, 0xF3, 0x14, 0x20, 0x00, 0xCB, 0xD1, 
0x20, 0x73, 0xD0, 0x87, 0x21, 0x00, 0xCB, 0xD1, 0x21, 0x73, 0xD4, 0x87, 0x22, 0x00, 0xCB, 0xD1, 
0x22, 0x73, 0xD8, 0x87, 0x23, 0x00, 0xCB, 0xD1, 0x23, 0x73, 0xDC, 0x87, 0x3C, 0x00, 0xC5, 0xD3, 
0x67, 0x07, 0xF3, 0x14, 0x00, 0x10, 0x34, 0xE1, 0x0A, 0xEF, 0x08, 0x80, 0xFF, 0x20, 0x2C, 0x68, 
0x00, 0x46, 0x02, 0x00, 0x3C, 0x00, 0xC5, 0xD3, 0x68, 0x09, 0xF3, 0x14, 0x24, 0x00, 0xCB, 0xD1, 
0x24, 0x73, 0xD0, 0x87, 0x25, 0x00, 0xCB, 0xD1, 0x25, 0x73, 0xD4, 0x87, 0x26, 0x00, 0xCB, 0xD1, 
0x26, 0x73, 0xD8, 0x87, 0x27, 0x00, 0xCB, 0xD1, 0x27, 0x73, 0xDC, 0x87, 0x1C, 0x41, 0x38, 0x7E, 
0xFF, 0x02, 0x2C, 0x7E, 0x07, 0x02, 0x00, 0x00, 0x3C, 0x00, 0x10, 0xD0, 0x1C, 0x2D, 0x02, 0x00, 
0x00, 0x00, 0x80, 0xBF, 0x1C, 0x00, 0x00, 0xD1, 0x1C, 0x01, 0xF1, 0x00, 0x1D, 0x41, 0x3A, 0x7E, 
0xFF, 0x02, 0x2C, 0x7E, 0x07, 0x02, 0x00, 0x00, 0x3C, 0x00, 0x10, 0xD0, 0x1D, 0x2D, 0x02, 0x00, 
0x00, 0x00, 0x80, 0xBF, 0x1D, 0x00, 0x00, 0xD1, 0x1D, 0x01, 0xF1, 0x00, 0x3C, 0x00, 0xC5, 0xD3, 
0x69, 0x0B, 0xF3, 0x14, 0x80, 0x1A, 0x2C, 0x68, 0x00, 0x40, 0x6C, 0xD8, 0x16, 0x00, 0x00, 0x84, 
0x40, 0x40, 0x6C, 0xD8, 0x16, 0x00, 0x00, 0x85, 0x80, 0x40, 0x6C, 0xD8, 0x16, 0x00, 0x00, 0x86, 
0xC0, 0x40, 0x6C, 0xD8, 0x16, 0x00, 0x00, 0x87, 0x3C, 0x00, 0xC5, 0xD3, 0x6A, 0x0D, 0xF3, 0x14, 
0x28, 0x00, 0xCB, 0xD1, 0x28, 0x73, 0xD0, 0x87, 0x29, 0x00, 0xCB, 0xD1, 0x29, 0x73, 0xD4, 0x87, 
0x2A, 0x00, 0xCB, 0xD1, 0x2A, 0x73, 0xD8, 0x87, 0x2B, 0x00, 0xCB, 0xD1, 0x2B, 0x73, 0xDC, 0x87, 
0x1E, 0x41, 0x3C, 0x7E, 0xFF, 0x02, 0x2C, 0x7E, 0x07, 0x02, 0x00, 0x00, 0x3C, 0x00, 0x10, 0xD0, 
0x1E, 0x2D, 0x02, 0x00, 0x00, 0x00, 0x80, 0xBF, 0x1E, 0x00, 0x00, 0xD1, 0x1E, 0x01, 0xF1, 0x00, 
0x1F, 0x41, 0x3E, 0x7E, 0xFF, 0x02, 0x2C, 0x7E, 0x07, 0x02, 0x00, 0x00, 0x3C, 0x00, 0x10, 0xD0, 
0x1F, 0x2D, 0x02, 0x00, 0x00, 0x00, 0x80, 0xBF, 0x1F, 0x00, 0x00, 0xD1, 0x1F, 0x01, 0xF1, 0x00, 
0x3C, 0x00, 0xC5, 0xD3, 0x6B, 0x0F, 0xF3, 0x14, 0x80, 0x1A, 0x2C, 0x68, 0x00, 0x44, 0x6C, 0xD8, 
0x16, 0x00, 0x00, 0x88, 0x40, 0x44, 0x6C, 0xD8, 0x16, 0x00, 0x00, 0x89, 0x80, 0x44, 0x6C, 0xD8, 
0x16, 0x00, 0x00, 0x8A, 0xC0, 0x44, 0x6C, 0xD8, 0x16, 0x00, 0x00, 0x8B, 0x3C, 0x00, 0xC5, 0xD3, 
0x6C, 0x11, 0xF3, 0x14, 0x20, 0x41, 0x40, 0x7E, 0xFF, 0x02, 0x2C, 0x7E, 0x07, 0x02, 0x00, 0x00, 
0x3C, 0x00, 0x10, 0xD0, 0x20, 0x2D, 0x02, 0x00, 0x00, 0x00, 0x80, 0xBF, 0x20, 0x00, 0x00, 0xD1, 
0x20, 0x01, 0xF1, 0x00, 0x21, 0x41, 0x42, 0x7E, 0xFF, 0x02, 0x2C, 0x7E, 0x07, 0x02, 0x00, 0x00, 
0x3C, 0x00, 0x10, 0xD0, 0x21, 0x2D, 0x02, 0x00, 0x00, 0x00, 0x80, 0xBF, 0x21, 0x00, 0x00, 0xD1, 
0x21, 0x01, 0xF1, 0x00, 0x3C, 0x00, 0xC5, 0xD3, 0x6D, 0x13, 0xF3, 0x14, 0x80, 0x1A, 0x2C, 0x68, 
0x00, 0x48, 0x6C, 0xD8, 0x16, 0x00, 0x00, 0x8C, 0x40, 0x48, 0x6C, 0xD8, 0x16, 0x00, 0x00, 0x8D, 
0x80, 0x48, 0x6C, 0xD8, 0x16, 0x00, 0x00, 0x8E, 0xC0, 0x48, 0x6C, 0xD8, 0x16, 0x00, 0x00, 0x8F, 
0x3C, 0x00, 0xC5, 0xD3, 0x6E, 0x15, 0xF3, 0x14, 0x22, 0x41, 0x44, 0x7E, 0xFF, 0x02, 0x2C, 0x7E, 
0x07, 0x02, 0x00, 0x00, 0x3C, 0x00, 0x10, 0xD0, 0x22, 0x2D, 0x02, 0x00, 0x00, 0x00, 0x80, 0xBF, 
0x22, 0x00, 0x00, 0xD1, 0x22, 0x01, 0xF1, 0x00, 0x23, 0x41, 0x46, 0x7E, 0xFF, 0x02, 0x2C, 0x7E, 
0x07, 0x02, 0x00, 0x00, 0x3C, 0x00, 0x10, 0xD0, 0x23, 0x2D, 0x02, 0x00, 0x00, 0x00, 0x80, 0xBF, 
0x23, 0x00, 0x00, 0xD1, 0x23, 0x01, 0xF1, 0x00, 0x3C, 0x00, 0xC5, 0xD3, 0x6F, 0x17, 0xF3, 0x14, 
0x80, 0x1A, 0x2C, 0x68, 0x00, 0x4C, 0x6C, 0xD8, 0x16, 0x00, 0x00, 0x90, 0x40, 0x4C, 0x6C, 0xD8, 
0x16, 0x00, 0x00, 0x91, 0x80, 0x4C, 0x6C, 0xD8, 0x16, 0x00, 0x00, 0x92, 0xC0, 0x4C, 0x6C, 0xD8, 
0x16, 0x00, 0x00, 0x93, 0x3C, 0x00, 0xC5, 0xD3, 0x70, 0x19, 0xF3, 0x14, 0x24, 0x41, 0x48, 0x7E, 
0xFF, 0x02, 0x2C, 0x7E, 0x07, 0x02, 0x00, 0x00, 0x3C, 0x00, 0x10, 0xD0, 0x24, 0x2D, 0x02, 0x00, 
0x00, 0x00, 0x80, 0xBF, 0x24, 0x00, 0x00, 0xD1, 0x24, 0x01, 0xF1, 0x00, 0x25, 0x41, 0x4A, 0x7E, 
0xFF, 0x02, 0x2C, 0x7E, 0x07, 0x02, 0x00, 0x00, 0x3C, 0x00, 0x10, 0xD0, 0x25, 0x2D, 0x02, 0x00, 
0x00, 0x00, 0x80, 0xBF, 0x25, 0x00, 0x00, 0xD1, 0x25, 0x01, 0xF1, 0x00, 0x3C, 0x00, 0xC5, 0xD3, 
0x71, 0x1B, 0xF3, 0x14, 0x80, 0x1A, 0x2C, 0x68, 0x00, 0x50, 0x6C, 0xD8, 0x16, 0x00, 0x00, 0x94, 
0x40, 0x50, 0x6C, 0xD8, 0x16, 0x00, 0x00, 0x95, 0x80, 0x50, 0x6C, 0xD8, 0x16, 0x00, 0x00, 0x96, 
0xC0, 0x50, 0x6C, 0xD8, 0x16, 0x00, 0x00, 0x97, 0x3C, 0x00, 0xC5, 0xD3, 0x72, 0x1D, 0xF3, 0x14, 
0x26, 0x41, 0x4C, 0x7E, 0xFF, 0x02, 0x2C, 0x7E, 0x07, 0x02, 0x00, 0x00, 0x3C, 0x00, 0x10, 0xD0, 
0x26, 0x2D, 0x02, 0x00, 0x00, 0x00, 0x80, 0xBF, 0x26, 0x00, 0x00, 0xD1, 0x26, 0x01, 0xF1, 0x00, 
0x27, 0x41, 0x4E, 0x7E, 0xFF, 0x02, 0x2C, 0x7E, 0x07, 0x02, 0x00, 0x00, 0x3C, 0x00, 0x10, 0xD0, 
0x27, 0x2D, 0x02, 0x00, 0x00, 0x00, 0x80, 0xBF, 0x27, 0x00, 0x00, 0xD1, 0x27, 0x01, 0xF1, 0x00, 
0x3C, 0x00, 0xC5, 0xD3, 0x73, 0x1F, 0xF3, 0x14, 0x80, 0x1A, 0x2C, 0x68, 0x00, 0x54, 0x6C, 0xD8, 
0x16, 0x00, 0x00, 0x98, 0x40, 0x54, 0x6C, 0xD8, 0x16, 0x00, 0x00, 0x99, 0x80, 0x54, 0x6C, 0xD8, 
0x16, 0x00, 0x00, 0x9A, 0xC0, 0x54, 0x6C, 0xD8, 0x16, 0x00, 0x00, 0x9B, 0x3C, 0x00, 0xC5, 0xD3, 
0x74, 0x21, 0xF3, 0x14, 0x28, 0x41, 0x50, 0x7E, 0xFF, 0x02, 0x2C, 0x7E, 0x07, 0x02, 0x00, 0x00, 
0x3C, 0x00, 0x10, 0xD0, 0x28, 0x2D, 0x02, 0x00, 0x00, 0x00, 0x80, 0xBF, 0x28, 0x00, 0x00, 0xD1, 
0x28, 0x01, 0xF1, 0x00, 0x29, 0x41, 0x52, 0x7E, 0xFF, 0x02, 0x2C, 0x7E, 0x07, 0x02, 0x00, 0x00, 
0x3C, 0x00, 0x10, 0xD0, 0x29, 0x2D, 0x02, 0x00, 0x00, 0x00, 0x80, 0xBF, 0x29, 0x00, 0x00, 0xD1, 
0x29, 0x01, 0xF1, 0x00, 0x3C, 0x00, 0xC5, 0xD3, 0x75, 0x23, 0xF3, 0x14, 0x80, 0x1A, 0x2C, 0x68, 
0x00, 0x58, 0x6C, 0xD8, 0x16, 0x00, 0x00, 0x9C, 0x40, 0x58, 0x6C, 0xD8, 0x16, 0x00, 0x00, 0x9D, 
0x80, 0x58, 0x6C, 0xD8, 0x16, 0x00, 0x00, 0x9E, 0xC0, 0x58, 0x6C, 0xD8, 0x16, 0x00, 0x00, 0x9F, 
0x3C, 0x00, 0xC5, 0xD3, 0x76, 0x25, 0xF3, 0x14, 0x2A, 0x41, 0x54, 0x7E, 0xFF, 0x02, 0x2C, 0x7E, 
0x07, 0x02, 0x00, 0x00, 0x3C, 0x00, 0x10, 0xD0, 0x2A, 0x2D, 0x02, 0x00, 0x00, 0x00, 0x80, 0xBF, 
0x2A, 0x00, 0x00, 0xD1, 0x2A, 0x01, 0xF1, 0x00, 0x2B, 0x41, 0x56, 0x7E, 0xFF, 0x02, 0x2C, 0x7E, 
0x07, 0x02, 0x00, 0x00, 0x3C, 0x00, 0x10, 0xD0, 0x2B, 0x2D, 0x02, 0x00, 0x00, 0x00, 0x80, 0xBF, 
0x2B, 0x00, 0x00, 0xD1, 0x2B, 0x01, 0xF1, 0x00, 0x3C, 0x00, 0xC5, 0xD3, 0x77, 0x27, 0xF3, 0x14, 
0x80, 0x1A, 0x2C, 0x68, 0x00, 0x5C, 0x6C, 0xD8, 0x16, 0x00, 0x00, 0xA0, 0x40, 0x5C, 0x6C, 0xD8, 
0x16, 0x00, 0x00, 0xA1, 0x80, 0x5C, 0x6C, 0xD8, 0x16, 0x00, 0x00, 0xA2, 0xC0, 0x5C, 0x6C, 0xD8, 
0x16, 0x00, 0x00, 0xA3, 0x3C, 0x00, 0xC5, 0xD3, 0x78, 0x29, 0xF3, 0x14, 0x3C, 0x00, 0xC5, 0xD3, 
0x79, 0x2B, 0xF3, 0x14, 0x3C, 0x00, 0xC5, 0xD3, 0x7A, 0x2D, 0xF3, 0x14, 0x3C, 0x00, 0xC5, 0xD3, 
0x7B, 0x2F, 0xF3, 0x14, 0x3C, 0x00, 0xC5, 0xD3, 0x7C, 0x31, 0xF3, 0x14, 0x3C, 0x00, 0xC5, 0xD3, 
0x7D, 0x33, 0xF3, 0x14, 0x3C, 0x00, 0xC5, 0xD3, 0x7E, 0x35, 0xF3, 0x14, 0x3C, 0x00, 0xC5, 0xD3, 
0x7F, 0x37, 0xF3, 0x14, 0x3C, 0x00, 0xC5, 0xD3, 0x80, 0x39, 0xF3, 0x14, 0x3C, 0x00, 0xC5, 0xD3, 
0x81, 0x3B, 0xF3, 0x14, 0x3C, 0x00, 0xC5, 0xD3, 0x82, 0x3D, 0xF3, 0x14, 0x3C, 0x00, 0xC5, 0xD3, 
0x83, 0x3F, 0xF3, 0x14, 0x40, 0x00, 0xC5, 0xD3, 0x64, 0x21, 0x03, 0x12, 0x40, 0x00, 0xC5, 0xD3, 
0x65, 0x23, 0x03, 0x15, 0x40, 0x00, 0xC5, 0xD3, 0x66, 0x25, 0x03, 0x15, 0x40, 0x00, 0xC5, 0xD3, 
0x67, 0x27, 0x03, 0x15, 0x40, 0x00, 0xC5, 0xD3, 0x68, 0x29, 0x03, 0x15, 0x40, 0x00, 0xC5, 0xD3, 
0x69, 0x2B, 0x03, 0x15, 0x40, 0x00, 0xC5, 0xD3, 0x6A, 0x2D, 0x03, 0x15, 0x40, 0x00, 0xC5, 0xD3, 
0x6B, 0x2F, 0x03, 0x15, 0x40, 0x00, 0xC5, 0xD3, 0x6C, 0x31, 0x03, 0x15, 0x40, 0x00, 0xC5, 0xD3, 
0x6D, 0x33, 0x03, 0x15, 0x40, 0x00, 0xC5, 0xD3, 0x6E, 0x35, 0x03, 0x15, 0x40, 0x00, 0xC5, 0xD3, 
0x6F, 0x37, 0x03, 0x15, 0x40, 0x00, 0xC5, 0xD3, 0x70, 0x39, 0x03, 0x15, 0x40, 0x00, 0xC5, 0xD3, 
0x71, 0x3B, 0x03, 0x15, 0x40, 0x00, 0xC5, 0xD3, 0x72, 0x3D, 0x03, 0x15, 0x40, 0x00, 0xC5, 0xD3, 
0x73, 0x3F, 0x03, 0x15, 0x40, 0x00, 0xC5, 0xD3, 0x74, 0x41, 0x03, 0x15, 0x40, 0x00, 0xC5, 0xD3, 
0x75, 0x43, 0x03, 0x15, 0x40, 0x00, 0xC5, 0xD3, 0x76, 0x45, 0x03, 0x15, 0x40, 0x00, 0xC5, 0xD3, 
0x77, 0x47, 0x03, 0x15, 0x40, 0x00, 0xC5, 0xD3, 0x78, 0x49, 0x03, 0x15, 0x40, 0x00, 0xC5, 0xD3, 
0x79, 0x4B, 0x03, 0x15, 0x40, 0x00, 0xC5, 0xD3, 0x7A, 0x4D, 0x03, 0x15, 0x40, 0x00, 0xC5, 0xD3, 
0x7B, 0x4F, 0x03, 0x15, 0x40, 0x00, 0xC5, 0xD3, 0x7C, 0x51, 0x03, 0x15, 0x40, 0x00, 0xC5, 0xD3, 
0x7D, 0x53, 0x03, 0x15, 0x40, 0x00, 0xC5, 0xD3, 0x7E, 0x55, 0x03, 0x15, 0x40, 0x00, 0xC5, 0xD3, 
0x7F, 0x57, 0x03, 0x15, 0x40, 0x00, 0xC5, 0xD3, 0x80, 0x59, 0x03, 0x15, 0x40, 0x00, 0xC5, 0xD3, 
0x81, 0x5B, 0x03, 0x15, 0x40, 0x00, 0xC5, 0xD3, 0x82, 0x5D, 0x03, 0x15, 0x40, 0x00, 0xC5, 0xD3, 
0x83, 0x5F, 0x03, 0x15, 0x7F, 0xCF, 0x8C, 0xBF, 0x7A, 0x0F, 0x8C, 0xBF, 0x00, 0x00, 0x8A, 0xBF, 
0xA4, 0x00, 0xC5, 0xD3, 0x44, 0x39, 0x92, 0x06, 0xFA, 0x78, 0x78, 0x06, 0x1A, 0x00, 0x00, 0xFF, 
0xFA, 0x7A, 0x7A, 0x06, 0x1A, 0x55, 0x00, 0xFF, 0xFA, 0x7C, 0x7C, 0x06, 0x1A, 0xAA, 0x00, 0xFF, 
0xFA, 0x7E, 0x7E, 0x06, 0x1A, 0xFF, 0x00, 0xFF, 0x1C, 0x79, 0x78, 0x0A, 0x1D, 0x7B, 0x7A, 0x0A, 
0x1E, 0x7D, 0x7C, 0x0A, 0x1F, 0x7F, 0x7E, 0x0A, 0xA4, 0x00, 0xC5, 0xD3, 0x45, 0x3B, 0x92, 0x06, 
0xFF, 0x20, 0x2C, 0x68, 0x00, 0x20, 0x01, 0x00, 0x00, 0x00, 0x6C, 0xD8, 0x16, 0x00, 0x00, 0xF4, 
0x40, 0x10, 0x34, 0xE1, 0x07, 0xF0, 0x08, 0x80, 0xA4, 0x00, 0xC5, 0xD3, 0x46, 0x3D, 0x92, 0x06, 
0xFA, 0x80, 0x80, 0x06, 0x1A, 0x00, 0x00, 0xFF, 0xFA, 0x82, 0x82, 0x06, 0x1A, 0x55, 0x00, 0xFF, 
0xFA, 0x84, 0x84, 0x06, 0x1A, 0xAA, 0x00, 0xFF, 0xFA, 0x86, 0x86, 0x06, 0x1A, 0xFF, 0x00, 0xFF, 
0x20, 0x81, 0x80, 0x0A, 0x21, 0x83, 0x82, 0x0A, 0x22, 0x85, 0x84, 0x0A, 0x23, 0x87, 0x86, 0x0A, 
0xA4, 0x00, 0xC5, 0xD3, 0x47, 0x3F, 0x92, 0x06, 0xFF, 0x20, 0x2C, 0x68, 0x00, 0x20, 0x01, 0x00, 
0x40, 0x10, 0x34, 0xE1, 0x08, 0xF1, 0x08, 0x80, 0xA8, 0x00, 0xC5, 0xD3, 0x48, 0x39, 0xA2, 0x06, 
0xFA, 0x88, 0x88, 0x06, 0x1A, 0x00, 0x00, 0xFF, 0xFA, 0x8A, 0x8A, 0x06, 0x1A, 0x55, 0x00, 0xFF, 
0xFA, 0x8C, 0x8C, 0x06, 0x1A, 0xAA, 0x00, 0xFF, 0xFA, 0x8E, 0x8E, 0x06, 0x1A, 0xFF, 0x00, 0xFF, 
0x24, 0x89, 0x88, 0x0A, 0x25, 0x8B, 0x8A, 0x0A, 0x26, 0x8D, 0x8C, 0x0A, 0x27, 0x8F, 0x8E, 0x0A, 
0xA8, 0x00, 0xC5, 0xD3, 0x49, 0x3B, 0xA2, 0x06, 0xFF, 0x20, 0x2C, 0x68, 0x00, 0x20, 0x01, 0x00, 
0x40, 0x10, 0x34, 0xE1, 0x09, 0xF2, 0x08, 0x80, 0xA8, 0x00, 0xC5, 0xD3, 0x4A, 0x3D, 0xA2, 0x06, 
0xFA, 0x90, 0x90, 0x06, 0x1A, 0x00, 0x00, 0xFF, 0xFA, 0x92, 0x92, 0x06, 0x1A, 0x55, 0x00, 0xFF, 
0xFA, 0x94, 0x94, 0x06, 0x1A, 0xAA, 0x00, 0xFF, 0xFA, 0x96, 0x96, 0x06, 0x1A, 0xFF, 0x00, 0xFF, 
0x28, 0x91, 0x90, 0x0A, 0x29, 0x93, 0x92, 0x0A, 0x2A, 0x95, 0x94, 0x0A, 0x2B, 0x97, 0x96, 0x0A, 
0xA8, 0x00, 0xC5, 0xD3, 0x4B, 0x3F, 0xA2, 0x06, 0xFF, 0x20, 0x2C, 0x68, 0x00, 0x20, 0x01, 0x00, 
0x40, 0x10, 0x34, 0xE1, 0x0A, 0xF3, 0x08, 0x80, 0xAC, 0x00, 0xC5, 0xD3, 0x4C, 0x39, 0xB2, 0x06, 
0xFF, 0x1E, 0x2C, 0x68, 0x00, 0x26, 0x02, 0x00, 0x00, 0x00, 0x1A, 0xD8, 0x16, 0x3C, 0x00, 0x00, 
0x40, 0x00, 0x1A, 0xD8, 0x16, 0x3D, 0x00, 0x00, 0x80, 0x00, 0x1A, 0xD8, 0x16, 0x3E, 0x00, 0x00, 
0xC0, 0x00, 0x1A, 0xD8, 0x16, 0x3F, 0x00, 0x00, 0xAC, 0x00, 0xC5, 0xD3, 0x4D, 0x3B, 0xB2, 0x06, 
0xFF, 0x1E, 0x2C, 0x68, 0x00, 0x26, 0x02, 0x00, 0x00, 0x10, 0x1A, 0xD8, 0x16, 0x40, 0x00, 0x00, 
0x40, 0x10, 0x1A, 0xD8, 0x16, 0x41, 0x00, 0x00, 0x80, 0x10, 0x1A, 0xD8, 0x16, 0x42, 0x00, 0x00, 
0xC0, 0x10, 0x1A, 0xD8, 0x16, 0x43, 0x00, 0x00, 0xAC, 0x00, 0xC5, 0xD3, 0x4E, 0x3D, 0xB2, 0x06, 
0x7C, 0x0F, 0x8C, 0xBF, 0x00, 0x00, 0x8A, 0xBF, 0xFF, 0x18, 0x2C, 0x68, 0x00, 0x60, 0x00, 0x00, 
0x00, 0x00, 0xFE, 0xD9, 0x16, 0x00, 0x00, 0x64, 0xAC, 0x00, 0xC5, 0xD3, 0x4F, 0x3F, 0xB2, 0x06, 
0xFF, 0x18, 0x2C, 0x68, 0x00, 0x60, 0x00, 0x00, 0x00, 0x04, 0xFE, 0xD9, 0x16, 0x00, 0x00, 0x68, 
0xB0, 0x00, 0xC5, 0xD3, 0x50, 0x39, 0xC2, 0x06, 0xFF, 0x18, 0x2C, 0x68, 0x00, 0x60, 0x00, 0x00, 
0x00, 0x08, 0xFE, 0xD9, 0x16, 0x00, 0x00, 0x6C, 0xB0, 0x00, 0xC5, 0xD3, 0x51, 0x3B, 0xC2, 0x06, 
0xFF, 0x18, 0x2C, 0x68, 0x00, 0x60, 0x00, 0x00, 0x00, 0x0C, 0xFE, 0xD9, 0x16, 0x00, 0x00, 0x70, 
0xB0, 0x00, 0xC5, 0xD3, 0x52, 0x3D, 0xC2, 0x06, 0xFF, 0x18, 0x2C, 0x68, 0x00, 0x60, 0x00, 0x00, 
0x00, 0x10, 0xFE, 0xD9, 0x16, 0x00, 0x00, 0x74, 0xB0, 0x00, 0xC5, 0xD3, 0x53, 0x3F, 0xC2, 0x06, 
0xFF, 0x18, 0x2C, 0x68, 0x00, 0x60, 0x00, 0x00, 0x00, 0x14, 0xFE, 0xD9, 0x16, 0x00, 0x00, 0x78, 
0xB4, 0x00, 0xC5, 0xD3, 0x54, 0x39, 0xD2, 0x06, 0xFF, 0x18, 0x2C, 0x68, 0x00, 0x60, 0x00, 0x00, 
0x00, 0x18, 0xFE, 0xD9, 0x16, 0x00, 0x00, 0x7C, 0xB4, 0x00, 0xC5, 0xD3, 0x55, 0x3B, 0xD2, 0x06, 
0xFF, 0x18, 0x2C, 0x68, 0x00, 0x60, 0x00, 0x00, 0x00, 0x1C, 0xFE, 0xD9, 0x16, 0x00, 0x00, 0x80, 
0xB4, 0x00, 0xC5, 0xD3, 0x56, 0x3D, 0xD2, 0x06, 0xFF, 0x18, 0x2C, 0x68, 0x00, 0x60, 0x00, 0x00, 
0xB4, 0x00, 0xC5, 0xD3, 0x57, 0x3F, 0xD2, 0x06, 0xFF, 0x18, 0x2C, 0x68, 0x00, 0x60, 0x00, 0x00, 
0xB8, 0x00, 0xC5, 0xD3, 0x58, 0x39, 0xE2, 0x06, 0xFF, 0x18, 0x2C, 0x68, 0x00, 0x60, 0x00, 0x00, 
0xB8, 0x00, 0xC5, 0xD3, 0x59, 0x3B, 0xE2, 0x06, 0xFF, 0x18, 0x2C, 0x68, 0x00, 0x60, 0x00, 0x00, 
0xB8, 0x00, 0xC5, 0xD3, 0x5A, 0x3D, 0xE2, 0x06, 0xFF, 0x18, 0x2C, 0x68, 0x00, 0x60, 0x00, 0x00, 
0xB8, 0x00, 0xC5, 0xD3, 0x5B, 0x3F, 0xE2, 0x06, 0xFF, 0x18, 0x2C, 0x68, 0x00, 0x60, 0x00, 0x00, 
0xBC, 0x00, 0xC5, 0xD3, 0x5C, 0x39, 0xF2, 0x06, 0xFF, 0x18, 0x2C, 0x68, 0x00, 0x60, 0x00, 0x00, 
0xBC, 0x00, 0xC5, 0xD3, 0x5D, 0x3B, 0xF2, 0x06, 0xFF, 0x18, 0x2C, 0x68, 0x00, 0x60, 0x00, 0x00, 
0xBC, 0x00, 0xC5, 0xD3, 0x5E, 0x3D, 0xF2, 0x06, 0xFF, 0x18, 0x2C, 0x68, 0x00, 0x60, 0x00, 0x00, 
0xBC, 0x00, 0xC5, 0xD3, 0x5F, 0x3F, 0xF2, 0x06, 0xFF, 0x18, 0x2C, 0x68, 0x00, 0x60, 0x00, 0x00, 
0xC0, 0x00, 0xC5, 0xD3, 0x60, 0x39, 0x02, 0x07, 0xFF, 0x18, 0x2C, 0x68, 0x00, 0x60, 0x00, 0x00, 
0xC0, 0x00, 0xC5, 0xD3, 0x61, 0x3B, 0x02, 0x07, 0xFF, 0x18, 0x2C, 0x68, 0x00, 0x60, 0x00, 0x00, 
0xC0, 0x00, 0xC5, 0xD3, 0x62, 0x3D, 0x02, 0x07, 0xFF, 0x18, 0x2C, 0x68, 0x00, 0x60, 0x00, 0x00, 
0xC0, 0x00, 0xC5, 0xD3, 0x63, 0x3F, 0x02, 0x07, 0xFF, 0x18, 0x2C, 0x68, 0x00, 0x60, 0x00, 0x00, 
0xC4, 0x00, 0xC5, 0xD3, 0x44, 0x41, 0x12, 0x07, 0xFF, 0x18, 0x2C, 0x68, 0x00, 0x60, 0x00, 0x00, 
0xC4, 0x00, 0xC5, 0xD3, 0x45, 0x43, 0x12, 0x07, 0xFF, 0x18, 0x2C, 0x68, 0x00, 0x60, 0x00, 0x00, 
0xC4, 0x00, 0xC5, 0xD3, 0x46, 0x45, 0x12, 0x07, 0xFF, 0x18, 0x2C, 0x68, 0x00, 0x60, 0x00, 0x00, 
0xC4, 0x00, 0xC5, 0xD3, 0x47, 0x47, 0x12, 0x07, 0xFF, 0x18, 0x2C, 0x68, 0x00, 0x60, 0x00, 0x00, 
0xC8, 0x00, 0xC5, 0xD3, 0x48, 0x41, 0x22, 0x07, 0xFF, 0x18, 0x2C, 0x68, 0x00, 0x60, 0x00, 0x00, 
0xC8, 0x00, 0xC5, 0xD3, 0x49, 0x43, 0x22, 0x07, 0xFF, 0x18, 0x2C, 0x68, 0x00, 0x60, 0x00, 0x00, 
0xC8, 0x00, 0xC5, 0xD3, 0x4A, 0x45, 0x22, 0x07, 0xFF, 0x18, 0x2C, 0x68, 0x00, 0x60, 0x00, 0x00, 
0xC8, 0x00, 0xC5, 0xD3, 0x4B, 0x47, 0x22, 0x07, 0xFF, 0x18, 0x2C, 0x68, 0x00, 0x60, 0x00, 0x00, 
0xCC, 0x00, 0xC5, 0xD3, 0x4C, 0x41, 0x32, 0x07, 0xFF, 0x18, 0x2C, 0x68, 0x00, 0x60, 0x00, 0x00, 
0xCC, 0x00, 0xC5, 0xD3, 0x4D, 0x43, 0x32, 0x07, 0xFF, 0x18, 0x2C, 0x68, 0x00, 0x60, 0x00, 0x00, 
0xCC, 0x00, 0xC5, 0xD3, 0x4E, 0x45, 0x32, 0x07, 0xFF, 0x18, 0x2C, 0x68, 0x00, 0x60, 0x00, 0x00, 
0xCC, 0x00, 0xC5, 0xD3, 0x4F, 0x47, 0x32, 0x07, 0xFF, 0x18, 0x2C, 0x68, 0x00, 0x60, 0x00, 0x00, 
0xD0, 0x00, 0xC5, 0xD3, 0x50, 0x41, 0x42, 0x07, 0xFF, 0x18, 0x2C, 0x68, 0x00, 0x60, 0x00, 0x00, 
0xD0, 0x00, 0xC5, 0xD3, 0x51, 0x43, 0x42, 0x07, 0xFF, 0x18, 0x2C, 0x68, 0x00, 0x60, 0x00, 0x00, 
0xD0, 0x00, 0xC5, 0xD3, 0x52, 0x45, 0x42, 0x07, 0xFF, 0x18, 0x2C, 0x68, 0x00, 0x60, 0x00, 0x00, 
0xD0, 0x00, 0xC5, 0xD3, 0x53, 0x47, 0x42, 0x07, 0xFF, 0x18, 0x2C, 0x68, 0x00, 0x60, 0x00, 0x00, 
0xD4, 0x00, 0xC5, 0xD3, 0x54, 0x41, 0x52, 0x07, 0xFF, 0x18, 0x2C, 0x68, 0x00, 0x60, 0x00, 0x00, 
0xD4, 0x00, 0xC5, 0xD3, 0x55, 0x43, 0x52, 0x07, 0xFF, 0x18, 0x2C, 0x68, 0x00, 0x60, 0x00, 0x00, 
0xD4, 0x00, 0xC5, 0xD3, 0x56, 0x45, 0x52, 0x07, 0xFF, 0x18, 0x2C, 0x68, 0x00, 0x60, 0x00, 0x00, 
0xD4, 0x00, 0xC5, 0xD3, 0x57, 0x47, 0x52, 0x07, 0xFF, 0x18, 0x2C, 0x68, 0x00, 0x60, 0x00, 0x00, 
0xD8, 0x00, 0xC5, 0xD3, 0x58, 0x41, 0x62, 0x07, 0xFF, 0x18, 0x2C, 0x68, 0x00, 0x60, 0x00, 0x00, 
0xD8, 0x00, 0xC5, 0xD3, 0x59, 0x43, 0x62, 0x07, 0xFF, 0x18, 0x2C, 0x68, 0x00, 0x60, 0x00, 0x00, 
0xD8, 0x00, 0xC5, 0xD3, 0x5A, 0x45, 0x62, 0x07, 0xFF, 0x18, 0x2C, 0x68, 0x00, 0x60, 0x00, 0x00, 
0xD8, 0x00, 0xC5, 0xD3, 0x5B, 0x47, 0x62, 0x07, 0xFF, 0x18, 0x2C, 0x68, 0x00, 0x60, 0x00, 0x00, 
0xDC, 0x00, 0xC5, 0xD3, 0x5C, 0x41, 0x72, 0x07, 0xFF, 0x18, 0x2C, 0x68, 0x00, 0x60, 0x00, 0x00, 
0xDC, 0x00, 0xC5, 0xD3, 0x5D, 0x43, 0x72, 0x07, 0xFF, 0x18, 0x2C, 0x68, 0x00, 0x60, 0x00, 0x00, 
0xDC, 0x00, 0xC5, 0xD3, 0x5E, 0x45, 0x72, 0x07, 0xFF, 0x18, 0x2C, 0x68, 0x00, 0x60, 0x00, 0x00, 
0xDC, 0x00, 0xC5, 0xD3, 0x5F, 0x47, 0x72, 0x07, 0xFF, 0x18, 0x2C, 0x68, 0x00, 0x60, 0x00, 0x00, 
0xE0, 0x00, 0xC5, 0xD3, 0x60, 0x41, 0x82, 0x07, 0xFF, 0x18, 0x2C, 0x68, 0x00, 0x60, 0x00, 0x00, 
0xE0, 0x00, 0xC5, 0xD3, 0x61, 0x43, 0x82, 0x07, 0xFF, 0x18, 0x2C, 0x68, 0x00, 0x60, 0x00, 0x00, 
0xE0, 0x00, 0xC5, 0xD3, 0x62, 0x45, 0x82, 0x07, 0xFF, 0x18, 0x2C, 0x68, 0x00, 0x60, 0x00, 0x00, 
0xE0, 0x00, 0xC5, 0xD3, 0x63, 0x47, 0x82, 0x07, 0xFF, 0x18, 0x2C, 0x68, 0x00, 0x60, 0x00, 0x00, 
0x7F, 0xC8, 0x8C, 0xBF, 0x00, 0x00, 0x8A, 0xBF, 0xC0, 0x80, 0xC5, 0xD3, 0x84, 0x79, 0x02, 0x07, 
0x30, 0xE8, 0xE9, 0x0B, 0xFA, 0x02, 0xEE, 0x7F, 0xF4, 0xFF, 0x00, 0xFF, 0xC0, 0x80, 0xC5, 0xD3, 
0x84, 0x79, 0x02, 0x07, 0xFF, 0x1C, 0x2C, 0x68, 0x00, 0x26, 0x02, 0x00, 0x00, 0x00, 0xFE, 0xD9, 
0x16, 0x00, 0x00, 0x1C, 0x00, 0x04, 0xFE, 0xD9, 0x16, 0x00, 0x00, 0x20, 0xC0, 0x80, 0xC5, 0xD3, 
0x84, 0x79, 0x02, 0x07, 0xFA, 0x02, 0xEC, 0x7F, 0xF4, 0xAA, 0x00, 0xFF, 0xC0, 0x80, 0xC5, 0xD3, 
0x84, 0x79, 0x02, 0x07, 0xFF, 0x1C, 0x2C, 0x68, 0x00, 0x26, 0x02, 0x00, 0x00, 0x08, 0xFE, 0xD9, 
0x16, 0x00, 0x00, 0x24, 0x00, 0x0C, 0xFE, 0xD9, 0x16, 0x00, 0x00, 0x28, 0xC4, 0x80, 0xC5, 0xD3, 
0x85, 0x79, 0x12, 0x07, 0xFA, 0x02, 0xEA, 0x7F, 0xF4, 0x55, 0x00, 0xFF, 0xC4, 0x80, 0xC5, 0xD3, 
0x85, 0x79, 0x12, 0x07, 0xFF, 0x1C, 0x2C, 0x68, 0x00, 0x26, 0x02, 0x00, 0x00, 0x10, 0xFE, 0xD9, 
0x16, 0x00, 0x00, 0x2C, 0x00, 0x14, 0xFE, 0xD9, 0x16, 0x00, 0x00, 0x30, 0xC4, 0x80, 0xC5, 0xD3, 
0x85, 0x79, 0x12, 0x07, 0xFA, 0x02, 0xE8, 0x7F, 0xF4, 0x00, 0x00, 0xFF, 0xC4, 0x80, 0xC5, 0xD3, 
0x85, 0x79, 0x12, 0x07, 0xFF, 0x1C, 0x2C, 0x68, 0x00, 0x26, 0x02, 0x00, 0x00, 0x18, 0xFE, 0xD9, 
0x16, 0x00, 0x00, 0x34, 0x00, 0x1C, 0xFE, 0xD9, 0x16, 0x00, 0x00, 0x38, 0xC8, 0x80, 0xC5, 0xD3, 
0x86, 0x79, 0x22, 0x07, 0x7A, 0x0F, 0x8C, 0xBF, 0x00, 0x00, 0x8A, 0xBF, 0xFF, 0x18, 0x2C, 0x68, 
0x00, 0xC0, 0x00, 0x00, 0x00, 0x00, 0xFE, 0xD9, 0x16, 0x00, 0x00, 0x64, 0xC8, 0x80, 0xC5, 0xD3, 
0x86, 0x79, 0x22, 0x07, 0xFF, 0x18, 0x2C, 0x68, 0x00, 0xC0, 0x00, 0x00, 0x00, 0x04, 0xFE, 0xD9, 
0x16, 0x00, 0x00, 0x68, 0xC8, 0x80, 0xC5, 0xD3, 0x86, 0x79, 0x22, 0x07, 0xFF, 0x18, 0x2C, 0x68, 
0x00, 0xC0, 0x00, 0x00, 0x00, 0x08, 0xFE, 0xD9, 0x16, 0x00, 0x00, 0x6C, 0xC8, 0x80, 0xC5, 0xD3, 
0x86, 0x79, 0x22, 0x07, 0xFF, 0x18, 0x2C, 0x68, 0x00, 0xC0, 0x00, 0x00, 0x00, 0x0C, 0xFE, 0xD9, 
0x16, 0x00, 0x00, 0x70, 0xCC, 0x80, 0xC5, 0xD3, 0x87, 0x79, 0x32, 0x07, 0xFF, 0x18, 0x2C, 0x68, 
0x00, 0xC0, 0x00, 0x00, 0x00, 0x10, 0xFE, 0xD9, 0x16, 0x00, 0x00, 0x74, 0xCC, 0x80, 0xC5, 0xD3, 
0x87, 0x79, 0x32, 0x07, 0xFF, 0x18, 0x2C, 0x68, 0x00, 0xC0, 0x00, 0x00, 0x00, 0x14, 0xFE, 0xD9, 
0x16, 0x00, 0x00, 0x78, 0xCC, 0x80, 0xC5, 0xD3, 0x87, 0x79, 0x32, 0x07, 0xFF, 0x18, 0x2C, 0x68, 
0x00, 0xC0, 0x00, 0x00, 0x00, 0x18, 0xFE, 0xD9, 0x16, 0x00, 0x00, 0x7C, 0xCC, 0x80, 0xC5, 0xD3, 
0x87, 0x79, 0x32, 0x07, 0xFF, 0x18, 0x2C, 0x68, 0x00, 0xC0, 0x00, 0x00, 0x00, 0x1C, 0xFE, 0xD9, 
0x16, 0x00, 0x00, 0x80, 0xD0, 0x80, 0xC5, 0xD3, 0x88, 0x79, 0x42, 0x07, 0xFF, 0x18, 0x2C, 0x68, 
0x00, 0xC0, 0x00, 0x00, 0xD0, 0x80, 0xC5, 0xD3, 0x88, 0x79, 0x42, 0x07, 0xFF, 0x18, 0x2C, 0x68, 
0x00, 0xC0, 0x00, 0x00, 0xD0, 0x80, 0xC5, 0xD3, 0x88, 0x79, 0x42, 0x07, 0xFF, 0x18, 0x2C, 0x68, 
0x00, 0xC0, 0x00, 0x00, 0xD0, 0x80, 0xC5, 0xD3, 0x88, 0x79, 0x42, 0x07, 0xFF, 0x18, 0x2C, 0x68, 
0x00, 0xC0, 0x00, 0x00, 0xD4, 0x80, 0xC5, 0xD3, 0x89, 0x79, 0x52, 0x07, 0xFF, 0x18, 0x2C, 0x68, 
0x00, 0xC0, 0x00, 0x00, 0xD4, 0x80, 0xC5, 0xD3, 0x89, 0x79, 0x52, 0x07, 0xFF, 0x18, 0x2C, 0x68, 
0x00, 0xC0, 0x00, 0x00, 0xD4, 0x80, 0xC5, 0xD3, 0x89, 0x79, 0x52, 0x07, 0xFF, 0x18, 0x2C, 0x68, 
0x00, 0xC0, 0x00, 0x00, 0xD4, 0x80, 0xC5, 0xD3, 0x89, 0x79, 0x52, 0x07, 0xFF, 0x18, 0x2C, 0x68, 
0x00, 0xC0, 0x00, 0x00, 0xD8, 0x80, 0xC5, 0xD3, 0x8A, 0x79, 0x62, 0x07, 0xFF, 0x18, 0x2C, 0x68, 
0x00, 0xC0, 0x00, 0x00, 0xD8, 0x80, 0xC5, 0xD3, 0x8A, 0x79, 0x62, 0x07, 0xFF, 0x18, 0x2C, 0x68, 
0x00, 0xC0, 0x00, 0x00, 0xD8, 0x80, 0xC5, 0xD3, 0x8A, 0x79, 0x62, 0x07, 0xFF, 0x18, 0x2C, 0x68, 
0x00, 0xC0, 0x00, 0x00, 0xD8, 0x80, 0xC5, 0xD3, 0x8A, 0x79, 0x62, 0x07, 0xFF, 0x18, 0x2C, 0x68, 
0x00, 0xC0, 0x00, 0x00, 0xDC, 0x80, 0xC5, 0xD3, 0x8B, 0x79, 0x72, 0x07, 0xFF, 0x18, 0x2C, 0x68, 
0x00, 0xC0, 0x00, 0x00, 0xDC, 0x80, 0xC5, 0xD3, 0x8B, 0x79, 0x72, 0x07, 0xFF, 0x18, 0x2C, 0x68, 
0x00, 0xC0, 0x00, 0x00, 0xDC, 0x80, 0xC5, 0xD3, 0x8B, 0x79, 0x72, 0x07, 0xFF, 0x18, 0x2C, 0x68, 
0x00, 0xC0, 0x00, 0x00, 0xDC, 0x80, 0xC5, 0xD3, 0x8B, 0x79, 0x72, 0x07, 0xFF, 0x18, 0x2C, 0x68, 
0x00, 0xC0, 0x00, 0x00, 0xE0, 0x80, 0xC5, 0xD3, 0x84, 0x7B, 0x82, 0x07, 0xFF, 0x18, 0x2C, 0x68, 
0x00, 0xC0, 0x00, 0x00, 0xE0, 0x80, 0xC5, 0xD3, 0x84, 0x7B, 0x82, 0x07, 0xFF, 0x18, 0x2C, 0x68, 
0x00, 0xC0, 0x00, 0x00, 0xE0, 0x80, 0xC5, 0xD3, 0x84, 0x7B, 0x82, 0x07, 0xFF, 0x18, 0x2C, 0x68, 
0x00, 0xC0, 0x00, 0x00, 0xE0, 0x80, 0xC5, 0xD3, 0x84, 0x7B, 0x82, 0x07, 0xFF, 0x18, 0x2C, 0x68, 
0x00, 0xC0, 0x00, 0x00, 0xE4, 0x80, 0xC5, 0xD3, 0x85, 0x7B, 0x92, 0x07, 0xFF, 0x18, 0x2C, 0x68, 
0x00, 0xC0, 0x00, 0x00, 0xE4, 0x80, 0xC5, 0xD3, 0x85, 0x7B, 0x92, 0x07, 0xFF, 0x18, 0x2C, 0x68, 
0x00, 0xC0, 0x00, 0x00, 0xE4, 0x80, 0xC5, 0xD3, 0x85, 0x7B, 0x92, 0x07, 0xFF, 0x18, 0x2C, 0x68, 
0x00, 0xC0, 0x00, 0x00, 0xE4, 0x80, 0xC5, 0xD3, 0x85, 0x7B, 0x92, 0x07, 0xFF, 0x18, 0x2C, 0x68, 
0x00, 0xC0, 0x00, 0x00, 0xE8, 0x80, 0xC5, 0xD3, 0x86, 0x7B, 0xA2, 0x07, 0xFF, 0x18, 0x2C, 0x68, 
0x00, 0xC0, 0x00, 0x00, 0xE8, 0x80, 0xC5, 0xD3, 0x86, 0x7B, 0xA2, 0x07, 0xFF, 0x18, 0x2C, 0x68, 
0x00, 0xC0, 0x00, 0x00, 0xE8, 0x80, 0xC5, 0xD3, 0x86, 0x7B, 0xA2, 0x07, 0xFF, 0x18, 0x2C, 0x68, 
0x00, 0xC0, 0x00, 0x00, 0xE8, 0x80, 0xC5, 0xD3, 0x86, 0x7B, 0xA2, 0x07, 0xFF, 0x18, 0x2C, 0x68, 
0x00, 0xC0, 0x00, 0x00, 0xEC, 0x80, 0xC5, 0xD3, 0x87, 0x7B, 0xB2, 0x07, 0xFF, 0x18, 0x2C, 0x68, 
0x00, 0xC0, 0x00, 0x00, 0xEC, 0x80, 0xC5, 0xD3, 0x87, 0x7B, 0xB2, 0x07, 0xFF, 0x18, 0x2C, 0x68, 
0x00, 0xC0, 0x00, 0x00, 0xEC, 0x80, 0xC5, 0xD3, 0x87, 0x7B, 0xB2, 0x07, 0xFF, 0x18, 0x2C, 0x68, 
0x00, 0xC0, 0x00, 0x00, 0xEC, 0x80, 0xC5, 0xD3, 0x87, 0x7B, 0xB2, 0x07, 0xFF, 0x18, 0x2C, 0x68, 
0x00, 0xC0, 0x00, 0x00, 0xF0, 0x80, 0xC5, 0xD3, 0x88, 0x7B, 0xC2, 0x07, 0xFF, 0x18, 0x2C, 0x68, 
0x00, 0xC0, 0x00, 0x00, 0xF0, 0x80, 0xC5, 0xD3, 0x88, 0x7B, 0xC2, 0x07, 0xFF, 0x18, 0x2C, 0x68, 
0x00, 0xC0, 0x00, 0x00, 0xF0, 0x80, 0xC5, 0xD3, 0x88, 0x7B, 0xC2, 0x07, 0xFF, 0x18, 0x2C, 0x68, 
0x00, 0xC0, 0x00, 0x00, 0xF0, 0x80, 0xC5, 0xD3, 0x88, 0x7B, 0xC2, 0x07, 0xFF, 0x18, 0x2C, 0x68, 
0x00, 0xC0, 0x00, 0x00, 0xF4, 0x80, 0xC5, 0xD3, 0x89, 0x7B, 0xD2, 0x07, 0xFF, 0x18, 0x2C, 0x68, 
0x00, 0xC0, 0x00, 0x00, 0xF4, 0x80, 0xC5, 0xD3, 0x89, 0x7B, 0xD2, 0x07, 0xFF, 0x18, 0x2C, 0x68, 
0x00, 0xC0, 0x00, 0x00, 0xF4, 0x80, 0xC5, 0xD3, 0x89, 0x7B, 0xD2, 0x07, 0xFF, 0x18, 0x2C, 0x68, 
0x00, 0xC0, 0x00, 0x00, 0xF4, 0x80, 0xC5, 0xD3, 0x89, 0x7B, 0xD2, 0x07, 0xFF, 0x18, 0x2C, 0x68, 
0x00, 0xC0, 0x00, 0x00, 0xF8, 0x80, 0xC5, 0xD3, 0x8A, 0x7B, 0xE2, 0x07, 0xFF, 0x18, 0x2C, 0x68, 
0x00, 0xC0, 0x00, 0x00, 0xF8, 0x80, 0xC5, 0xD3, 0x8A, 0x7B, 0xE2, 0x07, 0xFF, 0x18, 0x2C, 0x68, 
0x00, 0xC0, 0x00, 0x00, 0xF8, 0x80, 0xC5, 0xD3, 0x8A, 0x7B, 0xE2, 0x07, 0xFF, 0x18, 0x2C, 0x68, 
0x00, 0xC0, 0x00, 0x00, 0xF8, 0x80, 0xC5, 0xD3, 0x8A, 0x7B, 0xE2, 0x07, 0xFF, 0x18, 0x2C, 0x68, 
0x00, 0xC0, 0x00, 0x00, 0xFC, 0x80, 0xC5, 0xD3, 0x8B, 0x7B, 0xF2, 0x07, 0xFF, 0x18, 0x2C, 0x68, 
0x00, 0xC0, 0x00, 0x00, 0xFC, 0x80, 0xC5, 0xD3, 0x8B, 0x7B, 0xF2, 0x07, 0xFF, 0x18, 0x2C, 0x68, 
0x00, 0xC0, 0x00, 0x00, 0xFC, 0x80, 0xC5, 0xD3, 0x8B, 0x7B, 0xF2, 0x07, 0xFF, 0x18, 0x2C, 0x68, 
0x00, 0xC0, 0x00, 0x00, 0xFC, 0x80, 0xC5, 0xD3, 0x8B, 0x7B, 0xF2, 0x07, 0xFF, 0x18, 0x2C, 0x68, 
0x00, 0xC0, 0x00, 0x00, 0x78, 0x02, 0x8C, 0xBF, 0x00, 0x00, 0x8A, 0xBF, 0xE4, 0x00, 0xC5, 0xD3, 
0x1C, 0x81, 0x02, 0x12, 0x80, 0x18, 0x2C, 0x68, 0x00, 0x00, 0xFE, 0xD9, 0x16, 0x00, 0x00, 0x84, 
0x00, 0x04, 0xFE, 0xD9, 0x16, 0x00, 0x00, 0x88, 0xE4, 0x00, 0xC5, 0xD3, 0x1D, 0x83, 0x92, 0x17, 
0x4B, 0x00, 0xFC, 0xBE, 0x00, 0x20, 0x51, 0xE0, 0x0B, 0x00, 0x06, 0x80, 0xE4, 0x00, 0xC5, 0xD3, 
0x1E, 0x85, 0x92, 0x17, 0x80, 0x18, 0x2C, 0x68, 0x00, 0x08, 0xFE, 0xD9, 0x16, 0x00, 0x00, 0x8C, 
0x00, 0x0C, 0xFE, 0xD9, 0x16, 0x00, 0x00, 0x90, 0xE4, 0x00, 0xC5, 0xD3, 0x1F, 0x87, 0x92, 0x17, 
0x51, 0x00, 0xFC, 0xBE, 0x00, 0x10, 0x5D, 0xE0, 0x03, 0x00, 0x05, 0x64, 0xFF, 0x7C, 0x7C, 0x80, 
0x00, 0x10, 0x00, 0x00, 0xE4, 0x00, 0xC5, 0xD3, 0x20, 0x99, 0x92, 0x17, 0x80, 0x18, 0x2C, 0x68, 
0x00, 0x10, 0xFE, 0xD9, 0x16, 0x00, 0x00, 0x94, 0x00, 0x14, 0xFE, 0xD9, 0x16, 0x00, 0x00, 0x98, 
0xE4, 0x00, 0xC5, 0xD3, 0x21, 0x9B, 0x92, 0x17, 0x51, 0x00, 0xFC, 0xBE, 0x00, 0x10, 0x5D, 0xE0, 
0x04, 0x00, 0x05, 0x64, 0xFF, 0x7C, 0x7C, 0x80, 0x00, 0x10, 0x00, 0x00, 0xE4, 0x00, 0xC5, 0xD3, 
0x22, 0x9D, 0x92, 0x17, 0x80, 0x18, 0x2C, 0x68, 0x00, 0x18, 0xFE, 0xD9, 0x16, 0x00, 0x00, 0x9C, 
0x00, 0x1C, 0xFE, 0xD9, 0x16, 0x00, 0x00, 0xA0, 0xE4, 0x00, 0xC5, 0xD3, 0x23, 0x9F, 0x92, 0x17, 
0x54, 0x00, 0xFC, 0xBE, 0x00, 0x10, 0x5D, 0xE0, 0x03, 0x00, 0x07, 0x63, 0xFF, 0x7C, 0x7C, 0x80, 
0x00, 0x10, 0x00, 0x00, 0xE4, 0x00, 0xC5, 0xD3, 0x24, 0xB1, 0x92, 0x17, 0x80, 0x18, 0x2C, 0x68, 
0xE4, 0x00, 0xC5, 0xD3, 0x25, 0xB3, 0x92, 0x17, 0x54, 0x00, 0xFC, 0xBE, 0x00, 0x10, 0x5D, 0xE0, 
0x04, 0x00, 0x07, 0x63, 0xFF, 0x7C, 0x7C, 0x80, 0x00, 0x10, 0x00, 0x00, 0xE4, 0x00, 0xC5, 0xD3, 
0x26, 0xB5, 0x92, 0x17, 0x4E, 0x00, 0xFC, 0xBE, 0x00, 0x10, 0x5D, 0xE0, 0x01, 0x00, 0x02, 0x62, 
0xFF, 0x7C, 0x7C, 0x80, 0x00, 0x10, 0x00, 0x00, 0xE4, 0x00, 0xC5, 0xD3, 0x27, 0xB7, 0x92, 0x17, 
0x4E, 0x00, 0xFC, 0xBE, 0x00, 0x10, 0x5D, 0xE0, 0x02, 0x00, 0x02, 0x62, 0xFF, 0x7C, 0x7C, 0x80, 
0x00, 0x10, 0x00, 0x00, 0xE4, 0x00, 0xC5, 0xD3, 0x28, 0xC9, 0x92, 0x17, 0xE4, 0x00, 0xC5, 0xD3, 
0x29, 0xCB, 0x92, 0x17, 0xE4, 0x00, 0xC5, 0xD3, 0x2A, 0xCD, 0x92, 0x17, 0xE4, 0x00, 0xC5, 0xD3, 
0x2B, 0xCF, 0x92, 0x17, 0xE4, 0x00, 0xC5, 0xD3, 0x2C, 0xE1, 0x92, 0x17, 0xE4, 0x00, 0xC5, 0xD3, 
0x2D, 0xE3, 0x92, 0x17, 0xE4, 0x00, 0xC5, 0xD3, 0x2E, 0xE5, 0x92, 0x17, 0xE4, 0x00, 0xC5, 0xD3, 
0x2F, 0xE7, 0x92, 0x17, 0xE4, 0x00, 0xC5, 0xD3, 0x30, 0xF9, 0x92, 0x17, 0xE4, 0x00, 0xC5, 0xD3, 
0x31, 0xFB, 0x92, 0x17, 0xE4, 0x00, 0xC5, 0xD3, 0x32, 0xFD, 0x92, 0x17, 0xE4, 0x00, 0xC5, 0xD3, 
0x33, 0xFF, 0x92, 0x17, 0xE4, 0x00, 0xC5, 0xD3, 0x34, 0x11, 0x93, 0x17, 0xE4, 0x00, 0xC5, 0xD3, 
0x35, 0x13, 0x93, 0x17, 0xE4, 0x00, 0xC5, 0xD3, 0x36, 0x15, 0x93, 0x17, 0xE4, 0x00, 0xC5, 0xD3, 
0x37, 0x17, 0x93, 0x17, 0xE4, 0x00, 0xC5, 0xD3, 0x38, 0x29, 0x93, 0x17, 0xE4, 0x00, 0xC5, 0xD3, 
0x39, 0x2B, 0x93, 0x17, 0xE4, 0x00, 0xC5, 0xD3, 0x3A, 0x2D, 0x93, 0x17, 0xE4, 0x00, 0xC5, 0xD3, 
0x3B, 0x2F, 0x93, 0x17, 0xE8, 0x00, 0xC5, 0xD3, 0x1C, 0x89, 0x02, 0x12, 0xE8, 0x00, 0xC5, 0xD3, 
0x1D, 0x8B, 0xA2, 0x17, 0xE8, 0x00, 0xC5, 0xD3, 0x1E, 0x8D, 0xA2, 0x17, 0xE8, 0x00, 0xC5, 0xD3, 
0x1F, 0x8F, 0xA2, 0x17, 0xE8, 0x00, 0xC5, 0xD3, 0x20, 0xA1, 0xA2, 0x17, 0xE8, 0x00, 0xC5, 0xD3, 
0x21, 0xA3, 0xA2, 0x17, 0xE8, 0x00, 0xC5, 0xD3, 0x22, 0xA5, 0xA2, 0x17, 0xE8, 0x00, 0xC5, 0xD3, 
0x23, 0xA7, 0xA2, 0x17, 0xE8, 0x00, 0xC5, 0xD3, 0x24, 0xB9, 0xA2, 0x17, 0xE8, 0x00, 0xC5, 0xD3, 
0x25, 0xBB, 0xA2, 0x17, 0xE8, 0x00, 0xC5, 0xD3, 0x26, 0xBD, 0xA2, 0x17, 0xE8, 0x00, 0xC5, 0xD3, 
0x27, 0xBF, 0xA2, 0x17, 0xE8, 0x00, 0xC5, 0xD3, 0x28, 0xD1, 0xA2, 0x17, 0xE8, 0x00, 0xC5, 0xD3, 
0x29, 0xD3, 0xA2, 0x17, 0xE8, 0x00, 0xC5, 0xD3, 0x2A, 0xD5, 0xA2, 0x17, 0xE8, 0x00, 0xC5, 0xD3, 
0x2B, 0xD7, 0xA2, 0x17, 0xE8, 0x00, 0xC5, 0xD3, 0x2C, 0xE9, 0xA2, 0x17, 0xE8, 0x00, 0xC5, 0xD3, 
0x2D, 0xEB, 0xA2, 0x17, 0xE8, 0x00, 0xC5, 0xD3, 0x2E, 0xED, 0xA2, 0x17, 0xE8, 0x00, 0xC5, 0xD3, 
0x2F, 0xEF, 0xA2, 0x17, 0xE8, 0x00, 0xC5, 0xD3, 0x30, 0x01, 0xA3, 0x17, 0xE8, 0x00, 0xC5, 0xD3, 
0x31, 0x03, 0xA3, 0x17, 0xE8, 0x00, 0xC5, 0xD3, 0x32, 0x05, 0xA3, 0x17, 0xE8, 0x00, 0xC5, 0xD3, 
0x33, 0x07, 0xA3, 0x17, 0xE8, 0x00, 0xC5, 0xD3, 0x34, 0x19, 0xA3, 0x17, 0xE8, 0x00, 0xC5, 0xD3, 
0x35, 0x1B, 0xA3, 0x17, 0xE8, 0x00, 0xC5, 0xD3, 0x36, 0x1D, 0xA3, 0x17, 0xE8, 0x00, 0xC5, 0xD3, 
0x37, 0x1F, 0xA3, 0x17, 0xE8, 0x00, 0xC5, 0xD3, 0x38, 0x31, 0xA3, 0x17, 0xB0, 0x3B, 0x3C, 0x80, 
0x3C, 0x3A, 0x0A, 0xBF, 0x44, 0x80, 0x44, 0x85, 0x46, 0x80, 0x46, 0x85, 0x45, 0x80, 0x45, 0x85, 
0xE8, 0x00, 0xC5, 0xD3, 0x39, 0x33, 0xA3, 0x17, 0x45, 0x16, 0x16, 0x68, 0x46, 0x64, 0x64, 0x80, 
0xE8, 0x00, 0xC5, 0xD3, 0x3A, 0x35, 0xA3, 0x17, 0x46, 0x63, 0x63, 0x80, 0x44, 0x62, 0x62, 0x80, 
0xE8, 0x00, 0xC5, 0xD3, 0x3B, 0x37, 0xA3, 0x17, 0x3B, 0x90, 0x09, 0xBF, 0x43, 0x42, 0x42, 0x85, 
0x10, 0x00, 0x3B, 0xB7, 0x00, 0x00, 0x80, 0xBF, 0x3B, 0x3A, 0x04, 0xBF, 0xC0, 0xDD, 0x84, 0xBF, 
0xE0, 0xEE, 0x82, 0xBF, 0x84, 0x00, 0x2C, 0x20, 0xFF, 0x2C, 0x2A, 0x0C, 0x44, 0x00, 0x00, 0x00, 
0x8F, 0x00, 0x2C, 0x26, 0x82, 0x2C, 0x2C, 0x24, 0x16, 0x2B, 0x2A, 0x68, 0x2E, 0xFF, 0x3C, 0x92, 
0x80, 0x08, 0x00, 0x00, 0x3C, 0x2A, 0x2A, 0x68, 0x82, 0x2A, 0x2A, 0x24, 0x2F, 0xC8, 0xC9, 0x0B, 
0x2F, 0xCA, 0xCB, 0x0B, 0x2F, 0xCC, 0xCD, 0x0B, 0x2F, 0xCE, 0xCF, 0x0B, 0x2F, 0xD0, 0xD1, 0x0B, 
0x2F, 0xD2, 0xD3, 0x0B, 0x2F, 0xD4, 0xD5, 0x0B, 0x2F, 0xD6, 0xD7, 0x0B, 0x00, 0x10, 0x34, 0xE1, 
0x07, 0xEC, 0x08, 0x80, 0x00, 0x10, 0x34, 0xE1, 0x08, 0xED, 0x08, 0x80, 0x00, 0x10, 0x34, 0xE1, 
0x09, 0xEE, 0x08, 0x80, 0x00, 0x10, 0x34, 0xE1, 0x0A, 0xEF, 0x08, 0x80, 0x40, 0x10, 0x34, 0xE1, 
0x07, 0xF0, 0x08, 0x80, 0x40, 0x10, 0x34, 0xE1, 0x08, 0xF1, 0x08, 0x80, 0x40, 0x10, 0x34, 0xE1, 
0x09, 0xF2, 0x08, 0x80, 0x40, 0x10, 0x34, 0xE1, 0x0A, 0xF3, 0x08, 0x80, 0x2F, 0x80, 0x81, 0x0B, 
0x2F, 0x82, 0x83, 0x0B, 0x2F, 0x84, 0x85, 0x0B, 0x2F, 0x86, 0x87, 0x0B, 0x2F, 0x88, 0x89, 0x0B, 
0x2F, 0x8A, 0x8B, 0x0B, 0x2F, 0x8C, 0x8D, 0x0B, 0x2F, 0x8E, 0x8F, 0x0B, 0x2F, 0x90, 0x91, 0x0B, 
0x2F, 0x92, 0x93, 0x0B, 0x2F, 0x94, 0x95, 0x0B, 0x2F, 0x96, 0x97, 0x0B, 0x2F, 0x98, 0x99, 0x0B, 
0x2F, 0x9A, 0x9B, 0x0B, 0x2F, 0x9C, 0x9D, 0x0B, 0x2F, 0x9E, 0x9F, 0x0B, 0x2F, 0xA0, 0xA1, 0x0B, 
0x2F, 0xA2, 0xA3, 0x0B, 0x2F, 0xA4, 0xA5, 0x0B, 0x2F, 0xA6, 0xA7, 0x0B, 0x2F, 0xA8, 0xA9, 0x0B, 
0x2F, 0xAA, 0xAB, 0x0B, 0x2F, 0xAC, 0xAD, 0x0B, 0x2F, 0xAE, 0xAF, 0x0B, 0x2F, 0xB0, 0xB1, 0x0B, 
0x2F, 0xB2, 0xB3, 0x0B, 0x2F, 0xB4, 0xB5, 0x0B, 0x2F, 0xB6, 0xB7, 0x0B, 0x2F, 0xB8, 0xB9, 0x0B, 
0x2F, 0xBA, 0xBB, 0x0B, 0x2F, 0xBC, 0xBD, 0x0B, 0x2F, 0xBE, 0xBF, 0x0B, 0x2F, 0xC0, 0xC1, 0x0B, 
0x2F, 0xC2, 0xC3, 0x0B, 0x2F, 0xC4, 0xC5, 0x0B, 0x2F, 0xC6, 0xC7, 0x0B, 0x2F, 0xC8, 0xC9, 0x0B, 
0x2F, 0xCA, 0xCB, 0x0B, 0x2F, 0xCC, 0xCD, 0x0B, 0x2F, 0xCE, 0xCF, 0x0B, 0x2F, 0xD0, 0xD1, 0x0B, 
0x2F, 0xD2, 0xD3, 0x0B, 0x2F, 0xD4, 0xD5, 0x0B, 0x2F, 0xD6, 0xD7, 0x0B, 0x2F, 0xD8, 0xD9, 0x0B, 
0x2F, 0xDA, 0xDB, 0x0B, 0x2F, 0xDC, 0xDD, 0x0B, 0x2F, 0xDE, 0xDF, 0x0B, 0x2F, 0xE0, 0xE1, 0x0B, 
0x2F, 0xE2, 0xE3, 0x0B, 0x2F, 0xE4, 0xE5, 0x0B, 0x2F, 0xE6, 0xE7, 0x0B, 0x2F, 0xE8, 0xE9, 0x0B, 
0x2F, 0xEA, 0xEB, 0x0B, 0x2F, 0xEC, 0xED, 0x0B, 0x2F, 0xEE, 0xEF, 0x0B, 0x2F, 0xF0, 0xF1, 0x0B, 
0x2F, 0xF2, 0xF3, 0x0B, 0x2F, 0xF4, 0xF5, 0x0B, 0x2F, 0xF6, 0xF7, 0x0B, 0x2F, 0xF8, 0xF9, 0x0B, 
0x2F, 0xFA, 0xFB, 0x0B, 0x2F, 0xFC, 0xFD, 0x0B, 0x2F, 0xFE, 0xFF, 0x0B, 0x80, 0x2A, 0x2C, 0x68, 
0x00, 0x00, 0xBE, 0xD9, 0x16, 0xA4, 0x00, 0x00, 0x40, 0x04, 0xBE, 0xD9, 0x16, 0xA8, 0x00, 0x00, 
0x80, 0x08, 0xBE, 0xD9, 0x16, 0xAC, 0x00, 0x00, 0xC0, 0x0C, 0xBE, 0xD9, 0x16, 0xB0, 0x00, 0x00, 
0x00, 0x11, 0xBE, 0xD9, 0x16, 0xB4, 0x00, 0x00, 0x40, 0x15, 0xBE, 0xD9, 0x16, 0xB8, 0x00, 0x00, 
0x80, 0x19, 0xBE, 0xD9, 0x16, 0xBC, 0x00, 0x00, 0xC0, 0x1D, 0xBE, 0xD9, 0x16, 0xC0, 0x00, 0x00, 
0x00, 0x88, 0xBE, 0xD9, 0x16, 0xC4, 0x00, 0x00, 0x40, 0x8C, 0xBE, 0xD9, 0x16, 0xC8, 0x00, 0x00, 
0x80, 0x90, 0xBE, 0xD9, 0x16, 0xCC, 0x00, 0x00, 0xC0, 0x94, 0xBE, 0xD9, 0x16, 0xD0, 0x00, 0x00, 
0x00, 0x99, 0xBE, 0xD9, 0x16, 0xD4, 0x00, 0x00, 0x40, 0x9D, 0xBE, 0xD9, 0x16, 0xD8, 0x00, 0x00, 
0x80, 0xA1, 0xBE, 0xD9, 0x16, 0xDC, 0x00, 0x00, 0xC0, 0xA5, 0xBE, 0xD9, 0x16, 0xE0, 0x00, 0x00, 
0x85, 0x00, 0x2C, 0x20, 0x84, 0x2C, 0x28, 0x0C, 0x9F, 0x00, 0x2C, 0x26, 0xFF, 0x2C, 0x2E, 0x0C, 
0x44, 0x00, 0x00, 0x00, 0x17, 0x29, 0x28, 0x68, 0x2E, 0xFF, 0x3C, 0x92, 0x80, 0x08, 0x00, 0x00, 
0x3C, 0x28, 0x28, 0x68, 0x82, 0x28, 0x28, 0x24, 0x7F, 0xC0, 0x8C, 0xBF, 0x00, 0x00, 0x8A, 0xBF, 
0x80, 0x28, 0x2C, 0x68, 0x00, 0x00, 0xFE, 0xD9, 0x16, 0x00, 0x00, 0xA4, 0x20, 0x00, 0xFE, 0xD9, 
0x16, 0x00, 0x00, 0xA8, 0x40, 0x00, 0xFE, 0xD9, 0x16, 0x00, 0x00, 0xAC, 0x60, 0x00, 0xFE, 0xD9, 
0x16, 0x00, 0x00, 0xB0, 0x80, 0x00, 0xFE, 0xD9, 0x16, 0x00, 0x00, 0xB4, 0xA0, 0x00, 0xFE, 0xD9, 
0x16, 0x00, 0x00, 0xB8, 0xC0, 0x00, 0xFE, 0xD9, 0x16, 0x00, 0x00, 0xBC, 0xE0, 0x00, 0xFE, 0xD9, 
0x16, 0x00, 0x00, 0xC0, 0x00, 0x88, 0xFE, 0xD9, 0x16, 0x00, 0x00, 0xC4, 0x20, 0x88, 0xFE, 0xD9, 
0x16, 0x00, 0x00, 0xC8, 0x40, 0x88, 0xFE, 0xD9, 0x16, 0x00, 0x00, 0xCC, 0x60, 0x88, 0xFE, 0xD9, 
0x16, 0x00, 0x00, 0xD0, 0x80, 0x88, 0xFE, 0xD9, 0x16, 0x00, 0x00, 0xD4, 0xA0, 0x88, 0xFE, 0xD9, 
0x16, 0x00, 0x00, 0xD8, 0xC0, 0x88, 0xFE, 0xD9, 0x16, 0x00, 0x00, 0xDC, 0xE0, 0x88, 0xFE, 0xD9, 
0x16, 0x00, 0x00, 0xE0, 0xFF, 0x2A, 0x2C, 0x68, 0x00, 0x04, 0x01, 0x00, 0x00, 0x00, 0xBE, 0xD9, 
0x16, 0xA4, 0x00, 0x00, 0x40, 0x04, 0xBE, 0xD9, 0x16, 0xA8, 0x00, 0x00, 0x80, 0x08, 0xBE, 0xD9, 
0x16, 0xAC, 0x00, 0x00, 0xC0, 0x0C, 0xBE, 0xD9, 0x16, 0xB0, 0x00, 0x00, 0x00, 0x11, 0xBE, 0xD9, 
0x16, 0xB4, 0x00, 0x00, 0x40, 0x15, 0xBE, 0xD9, 0x16, 0xB8, 0x00, 0x00, 0x80, 0x19, 0xBE, 0xD9, 
0x16, 0xBC, 0x00, 0x00, 0xC0, 0x1D, 0xBE, 0xD9, 0x16, 0xC0, 0x00, 0x00, 0x00, 0x88, 0xBE, 0xD9, 
0x16, 0xC4, 0x00, 0x00, 0x40, 0x8C, 0xBE, 0xD9, 0x16, 0xC8, 0x00, 0x00, 0x80, 0x90, 0xBE, 0xD9, 
0x16, 0xCC, 0x00, 0x00, 0xC0, 0x94, 0xBE, 0xD9, 0x16, 0xD0, 0x00, 0x00, 0x00, 0x99, 0xBE, 0xD9, 
0x16, 0xD4, 0x00, 0x00, 0x40, 0x9D, 0xBE, 0xD9, 0x16, 0xD8, 0x00, 0x00, 0x80, 0xA1, 0xBE, 0xD9, 
0x16, 0xDC, 0x00, 0x00, 0xC0, 0xA5, 0xBE, 0xD9, 0x16, 0xE0, 0x00, 0x00, 0x7F, 0xCF, 0x8C, 0xBF, 
0x00, 0x00, 0x8A, 0xBF, 0x40, 0x81, 0x3C, 0x8F, 0x40, 0x8C, 0x3D, 0x92, 0x00, 0x20, 0x7C, 0xE0, 
0x06, 0xA4, 0x0A, 0x80, 0x3C, 0x0C, 0x0C, 0x68, 0x00, 0x20, 0x7C, 0xE0, 0x06, 0xA8, 0x0A, 0x80, 
0x3C, 0x0C, 0x0C, 0x68, 0x00, 0x20, 0x7C, 0xE0, 0x06, 0xAC, 0x0A, 0x80, 0x3C, 0x0C, 0x0C, 0x68, 
0x00, 0x20, 0x7C, 0xE0, 0x06, 0xB0, 0x0A, 0x80, 0x3C, 0x0C, 0x0C, 0x68, 0x00, 0x20, 0x7C, 0xE0, 
0x06, 0xB4, 0x0A, 0x80, 0x3C, 0x0C, 0x0C, 0x68, 0x00, 0x20, 0x7C, 0xE0, 0x06, 0xB8, 0x0A, 0x80, 
0x3C, 0x0C, 0x0C, 0x68, 0x00, 0x20, 0x7C, 0xE0, 0x06, 0xBC, 0x0A, 0x80, 0x3C, 0x0C, 0x0C, 0x68, 
0x00, 0x20, 0x7C, 0xE0, 0x06, 0xC0, 0x0A, 0x80, 0x3C, 0x0C, 0x0C, 0x68, 0x3D, 0x0C, 0x0C, 0x68, 
0x00, 0x20, 0x7C, 0xE0, 0x06, 0xC4, 0x0A, 0x80, 0x3C, 0x0C, 0x0C, 0x68, 0x00, 0x20, 0x7C, 0xE0, 
0x06, 0xC8, 0x0A, 0x80, 0x3C, 0x0C, 0x0C, 0x68, 0x00, 0x20, 0x7C, 0xE0, 0x06, 0xCC, 0x0A, 0x80, 
0x3C, 0x0C, 0x0C, 0x68, 0x00, 0x20, 0x7C, 0xE0, 0x06, 0xD0, 0x0A, 0x80, 0x3C, 0x0C, 0x0C, 0x68, 
0x00, 0x20, 0x7C, 0xE0, 0x06, 0xD4, 0x0A, 0x80, 0x3C, 0x0C, 0x0C, 0x68, 0x00, 0x20, 0x7C, 0xE0, 
0x06, 0xD8, 0x0A, 0x80, 0x3C, 0x0C, 0x0C, 0x68, 0x00, 0x20, 0x7C, 0xE0, 0x06, 0xDC, 0x0A, 0x80, 
0x3C, 0x0C, 0x0C, 0x68, 0x00, 0x20, 0x7C, 0xE0, 0x06, 0xE0, 0x0A, 0x80, 0x3C, 0x0C, 0x0C, 0x68, 
0x3D, 0x0C, 0x0C, 0x68, 0x7F, 0xC0, 0x8C, 0xBF, 0x00, 0x00, 0x8A, 0xBF, 0xFF, 0x28, 0x2C, 0x68, 
0x00, 0x04, 0x01, 0x00, 0x00, 0x00, 0xFE, 0xD9, 0x16, 0x00, 0x00, 0xA4, 0x20, 0x00, 0xFE, 0xD9, 
0x16, 0x00, 0x00, 0xA8, 0x40, 0x00, 0xFE, 0xD9, 0x16, 0x00, 0x00, 0xAC, 0x60, 0x00, 0xFE, 0xD9, 
0x16, 0x00, 0x00, 0xB0, 0x80, 0x00, 0xFE, 0xD9, 0x16, 0x00, 0x00, 0xB4, 0xA0, 0x00, 0xFE, 0xD9, 
0x16, 0x00, 0x00, 0xB8, 0xC0, 0x00, 0xFE, 0xD9, 0x16, 0x00, 0x00, 0xBC, 0xE0, 0x00, 0xFE, 0xD9, 
0x16, 0x00, 0x00, 0xC0, 0x00, 0x88, 0xFE, 0xD9, 0x16, 0x00, 0x00, 0xC4, 0x20, 0x88, 0xFE, 0xD9, 
0x16, 0x00, 0x00, 0xC8, 0x40, 0x88, 0xFE, 0xD9, 0x16, 0x00, 0x00, 0xCC, 0x60, 0x88, 0xFE, 0xD9, 
0x16, 0x00, 0x00, 0xD0, 0x80, 0x88, 0xFE, 0xD9, 0x16, 0x00, 0x00, 0xD4, 0xA0, 0x88, 0xFE, 0xD9, 
0x16, 0x00, 0x00, 0xD8, 0xC0, 0x88, 0xFE, 0xD9, 0x16, 0x00, 0x00, 0xDC, 0xE0, 0x88, 0xFE, 0xD9, 
0x16, 0x00, 0x00, 0xE0, 0x7F, 0xC0, 0x8C, 0xBF, 0x00, 0x00, 0x8A, 0xBF, 0x40, 0x81, 0x3C, 0x8F, 
0x40, 0x8C, 0x3D, 0x92, 0x00, 0x20, 0x7C, 0xE0, 0x05, 0xA4, 0x09, 0x80, 0x3C, 0x0A, 0x0A, 0x68, 
0x00, 0x20, 0x7C, 0xE0, 0x05, 0xA8, 0x09, 0x80, 0x3C, 0x0A, 0x0A, 0x68, 0x00, 0x20, 0x7C, 0xE0, 
0x05, 0xAC, 0x09, 0x80, 0x3C, 0x0A, 0x0A, 0x68, 0x00, 0x20, 0x7C, 0xE0, 0x05, 0xB0, 0x09, 0x80, 
0x3C, 0x0A, 0x0A, 0x68, 0x00, 0x20, 0x7C, 0xE0, 0x05, 0xB4, 0x09, 0x80, 0x3C, 0x0A, 0x0A, 0x68, 
0x00, 0x20, 0x7C, 0xE0, 0x05, 0xB8, 0x09, 0x80, 0x3C, 0x0A, 0x0A, 0x68, 0x00, 0x20, 0x7C, 0xE0, 
0x05, 0xBC, 0x09, 0x80, 0x3C, 0x0A, 0x0A, 0x68, 0x00, 0x20, 0x7C, 0xE0, 0x05, 0xC0, 0x09, 0x80, 
0x3C, 0x0A, 0x0A, 0x68, 0x3D, 0x0A, 0x0A, 0x68, 0x00, 0x20, 0x7C, 0xE0, 0x05, 0xC4, 0x09, 0x80, 
0x3C, 0x0A, 0x0A, 0x68, 0x00, 0x20, 0x7C, 0xE0, 0x05, 0xC8, 0x09, 0x80, 0x3C, 0x0A, 0x0A, 0x68, 
0x00, 0x20, 0x7C, 0xE0, 0x05, 0xCC, 0x09, 0x80, 0x3C, 0x0A, 0x0A, 0x68, 0x00, 0x20, 0x7C, 0xE0, 
0x05, 0xD0, 0x09, 0x80, 0x3C, 0x0A, 0x0A, 0x68, 0x00, 0x20, 0x7C, 0xE0, 0x05, 0xD4, 0x09, 0x80, 
0x3C, 0x0A, 0x0A, 0x68, 0x00, 0x20, 0x7C, 0xE0, 0x05, 0xD8, 0x09, 0x80, 0x3C, 0x0A, 0x0A, 0x68, 
0x00, 0x20, 0x7C, 0xE0, 0x05, 0xDC, 0x09, 0x80, 0x3C, 0x0A, 0x0A, 0x68, 0x00, 0x20, 0x7C, 0xE0, 
0x05, 0xE0, 0x09, 0x80, 0x3C, 0x0A, 0x0A, 0x68, 0x3D, 0x0A, 0x0A, 0x68, 0x00, 0x00, 0x8C, 0xBF, 
0x00, 0x00, 0x81, 0xBF, 0x00, 0x00, 0x00, 0x00, 0x06, 0x00, 0x00, 0x00, 0x00, 0x00, 0x00, 0x00, 
0xB0, 0x13, 0x00, 0x00, 0x00, 0x00, 0x00, 0x00, 0x0B, 0x00, 0x00, 0x00, 0x00, 0x00, 0x00, 0x00, 
0x18, 0x00, 0x00, 0x00, 0x00, 0x00, 0x00, 0x00, 0x05, 0x00, 0x00, 0x00, 0x00, 0x00, 0x00, 0x00, 
0x3C, 0x14, 0x00, 0x00, 0x00, 0x00, 0x00, 0x00, 0x0A, 0x00, 0x00, 0x00, 0x00, 0x00, 0x00, 0x00, 
0x1C, 0x00, 0x00, 0x00, 0x00, 0x00, 0x00, 0x00, 0xF5, 0xFE, 0xFF, 0x6F, 0x00, 0x00, 0x00, 0x00, 
0xF8, 0x13, 0x00, 0x00, 0x00, 0x00, 0x00, 0x00, 0x04, 0x00, 0x00, 0x00, 0x00, 0x00, 0x00, 0x00, 
0x1C, 0x14, 0x00, 0x00, 0x00, 0x00, 0x00, 0x00, 0x00, 0x00, 0x00, 0x00, 0x00, 0x00, 0x00, 0x00, 
0x00, 0x00, 0x00, 0x00, 0x00, 0x00, 0x00, 0x00, 0x4C, 0x69, 0x6E, 0x6B, 0x65, 0x72, 0x3A, 0x20, 
0x41, 0x4D, 0x44, 0x20, 0x4C, 0x4C, 0x44, 0x20, 0x32, 0x30, 0x2E, 0x30, 0x2E, 0x30, 0x20, 0x28, 
0x2F, 0x6C, 0x6F, 0x6E, 0x67, 0x65, 0x72, 0x5F, 0x70, 0x61, 0x74, 0x68, 0x6E, 0x61, 0x6D, 0x65, 
0x5F, 0x73, 0x6F, 0x5F, 0x74, 0x68, 0x61, 0x74, 0x5F, 0x72, 0x70, 0x6D, 0x73, 0x5F, 0x63, 0x61, 
0x6E, 0x5F, 0x73, 0x75, 0x70, 0x70, 0x6F, 0x72, 0x74, 0x5F, 0x70, 0x61, 0x63, 0x6B, 0x61, 0x67, 
0x69, 0x6E, 0x67, 0x5F, 0x74, 0x68, 0x65, 0x5F, 0x64, 0x65, 0x62, 0x75, 0x67, 0x5F, 0x69, 0x6E, 
0x66, 0x6F, 0x5F, 0x66, 0x6F, 0x72, 0x5F, 0x61, 0x6C, 0x6C, 0x5F, 0x6F, 0x73, 0x5F, 0x70, 0x72, 
0x6F, 0x66, 0x69, 0x6C, 0x65, 0x73, 0x2F, 0x73, 0x72, 0x63, 0x2F, 0x6C, 0x6C, 0x76, 0x6D, 0x2D, 
0x70, 0x72, 0x6F, 0x6A, 0x65, 0x63, 0x74, 0x2F, 0x6C, 0x6C, 0x76, 0x6D, 0x20, 0x31, 0x62, 0x35, 
0x63, 0x61, 0x30, 0x35, 0x33, 0x63, 0x34, 0x66, 0x66, 0x33, 0x66, 0x39, 0x65, 0x37, 0x32, 0x39, 
0x64, 0x62, 0x31, 0x36, 0x64, 0x31, 0x31, 0x63, 0x61, 0x39, 0x39, 0x38, 0x62, 0x62, 0x64, 0x36, 
0x35, 0x64, 0x37, 0x65, 0x33, 0x29, 0x00, 0x00, 0x00, 0x00, 0x00, 0x00, 0x00, 0x00, 0x00, 0x00, 
0x00, 0x00, 0x00, 0x00, 0x00, 0x00, 0x00, 0x00, 0x00, 0x00, 0x00, 0x00, 0x00, 0x00, 0x00, 0x00, 
0x01, 0x00, 0x00, 0x00, 0x00, 0x00, 0x07, 0x00, 0x8C, 0xC0, 0x00, 0x00, 0x00, 0x00, 0x00, 0x00, 
0x00, 0x00, 0x00, 0x00, 0x00, 0x00, 0x00, 0x00, 0x0C, 0x00, 0x00, 0x00, 0x00, 0x00, 0x07, 0x00, 
0x80, 0xC0, 0x00, 0x00, 0x00, 0x00, 0x00, 0x00, 0x00, 0x00, 0x00, 0x00, 0x00, 0x00, 0x00, 0x00, 
0x17, 0x00, 0x00, 0x00, 0x00, 0x00, 0x07, 0x00, 0x00, 0x7C, 0x00, 0x00, 0x00, 0x00, 0x00, 0x00, 
0x00, 0x00, 0x00, 0x00, 0x00, 0x00, 0x00, 0x00, 0x22, 0x00, 0x00, 0x00, 0x00, 0x00, 0x07, 0x00, 
0x84, 0x49, 0x01, 0x00, 0x00, 0x00, 0x00, 0x00, 0x00, 0x00, 0x00, 0x00, 0x00, 0x00, 0x00, 0x00, 
0x2D, 0x00, 0x00, 0x00, 0x00, 0x00, 0x07, 0x00, 0x04, 0x05, 0x01, 0x00, 0x00, 0x00, 0x00, 0x00, 
0x00, 0x00, 0x00, 0x00, 0x00, 0x00, 0x00, 0x00, 0x53, 0x00, 0x00, 0x00, 0x00, 0x02, 0x08, 0x00, 
0x18, 0x5F, 0x01, 0x00, 0x00, 0x00, 0x00, 0x00, 0x00, 0x00, 0x00, 0x00, 0x00, 0x00, 0x00, 0x00, 
0x38, 0x00, 0x00, 0x00, 0x12, 0x03, 0x07, 0x00, 0x00, 0x25, 0x00, 0x00, 0x00, 0x00, 0x00, 0x00, 
0x00, 0x00, 0x00, 0x00, 0x00, 0x00, 0x00, 0x00, 0x44, 0x00, 0x00, 0x00, 0x11, 0x00, 0x06, 0x00, 
0x80, 0x14, 0x00, 0x00, 0x00, 0x00, 0x00, 0x00, 0x40, 0x00, 0x00, 0x00, 0x00, 0x00, 0x00, 0x00, 
0x00, 0x2E, 0x6E, 0x6F, 0x74, 0x65, 0x00, 0x2E, 0x64, 0x79, 0x6E, 0x73, 0x79, 0x6D, 0x00, 0x2E, 
0x67, 0x6E, 0x75, 0x2E, 0x68, 0x61, 0x73, 0x68, 0x00, 0x2E, 0x68, 0x61, 0x73, 0x68, 0x00, 0x2E, 
0x64, 0x79, 0x6E, 0x73, 0x74, 0x72, 0x00, 0x2E, 0x72, 0x6F, 0x64, 0x61, 0x74, 0x61, 0x00, 0x2E, 
0x74, 0x65, 0x78, 0x74, 0x00, 0x2E, 0x64, 0x79, 0x6E, 0x61, 0x6D, 0x69, 0x63, 0x00, 0x2E, 0x72, 
0x65, 0x6C, 0x72, 0x6F, 0x5F, 0x70, 0x61, 0x64, 0x64, 0x69, 0x6E, 0x67, 0x00, 0x2E, 0x63, 0x6F, 
0x6D, 0x6D, 0x65, 0x6E, 0x74, 0x00, 0x2E, 0x73, 0x79, 0x6D, 0x74, 0x61, 0x62, 0x00, 0x2E, 0x73, 
0x68, 0x73, 0x74, 0x72, 0x74, 0x61, 0x62, 0x00, 0x2E, 0x73, 0x74, 0x72, 0x74, 0x61, 0x62, 0x00, 
0x00, 0x6C, 0x61, 0x62, 0x65, 0x6C, 0x5F, 0x32, 0x36, 0x45, 0x33, 0x00, 0x6C, 0x61, 0x62, 0x65, 
0x6C, 0x5F, 0x32, 0x36, 0x45, 0x30, 0x00, 0x6C, 0x61, 0x62, 0x65, 0x6C, 0x5F, 0x31, 0x35, 0x43, 
0x30, 0x00, 0x6C, 0x61, 0x62, 0x65, 0x6C, 0x5F, 0x34, 0x39, 0x32, 0x31, 0x00, 0x6C, 0x61, 0x62, 
0x65, 0x6C, 0x5F, 0x33, 0x38, 0x30, 0x31, 0x00, 0x6B, 0x65, 0x72, 0x6E, 0x65, 0x6C, 0x5F, 0x66, 
0x75, 0x6E, 0x63, 0x00, 0x6B, 0x65, 0x72, 0x6E, 0x65, 0x6C, 0x5F, 0x66, 0x75, 0x6E, 0x63, 0x2E, 
0x6B, 0x64, 0x00, 0x5F, 0x44, 0x59, 0x4E, 0x41, 0x4D, 0x49, 0x43, 0x00, 0x00, 0x00, 0x00, 0x00, 
0x00, 0x00, 0x00, 0x00, 0x00, 0x00, 0x00, 0x00, 0x00, 0x00, 0x00, 0x00, 0x00, 0x00, 0x00, 0x00, 
0x00, 0x00, 0x00, 0x00, 0x00, 0x00, 0x00, 0x00, 0x00, 0x00, 0x00, 0x00, 0x00, 0x00, 0x00, 0x00, 
0x00, 0x00, 0x00, 0x00, 0x00, 0x00, 0x00, 0x00, 0x00, 0x00, 0x00, 0x00, 0x00, 0x00, 0x00, 0x00, 
0x00, 0x00, 0x00, 0x00, 0x00, 0x00, 0x00, 0x00, 0x00, 0x00, 0x00, 0x00, 0x00, 0x00, 0x00, 0x00, 
0x01, 0x00, 0x00, 0x00, 0x07, 0x00, 0x00, 0x00, 0x02, 0x00, 0x00, 0x00, 0x00, 0x00, 0x00, 0x00, 
0x00, 0x02, 0x00, 0x00, 0x00, 0x00, 0x00, 0x00, 0x00, 0x02, 0x00, 0x00, 0x00, 0x00, 0x00, 0x00, 
0xB0, 0x11, 0x00, 0x00, 0x00, 0x00, 0x00, 0x00, 0x00, 0x00, 0x00, 0x00, 0x00, 0x00, 0x00, 0x00, 
0x04, 0x00, 0x00, 0x00, 0x00, 0x00, 0x00, 0x00, 0x00, 0x00, 0x00, 0x00, 0x00, 0x00, 0x00, 0x00, 
0x07, 0x00, 0x00, 0x00, 0x0B, 0x00, 0x00, 0x00, 0x02, 0x00, 0x00, 0x00, 0x00, 0x00, 0x00, 0x00, 
0xB0, 0x13, 0x00, 0x00, 0x00, 0x00, 0x00, 0x00, 0xB0, 0x13, 0x00, 0x00, 0x00, 0x00, 0x00, 0x00, 
0x48, 0x00, 0x00, 0x00, 0x00, 0x00, 0x00, 0x00, 0x05, 0x00, 0x00, 0x00, 0x01, 0x00, 0x00, 0x00, 
0x08, 0x00, 0x00, 0x00, 0x00, 0x00, 0x00, 0x00, 0x18, 0x00, 0x00, 0x00, 0x00, 0x00, 0x00, 0x00, 
0x0F, 0x00, 0x00, 0x00, 0xF6, 0xFF, 0xFF, 0x6F, 0x02, 0x00, 0x00, 0x00, 0x00, 0x00, 0x00, 0x00, 
0xF8, 0x13, 0x00, 0x00, 0x00, 0x00, 0x00, 0x00, 0xF8, 0x13, 0x00, 0x00, 0x00, 0x00, 0x00, 0x00, 
0x24, 0x00, 0x00, 0x00, 0x00, 0x00, 0x00, 0x00, 0x02, 0x00, 0x00, 0x00, 0x00, 0x00, 0x00, 0x00, 
0x08, 0x00, 0x00, 0x00, 0x00, 0x00, 0x00, 0x00, 0x00, 0x00, 0x00, 0x00, 0x00, 0x00, 0x00, 0x00, 
0x19, 0x00, 0x00, 0x00, 0x05, 0x00, 0x00, 0x00, 0x02, 0x00, 0x00, 0x00, 0x00, 0x00, 0x00, 0x00, 
0x1C, 0x14, 0x00, 0x00, 0x00, 0x00, 0x00, 0x00, 0x1C, 0x14, 0x00, 0x00, 0x00, 0x00, 0x00, 0x00, 
0x20, 0x00, 0x00, 0x00, 0x00, 0x00, 0x00, 0x00, 0x02, 0x00, 0x00, 0x00, 0x00, 0x00, 0x00, 0x00, 
0x04, 0x00, 0x00, 0x00, 0x00, 0x00, 0x00, 0x00, 0x04, 0x00, 0x00, 0x00, 0x00, 0x00, 0x00, 0x00, 
0x1F, 0x00, 0x00, 0x00, 0x03, 0x00, 0x00, 0x00, 0x02, 0x00, 0x00, 0x00, 0x00, 0x00, 0x00, 0x00, 
0x3C, 0x14, 0x00, 0x00, 0x00, 0x00, 0x00, 0x00, 0x3C, 0x14, 0x00, 0x00, 0x00, 0x00, 0x00, 0x00, 
0x1C, 0x00, 0x00, 0x00, 0x00, 0x00, 0x00, 0x00, 0x00, 0x00, 0x00, 0x00, 0x00, 0x00, 0x00, 0x00, 
0x01, 0x00, 0x00, 0x00, 0x00, 0x00, 0x00, 0x00, 0x00, 0x00, 0x00, 0x00, 0x00, 0x00, 0x00, 0x00, 
0x27, 0x00, 0x00, 0x00, 0x01, 0x00, 0x00, 0x00, 0x02, 0x00, 0x00, 0x00, 0x00, 0x00, 0x00, 0x00, 
0x80, 0x14, 0x00, 0x00, 0x00, 0x00, 0x00, 0x00, 0x80, 0x14, 0x00, 0x00, 0x00, 0x00, 0x00, 0x00, 
0x40, 0x00, 0x00, 0x00, 0x00, 0x00, 0x00, 0x00, 0x00, 0x00, 0x00, 0x00, 0x00, 0x00, 0x00, 0x00, 
0x40, 0x00, 0x00, 0x00, 0x00, 0x00, 0x00, 0x00, 0x00, 0x00, 0x00, 0x00, 0x00, 0x00, 0x00, 0x00, 
0x2F, 0x00, 0x00, 0x00, 0x01, 0x00, 0x00, 0x00, 0x06, 0x00, 0x00, 0x00, 0x00, 0x00, 0x00, 0x00, 
0x00, 0x25, 0x00, 0x00, 0x00, 0x00, 0x00, 0x00, 0x00, 0x15, 0x00, 0x00, 0x00, 0x00, 0x00, 0x00, 
0x14, 0x2A, 0x01, 0x00, 0x00, 0x00, 0x00, 0x00, 0x00, 0x00, 0x00, 0x00, 0x00, 0x00, 0x00, 0x00, 
0x00, 0x01, 0x00, 0x00, 0x00, 0x00, 0x00, 0x00, 0x00, 0x00, 0x00, 0x00, 0x00, 0x00, 0x00, 0x00, 
0x35, 0x00, 0x00, 0x00, 0x06, 0x00, 0x00, 0x00, 0x03, 0x00, 0x00, 0x00, 0x00, 0x00, 0x00, 0x00, 
0x18, 0x5F, 0x01, 0x00, 0x00, 0x00, 0x00, 0x00, 0x18, 0x3F, 0x01, 0x00, 0x00, 0x00, 0x00, 0x00, 
0x70, 0x00, 0x00, 0x00, 0x00, 0x00, 0x00, 0x00, 0x05, 0x00, 0x00, 0x00, 0x00, 0x00, 0x00, 0x00, 
0x08, 0x00, 0x00, 0x00, 0x00, 0x00, 0x00, 0x00, 0x10, 0x00, 0x00, 0x00, 0x00, 0x00, 0x00, 0x00, 
0x3E, 0x00, 0x00, 0x00, 0x08, 0x00, 0x00, 0x00, 0x03, 0x00, 0x00, 0x00, 0x00, 0x00, 0x00, 0x00, 
0x88, 0x5F, 0x01, 0x00, 0x00, 0x00, 0x00, 0x00, 0x88, 0x3F, 0x01, 0x00, 0x00, 0x00, 0x00, 0x00, 
0x78, 0x00, 0x00, 0x00, 0x00, 0x00, 0x00, 0x00, 0x00, 0x00, 0x00, 0x00, 0x00, 0x00, 0x00, 0x00, 
0x01, 0x00, 0x00, 0x00, 0x00, 0x00, 0x00, 0x00, 0x00, 0x00, 0x00, 0x00, 0x00, 0x00, 0x00, 0x00, 
0x4D, 0x00, 0x00, 0x00, 0x01, 0x00, 0x00, 0x00, 0x30, 0x00, 0x00, 0x00, 0x00, 0x00, 0x00, 0x00, 
0x00, 0x00, 0x00, 0x00, 0x00, 0x00, 0x00, 0x00, 0x88, 0x3F, 0x01, 0x00, 0x00, 0x00, 0x00, 0x00, 
0xAF, 0x00, 0x00, 0x00, 0x00, 0x00, 0x00, 0x00, 0x00, 0x00, 0x00, 0x00, 0x00, 0x00, 0x00, 0x00, 
0x01, 0x00, 0x00, 0x00, 0x00, 0x00, 0x00, 0x00, 0x01, 0x00, 0x00, 0x00, 0x00, 0x00, 0x00, 0x00, 
0x56, 0x00, 0x00, 0x00, 0x02, 0x00, 0x00, 0x00, 0x00, 0x00, 0x00, 0x00, 0x00, 0x00, 0x00, 0x00, 
0x00, 0x00, 0x00, 0x00, 0x00, 0x00, 0x00, 0x00, 0x38, 0x40, 0x01, 0x00, 0x00, 0x00, 0x00, 0x00, 
0xD8, 0x00, 0x00, 0x00, 0x00, 0x00, 0x00, 0x00, 0x0D, 0x00, 0x00, 0x00, 0x07, 0x00, 0x00, 0x00, 
0x08, 0x00, 0x00, 0x00, 0x00, 0x00, 0x00, 0x00, 0x18, 0x00, 0x00, 0x00, 0x00, 0x00, 0x00, 0x00, 
0x5E, 0x00, 0x00, 0x00, 0x03, 0x00, 0x00, 0x00, 0x00, 0x00, 0x00, 0x00, 0x00, 0x00, 0x00, 0x00, 
0x00, 0x00, 0x00, 0x00, 0x00, 0x00, 0x00, 0x00, 0x10, 0x41, 0x01, 0x00, 0x00, 0x00, 0x00, 0x00, 
0x70, 0x00, 0x00, 0x00, 0x00, 0x00, 0x00, 0x00, 0x00, 0x00, 0x00, 0x00, 0x00, 0x00, 0x00, 0x00, 
0x01, 0x00, 0x00, 0x00, 0x00, 0x00, 0x00, 0x00, 0x00, 0x00, 0x00, 0x00, 0x00, 0x00, 0x00, 0x00, 
0x68, 0x00, 0x00, 0x00, 0x03, 0x00, 0x00, 0x00, 0x00, 0x00, 0x00, 0x00, 0x00, 0x00, 0x00, 0x00, 
0x00, 0x00, 0x00, 0x00, 0x00, 0x00, 0x00, 0x00, 0x80, 0x41, 0x01, 0x00, 0x00, 0x00, 0x00, 0x00, 
0x5C, 0x00, 0x00, 0x00, 0x00, 0x00, 0x00, 0x00, 0x00, 0x00, 0x00, 0x00, 0x00, 0x00, 0x00, 0x00, 
0x01, 0x00, 0x00, 0x00, 0x00, 0x00, 0x00, 0x00, 0x00, 0x00, 0x00, 0x00, 0x00, 0x00, 0x00, 0x00};
